Organisation Name,Town/City,County,Type & Rating,Route
Abba Father Evangelical Ministry,MILTON KEYNES,Buckinghamshire,Temporary Worker (A rating),Charity Worker
Abdullah Aid,London,,Temporary Worker (A rating),Charity Worker
Aberdeen Cyrenians Limited,Aberdeen,,Temporary Worker (A rating),Charity Worker
Aberdeen Multicultural Centre SCIO,Aberdeen,,Temporary Worker (A rating),Charity Worker
Abernethy Trust,Nethy Bridge,Inverness-shire,Temporary Worker (A rating),Charity Worker
Abertridwr Community Church,Caerphilly,Caerphilly,Temporary Worker (A rating),Charity Worker
Abingdon School,Abingdon,Oxon,Temporary Worker (A rating),Charity Worker
Above Bar Church,Southampton,Hampshire,Temporary Worker (A rating),Charity Worker
Ackworth School,Pontefract,West Yorkshire,Temporary Worker (A rating),Charity Worker
ACLI (CHRISTIAN ASSOCIATION OF ITALIAN WORKERS),LONDON,,Temporary Worker (A rating),Charity Worker
"Action for Health, Education and Disability (AHEAD) International",Birmingham,West Midlands,Temporary Worker (A rating),Charity Worker
Action for Humanity,Salford,,Temporary Worker (A rating),Charity Worker
Action Reconciliation Service for Peace,Sidmouth,Devon,Temporary Worker (A rating),Charity Worker
ACTIONPLUS FOUNDATION,LONDON,,Temporary Worker (A rating),Charity Worker
AD-DUHA FOUNDATION,BIRMINGHAM,,Temporary Worker (A rating),Charity Worker
ADAB,Bury,,Temporary Worker (A rating),Charity Worker
Adam Mosque & Dawah Academy,Birmingham,,Temporary Worker (A rating),Charity Worker
Aegis Trust,Nottingham,Nottinghamshire,Temporary Worker (A rating),Charity Worker
Afghanistan and Central Asian Association (ACAA),Feltham,,Temporary Worker (A rating),Charity Worker
AFRICA ADVOCACY FOUNDATION,London,Greater London,Temporary Worker (A rating),Charity Worker
AFRICAN ARTS AND ADVICE CENTRE,London,,Temporary Worker (A rating),Charity Worker
African Centre for Development and Research,Brighton,East Sussex,Temporary Worker (A rating),Charity Worker
Afrika Tikkun UK,Egham,Surrey,Temporary Worker (A rating),Charity Worker
AFRO INNOVATION GROUP,LEICESTER,LEICESTERSHIRE,Temporary Worker (A rating),Charity Worker
AG Worldwide Missions,Aberdare,,Temporary Worker (A rating),Charity Worker
AGAPE CHRISTIAN ASSEMBLY,LUTON,,Temporary Worker (A rating),Charity Worker
Agape Family Ministries,Birmingham,,Temporary Worker (A rating),Charity Worker
Agape Ministries Ltd,Birmingham,,Temporary Worker (A rating),Charity Worker
Age NI,Belfast,,Temporary Worker (A rating),Charity Worker
Age UK Lambeth,LONDON,Greater London,Temporary Worker (A rating),Charity Worker
Age UK Stockport,Stockport,,Temporary Worker (A rating),Charity Worker
Agoe Empowerment Network CIO,LONDON,WANDSWORTH,Temporary Worker (A rating),Charity Worker
Ahava Community,Romford,London,Temporary Worker (A rating),Charity Worker
Ahmadiyya Muslim Association United Kingdom,London,,Temporary Worker (A rating),Charity Worker
Ahmadiyya Muslim Jamaat International,Wimbledon,London,Temporary Worker (A rating),Charity Worker
Aid4Action,Manchester,,Temporary Worker (A rating),Charity Worker
AIESEC UK Ltd,London,,Temporary Worker (A rating),Charity Worker
Ainon Baptist Church,Cardiff,Cardiff,Temporary Worker (A rating),Charity Worker
AL AMAAN EDUCATION TRUST,LONDON,,Temporary Worker (A rating),Charity Worker
Al Arqam,Luton,,Temporary Worker (A rating),Charity Worker
AL FAJR FOUNDATION SCOTLAND UK (SCIO),GLASGOW,,Temporary Worker (A rating),Charity Worker
Al Mustafa Trust International,Rotherham,,Temporary Worker (A rating),Charity Worker
Al Mustafa Welfare Trust International Ltd,Brentford,,Temporary Worker (A rating),Charity Worker
Al Tijarah Foundation,Manchester,,Temporary Worker (A rating),Charity Worker
Al Wahab Foundation,Middlesex,,Temporary Worker (A rating),Charity Worker
Al-Baraka Welfare Trust International,Birmingham,,Temporary Worker (A rating),Charity Worker
AL-HUDA ACADEMY,BOLTON,,Temporary Worker (A rating),Charity Worker
Al-Hurraya,Nottingham,,Temporary Worker (A rating),Charity Worker
AL-IKHLAS CULTURE AND EDUCATION CENTRE,Cardiff,,Temporary Worker (A rating),Charity Worker
Al-Imdaad Foundation UK,BLACKBURN,LANCASHIRE,Temporary Worker (A rating),Charity Worker
AL-MADAD TRUST,Nottingham,,Temporary Worker (A rating),Charity Worker
AL-MAHDI FOUNDATION,GLASGOW,GLASGOW,Temporary Worker (A rating),Charity Worker
Al-Mahdi Institute,Birmingham,West Midlands,Temporary Worker (A rating),Charity Worker
Al-Maryam,Manchester,,Temporary Worker (A rating),Charity Worker
Aldro School Educational Trust Limited,Godalming,Surrey,Temporary Worker (A rating),Charity Worker
ALEX ACHEAMPONG FOUNDATION,BASIGNSTOKE,,Temporary Worker (A rating),Charity Worker
Alfalaah Scotland,Glasgow,,Temporary Worker (A rating),Charity Worker
Alfanar,LONDON,,Temporary Worker (A rating),Charity Worker
All For Christ International Ministry,Reading,Berkshire,Temporary Worker (A rating),Charity Worker
All Nations Christian College,London,,Temporary Worker (A rating),Charity Worker
All Nations Church,Cardiff,,Temporary Worker (A rating),Charity Worker
All Nations Church Swansea,Swansea,Wales,Temporary Worker (A rating),Charity Worker
ALL NATIONS REVIVAL EVANGELISTIC MINISTRIES,GRAVESEND,,Temporary Worker (A rating),Charity Worker
All Saints Church,Woodford Green,Essex,Temporary Worker (A rating),Charity Worker
All Souls Church,London,London,Temporary Worker (A rating),Charity Worker
Alliance Francaise Cambridge,Cambridge,Cambridgshire,Temporary Worker (A rating),Charity Worker
Alliance Francaise d'Oxford,Oxford,,Temporary Worker (A rating),Charity Worker
Alliance Francaise de Glasgow,Glasgow,,Temporary Worker (A rating),Charity Worker
Alliance Francaise de Manchester,Manchester,Greater Manchester,Temporary Worker (A rating),Charity Worker
Alpha International,London,,Temporary Worker (A rating),Charity Worker
Alridha Foundation,London,,Temporary Worker (A rating),Charity Worker
Alternatives Trust East London,London,,Temporary Worker (A rating),Charity Worker
Alubadia Orphanage,Halifax,,Temporary Worker (A rating),Charity Worker
Amana Trust,Romford,Essex,Temporary Worker (A rating),Charity Worker
Ambassadors Football (Ireland),Richhill,Armagh,Temporary Worker (A rating),Charity Worker
Ambassadors Football Limited,Bolton,Lancs,Temporary Worker (A rating),Charity Worker
Ambitious about Autism,London,,Temporary Worker (A rating),Charity Worker
Amersham School,Amersham,,Temporary Worker (A rating),Charity Worker
"Amnesty International, International Secretariat",London,,Temporary Worker (A rating),Charity Worker
Ampleforth Abbey and College,York,North Yorkshire,Temporary Worker (A rating),Charity Worker
AMS,Cupar,,Temporary Worker (A rating),Charity Worker
ANGELLITE,NORTHAMPTON,,Temporary Worker (A rating),Charity Worker
"ANGLICAN MISSIONARY CONGREGATIONS (AMC) MOSTON,(A.K.A AMC-IMMANUEL CHURCH MOSTON) CIO",Manchester,,Temporary Worker (A rating),Charity Worker
Anglican Missionary Congregations(AMC) Headquarters(A.K.A AMC-Church of Restoration Manchester UK),Manchester,,Temporary Worker (A rating),Charity Worker
Anne Shine Charity UK,Middlesex,,Temporary Worker (A rating),Charity Worker
Anoopam Mission,Denham,,Temporary Worker (A rating),Charity Worker
ANTIOCH COMMUNITY CHURCH,SHEFFIELD,,Temporary Worker (A rating),Charity Worker
Antioch Community Trust,Acton,London,Temporary Worker (A rating),Charity Worker
Apostolic Faith Mission UK,London,Southwark,Temporary Worker (A rating),Charity Worker
Archdiocese of Glasgow,Glasgow,,Temporary Worker (A rating),Charity Worker
Archdiocese of St Andrews & Edinburgh,EDINBURGH,,Temporary Worker (A rating),Charity Worker
ARK Resettlement Services,London,,Temporary Worker (A rating),Charity Worker
Artbox London,London,,Temporary Worker (A rating),Charity Worker
ARTCORE LIMITED,Derby,,Temporary Worker (A rating),Charity Worker
ARTICLE 19,London,,Temporary Worker (A rating),Charity Worker
ARTification,London,Greater London,Temporary Worker (A rating),Charity Worker
Ashanti Akim Community Organisation,Harlow,,Temporary Worker (A rating),Charity Worker
Ashburnham Christian Trust,Battle,East Sussex,Temporary Worker (A rating),Charity Worker
Ashton Central Mosque Charitable Trust,Ashton-Under-Lyne,Lancashire,Temporary Worker (A rating),Charity Worker
AsiaLink,Northwich,Cheshire,Temporary Worker (A rating),Charity Worker
Asian Social and Humanitarian Association,London,,Temporary Worker (A rating),Charity Worker
ASSISTPLUS,Bristol,South Gloucestershire,Temporary Worker (A rating),Charity Worker
ATD Fourth World Ltd,London,,Temporary Worker (A rating),Charity Worker
ATHULA DASSANA MULTI-CULTURAL BUDDHIST COMMUNITY CENTRE,FELTHAM,,Temporary Worker (A rating),Charity Worker
Audacious Church,Salford,,Temporary Worker (A rating),Charity Worker
B.J.O Amara Association,Glasgow,Scotland,Temporary Worker (A rating),Charity Worker
BABA BUDHA JI EDUCATIONAL TRUST,PETERBOROUGH,,Temporary Worker (A rating),Charity Worker
Babraham Institute,Cambridge,Cambridgeshire,Temporary Worker (A rating),Charity Worker
Backwell School,Backwell,,Temporary Worker (A rating),Charity Worker
Baitul Mukarram Mosque Trust,Leicester,,Temporary Worker (A rating),Charity Worker
BANGLADESHI ISLAMIC CULTURAL SOCIETY,CLEETHORPES,LINCOLNSHIRE,Temporary Worker (A rating),Charity Worker
BAPS Swaminarayan Sanstha,London,,Temporary Worker (A rating),Charity Worker
Baptist Missionary Society,Didcot,Oxfordshire,Temporary Worker (A rating),Charity Worker
BARAKAH AID,BLACKBURN,,Temporary Worker (A rating),Charity Worker
Barca-Leeds,Leeds,England - Yorkshire and the Humber,Temporary Worker (A rating),Charity Worker
Barnard Castle School,Barnard Castle,County Durham,Temporary Worker (A rating),Charity Worker
Baseera,London,,Temporary Worker (A rating),Charity Worker
Bath Abbey PCC,Bath,,Temporary Worker (A rating),Charity Worker
Bath Islamic Society Ltd.,Bath,Somerset,Temporary Worker (A rating),Charity Worker
BCM International,Kilsyth,North Lanarkshire,Temporary Worker (A rating),Charity Worker
Beannachar Ltd,Aberdeen,,Temporary Worker (A rating),Charity Worker
BECONTREE HEATH ISLAMIC SOCIETY (DAGENHAM CENTRAL MASJID) LTD,DAGENHAM,ESSEX,Temporary Worker (A rating),Charity Worker
Bedales School,Petersfield,Hampshire,Temporary Worker (A rating),Charity Worker
Belarus Free Theatre,London,,Temporary Worker (A rating),Charity Worker
Belfast City Vineyard Church,Belfast,Co Down,Temporary Worker (A rating),Charity Worker
Belfast School of Theology,Belfast,,Temporary Worker (A rating),Charity Worker
Belhaven Hill School Trust,Dunbar,East Lothian,Temporary Worker (A rating),Charity Worker
Bernard Leach (St. Ives) Trust Ltd,St. Ives,Cornwall,Temporary Worker (A rating),Charity Worker
BEST COMMUNITY CHARITY,Leicester,,Temporary Worker (A rating),Charity Worker
Betel of Britain,Aston,Birmingham,Temporary Worker (A rating),Charity Worker
Beth Chatto Education Trust,Colchester,,Temporary Worker (A rating),Charity Worker
Bethany School Ltd,Tonbridge,Kent,Temporary Worker (A rating),Charity Worker
Bhakt Bhakti aur Bhagwan Ashram UK,Ilford,Essex,Temporary Worker (A rating),Charity Worker
Binti International,Weybridge,Surrey,Temporary Worker (A rating),Charity Worker
BIRDLIFE INTERNATIONAL,CAMBRIDGE,EAST ANGLIA,Temporary Worker (A rating),Charity Worker
Birmingham Buddhist Vihara Trust,Birmingham,West Midlands,Temporary Worker (A rating),Charity Worker
Birmingham Christian College,Birmingham,,Temporary Worker (A rating),Charity Worker
Birmingham Repertory Theatre Ltd,Birmingham,,Temporary Worker (A rating),Charity Worker
Birmingham Zion Church of the Nazarene,Birmingham,,Temporary Worker (A rating),Charity Worker
Birtley Community Church,Chester-le-Street,,Temporary Worker (A rating),Charity Worker
Bishops' Conference of Scotland,Airdrie,,Temporary Worker (A rating),Charity Worker
BLACKBURN U K TRUST,BLACKBURN,,Temporary Worker (A rating),Charity Worker
Blackthorn Trust,Maidstone,Kent,Temporary Worker (A rating),Charity Worker
Blank Canvas,Redcar,,Temporary Worker (A rating),Charity Worker
Blast Theory,Brighton,East Sussex,Temporary Worker (A rating),Charity Worker
BNJC,Hove,East Sussex,Temporary Worker (A rating),Charity Worker
Bodhisattva Kadampa Meditation Centre,Hove,East Susssex,Temporary Worker (A rating),Charity Worker
BODY OF CHRIST EVANGELICAL CHURCH,GRAVESEND,,Temporary Worker (A rating),Charity Worker
BOLTON COMMUNITY EDUCATIONAL TRUST,Bolton,,Temporary Worker (A rating),Charity Worker
Books To Africa International,Canterbury,Kent,Temporary Worker (A rating),Charity Worker
Boroughmuir Rugby Community and Sports Club,EDINBURGH,,Temporary Worker (A rating),Charity Worker
Bracknell Islamic Cultural Society,Bracknell,,Temporary Worker (A rating),Charity Worker
Brahma Kumaris World Spiritual University (UK),London,,Temporary Worker (A rating),Charity Worker
Brambletye School Trust Limited,East Grinstead,West Sussex,Temporary Worker (A rating),Charity Worker
BRANDON CENTRE FOR COUNSELLING AND PSYCHOTHERAPY FOR YOUNG PEOPLE,London,Kentish Town,Temporary Worker (A rating),Charity Worker
BREAKFORTH EVANGELICAL CHURCH AND MINISTRY,GREATER MANCHESTER,GREATER MANCHESTER,Temporary Worker (A rating),Charity Worker
Brighton College,Brighton,East Sussex,Temporary Worker (A rating),Charity Worker
Brighton YMCA,Brighton,East Sussex,Temporary Worker (A rating),Charity Worker
British Asian Trust,London,,Temporary Worker (A rating),Charity Worker
BRITISH BANGLA WELFARE TRUST,London,,Temporary Worker (A rating),Charity Worker
British Friends of Neve Shalom-Wahat al-Salam,Edgware,Middx,Temporary Worker (A rating),Charity Worker
British Library,London,,Temporary Worker (A rating),Charity Worker
British Olympic Foundation,London,,Temporary Worker (A rating),Charity Worker
British Red Cross,London,,Temporary Worker (A rating),Charity Worker
British Trust for Ornithology,Thetford,Norfolk,Temporary Worker (A rating),Charity Worker
British Union Conference of Seventh-Day Adventists,Watford,,Temporary Worker (A rating),Charity Worker
British Youth for Christ,Brierley Hill,West Midlands,Temporary Worker (A rating),Charity Worker
Bruton School For Girls,Bruton,Somerset,Temporary Worker (A rating),Charity Worker
Buddhist Community Centre Letchworth,Arlesey,Bedfordshire,Temporary Worker (A rating),Charity Worker
Buddhist Community Centre UK (BCCUK),Aldershot,,Temporary Worker (A rating),Charity Worker
BUDDHIST GUMBA READING UK,WOKINGHAM,BERKSHIRE,Temporary Worker (A rating),Charity Worker
Building lives (UK) Ltd,Birmingham,,Temporary Worker (A rating),Charity Worker
Business & Human Rights Resource Centre,London,,Temporary Worker (A rating),Charity Worker
CAC SKILLS DEVELOPMENT CENTRE,CUMBERNAULD,,Temporary Worker (A rating),Charity Worker
Cairn Movement,Glasgow,,Temporary Worker (A rating),Charity Worker
Caistor Grammar School,Market Rasen,Lincolnshire,Temporary Worker (A rating),Charity Worker
Caius House,London,London,Temporary Worker (A rating),Charity Worker
Calderwood Baptist Church,East Kilbride,South Lanarkshire,Temporary Worker (A rating),Charity Worker
Caldicott Trust Ltd,Farnham Royal,Bucks,Temporary Worker (A rating),Charity Worker
CALVARY ASSEMBLY INTERNATIONAL,essex,,Temporary Worker (A rating),Charity Worker
Calvary Chapel Exeter,Exeter,Devon,Temporary Worker (A rating),Charity Worker
Calvary Chapel Hastings Limited,St Leonards on Sea,East Sussex,Temporary Worker (A rating),Charity Worker
Calvary Chapel York,York,North Yorkshire,Temporary Worker (A rating),Charity Worker
Calvary Christian Fellowship Silksworth,Sunderland,,Temporary Worker (A rating),Charity Worker
Calvary Deliverance Ministries,Sheffield,,Temporary Worker (A rating),Charity Worker
CALVARY INTERNATIONAL CHRISTIAN CENTRE,LEEDS,WEST YORKSHIRE,Temporary Worker (A rating),Charity Worker
Cambridge Cyrenians,CAMBRIDGE,,Temporary Worker (A rating),Charity Worker
CAMDEN COMMUNITY FOOTBALL AND SPORTS ASSOCIATION,London,,Temporary Worker (A rating),Charity Worker
Camp XL,Whitbourne,,Temporary Worker (A rating),Charity Worker
Campbell College,Belfast,,Temporary Worker (A rating),Charity Worker
Camphill Blair Drummond Trust Ltd,Stirling,Scotland,Temporary Worker (A rating),Charity Worker
Camphill Community Clanabogan,Omagh,,Temporary Worker (A rating),Charity Worker
Camphill Community Glencraig,Holywood,,Temporary Worker (A rating),Charity Worker
Camphill Community Holywood,Holywood,Down,Temporary Worker (A rating),Charity Worker
Camphill Community Mourne Grange,Kilkeel,,Temporary Worker (A rating),Charity Worker
Camphill Devon Community Ltd,Buckfastleigh,Devon,Temporary Worker (A rating),Charity Worker
Camphill Milton Keynes Communities,Milton Keynes,,Temporary Worker (A rating),Charity Worker
Camphill Rudolf Steiner Schools Limited,Aberdeen,,Temporary Worker (A rating),Charity Worker
Camphill Shared Lives Communities Ltd.,Whitby,North Yorkshire,Temporary Worker (A rating),Charity Worker
Cancer Care Diaspora,Manchester,,Temporary Worker (A rating),Charity Worker
Cancer Research UK,London,,Temporary Worker (A rating),Charity Worker
Canterbury Cathedral,Canterbury,Kent,Temporary Worker (A rating),Charity Worker
Canvas (Birmingham),Birmingham,,Temporary Worker (A rating),Charity Worker
Capernwray Missionary Fellowship of Torchbearers,Carnforth,Lancashire,Temporary Worker (A rating),Charity Worker
CAPITAL TRAINING AND DEVELOPMENT NETWORK,London,,Temporary Worker (A rating),Charity Worker
Caramel Rock,London,,Temporary Worker (A rating),Charity Worker
Cargilfield School,Edinburgh,,Temporary Worker (A rating),Charity Worker
CARING AND SHARING -ROCHDALE,ROCHDALE,,Temporary Worker (A rating),Charity Worker
CARING FOR HUMANITY,Bedford,,Temporary Worker (A rating),Charity Worker
Caring For Life,Leeds,West Yorkshire,Temporary Worker (A rating),Charity Worker
CARMELITE PRIORY - OXFORD (The Friends of Whitefriars Oxford Trust),Oxford,Oxfordshire,Temporary Worker (A rating),Charity Worker
Carrickfergus Gateway Trust,Carrickfergus,County Antrim,Temporary Worker (A rating),Charity Worker
CASTLEMERE COMMUNITY CENTRE,ROCHDALE,,Temporary Worker (A rating),Charity Worker
CCC AYOMIDE PARISH,DAGENHAM,ESSEX,Temporary Worker (A rating),Charity Worker
CCC CHURCH OF CHRIST SIDCUP KENT PARISH,ORPINGTON,,Temporary Worker (A rating),Charity Worker
CCC New Jerusalem Ministries,Bermondsey,London,Temporary Worker (A rating),Charity Worker
Cede Foundation,Manchester,,Temporary Worker (A rating),Charity Worker
Celestial Church Beulah Wonderful Parish,Woolich London,,Temporary Worker (A rating),Charity Worker
Celestial Church of Christ Aduragbemi (Power of Prayer) Parish,LONDON,,Temporary Worker (A rating),Charity Worker
CELESTIAL CHURCH OF CHRIST AMAZING GRACE PARISH,New Addington,Croydon,Temporary Worker (A rating),Charity Worker
CELESTIAL CHURCH OF CHRIST CLAPHAM PARISH TABERNACLE OF LIBERATION,LONDON,,Temporary Worker (A rating),Charity Worker
CELESTIAL CHURCH OF CHRIST LIVING WORD MINISTRIES,LONDON,,Temporary Worker (A rating),Charity Worker
Celestial Church of Christ Revelation of Hope Parish,London,,Temporary Worker (A rating),Charity Worker
Celestial Church Of Christ Victory Land Parish,Huddersfield,,Temporary Worker (A rating),Charity Worker
Celestial Church Of Christ. Salvation Ark Parish,MANCHESTER,LANCASHIRE,Temporary Worker (A rating),Charity Worker
CELESTIAL CHURCH OF CHRISTILERI OLUWA PARISH MANCHESTER,MANCHESTER,,Temporary Worker (A rating),Charity Worker
Center on Long-term Risk,London,,Temporary Worker (A rating),Charity Worker
Centre 61 Ministries,Newcastle,Down,Temporary Worker (A rating),Charity Worker
Centre For Enabling EA Learning & Research,Blackpool,Lancashire,Temporary Worker (A rating),Charity Worker
Centre for Global Education,Belfast,Antrim,Temporary Worker (A rating),Charity Worker
Centre for Osteopathic Research and Excellence,London,,Temporary Worker (A rating),Charity Worker
Centre for Sustainable Healthcare,Oxford,,Temporary Worker (A rating),Charity Worker
Centre for the Advancement of Development and Human Rights T/A CAD-HR,London,,Temporary Worker (A rating),Charity Worker
Centro Familiar Vida Nueva Londres,LONDON,,Temporary Worker (A rating),Charity Worker
CET-C FOR WOMEN,KENT,,Temporary Worker (A rating),Charity Worker
CFOR,London,,Temporary Worker (A rating),Charity Worker
Chabad NE London and Essex,Gants Hill,Essex,Temporary Worker (A rating),Charity Worker
Chain of Hope,London,,Temporary Worker (A rating),Charity Worker
Chapel of His Glory,Glasgow,,Temporary Worker (A rating),Charity Worker
Charismatic Evangelistic Ministry UK,HARLOW,Essex,Temporary Worker (A rating),Charity Worker
Charity of the Bernardine Sisters,Stroud,,Temporary Worker (A rating),Charity Worker
CHARITY RIGHT,Bradford,,Temporary Worker (A rating),Charity Worker
Charterhouse,Godalming,Surrey,Temporary Worker (A rating),Charity Worker
Chase Family Church,Enfield,London,Temporary Worker (A rating),Charity Worker
Cheam School Educational Trust,Thatcham,Berkshire,Temporary Worker (A rating),Charity Worker
Cheerful Heart,Gloucester,,Temporary Worker (A rating),Charity Worker
Chelmsford County High School,Chelmsford,Essex,Temporary Worker (A rating),Charity Worker
Cheltenham College,Cheltenham,Gloucestershire,Temporary Worker (A rating),Charity Worker
Cherwell College Oxford Ltd,Oxford,Oxfordshire,Temporary Worker (A rating),Charity Worker
Children of Fire International,Pinner,,Temporary Worker (A rating),Charity Worker
CHINA NEXT FOUNDATION,Richmond,,Temporary Worker (A rating),Charity Worker
Chinese Alliance Churches Union (UK),Manchester,Lancashire,Temporary Worker (A rating),Charity Worker
Chinese Overseas Christian Mission,Milton Keynes,,Temporary Worker (A rating),Charity Worker
"Christ Apostolic Church - House of Prayer, Glasgow",Glasgow,Glasgow,Temporary Worker (A rating),Charity Worker
CHRIST APOSTOLIC CHURCH GLORIOUS ASSEMBLY,WEST BROMWICH,,Temporary Worker (A rating),Charity Worker
Christ Apostolic Church God is Love.,Purfleet,Essex,Temporary Worker (A rating),Charity Worker
CHRIST APOSTOLIC CHURCH INTERNATIONAL MIRACLE CENTRE,LONDON,,Temporary Worker (A rating),Charity Worker
CHRIST APOSTOLIC CHURCH KINGSREALM,MIDDLESBROUGH,,Temporary Worker (A rating),Charity Worker
CHRIST APOSTOLIC CHURCH NEW TESTAMENT ASSEMBLY,LUTON,,Temporary Worker (A rating),Charity Worker
CHRIST APOSTOLIC CHURCH PILGRIMS TABERNACLE,LONDON,,Temporary Worker (A rating),Charity Worker
CHRIST APOSTOLIC CHURCH THRONE OF GRACE AND MERCY,LONDON,,Temporary Worker (A rating),Charity Worker
CHRIST APOSTOLIC CHURCH WONDERS ASSEMBLY,DARTFORD,KENT,Temporary Worker (A rating),Charity Worker
Christ Apostolic Church Word of His Grace,Bedfordshire,,Temporary Worker (A rating),Charity Worker
CHRIST APOSTOLIC CHURCH-HOUSE OF GLORY MISSION INTERNATIONAL,CROYDON,SURRY,Temporary Worker (A rating),Charity Worker
Christ Church Birmingham,Birmingham,West Midlands,Temporary Worker (A rating),Charity Worker
Christ Church Fulwood,Sheffield,,Temporary Worker (A rating),Charity Worker
CHRIST CHURCH INTERNATIONAL,KENT,ENGLAND,Temporary Worker (A rating),Charity Worker
Christ Church Liverpool,Liverpool,Merseyside,Temporary Worker (A rating),Charity Worker
Christ Church Southampton CIO,Southampton,Hants,Temporary Worker (A rating),Charity Worker
Christ Church Spitalfields,London,County (optional),Temporary Worker (A rating),Charity Worker
CHRIST CHURCH WORKSOP & ST LUKES SHIREOAKS PCC,Worksop,Nottinghamshire,Temporary Worker (A rating),Charity Worker
"Christ Church, Exmouth",Exmouth,Devon,Temporary Worker (A rating),Charity Worker
Christ College,Brecon,Powys,Temporary Worker (A rating),Charity Worker
Christ Community Ministries,London,,Temporary Worker (A rating),Charity Worker
Christ Exalted Church,Wellingborough,,Temporary Worker (A rating),Charity Worker
Christ Healing Evangelical Church,Glasgow,,Temporary Worker (A rating),Charity Worker
Christ Kingdom Ministres,London,,Temporary Worker (A rating),Charity Worker
CHRIST MIRACLE CHURCH MISSION BOURNEMOUTH ( VICTORY ASSEMBLY),Bournemouth,DORSET,Temporary Worker (A rating),Charity Worker
CHRIST THE MESSIAHS PENTECOSTAL CHURCH,london,,Temporary Worker (A rating),Charity Worker
CHRIST UNIVERSAL IMPACT OUTREACH MINISTRIES,ELTHAM,,Temporary Worker (A rating),Charity Worker
ChristChurch,London,,Temporary Worker (A rating),Charity Worker
Christian Aid,London,,Temporary Worker (A rating),Charity Worker
Christian Associates Network,Glasgow,Glasgow (City of),Temporary Worker (A rating),Charity Worker
Christian Endeavour Holiday Centres Ltd,Coventry,West Midlands,Temporary Worker (A rating),Charity Worker
CHRISTIAN FAITH CENTRE INTERNATIONAL MINISTRIES,BIRMINGHAM,,Temporary Worker (A rating),Charity Worker
CHRISTIAN FAITH MINISTRIES FELLOWSHIP,Croydon,,Temporary Worker (A rating),Charity Worker
Christian International Theological College,Edinburgh,Midlothian,Temporary Worker (A rating),Charity Worker
Christian Life Church,Hereford,Herefordshire,Temporary Worker (A rating),Charity Worker
Christian Spiritual Warfare Ministry,London,,Temporary Worker (A rating),Charity Worker
Christians in Sport,Bicester,Oxfordshire,Temporary Worker (A rating),Charity Worker
Christina Noble Children's Foundation,Harrow,Middlesex,Temporary Worker (A rating),Charity Worker
Church of England Central Services,London,,Temporary Worker (A rating),Charity Worker
Church of the Nazarene British Isles South District BISD,Ashton-under-Lyne,,Temporary Worker (A rating),Charity Worker
Church or Fabric Estate,Salisbury,wiltshire,Temporary Worker (A rating),Charity Worker
Churchcentral Trust,Birmingham,West Midlands,Temporary Worker (A rating),Charity Worker
City Church Birmingham,Birmingham,West Midlands,Temporary Worker (A rating),Charity Worker
City Life Church,Portsmouth,Hampshire,Temporary Worker (A rating),Charity Worker
City Of God Christian Centre,Newcastle upon Tyne,,Temporary Worker (A rating),Charity Worker
CITY OF PRAISE INTL MINISTRIES,BROMLEY,,Temporary Worker (A rating),Charity Worker
City on a Hill,Edinburgh,,Temporary Worker (A rating),Charity Worker
City Year UK,London,,Temporary Worker (A rating),Charity Worker
CLC International (UK),Sandycroft,Deeside,Temporary Worker (A rating),Charity Worker
Clifton College,Bristol,,Temporary Worker (A rating),Charity Worker
Clothe and Feed,newcastle upon tyne,Tyne and Wear,Temporary Worker (A rating),Charity Worker
CMC Pensarn Harbour,Llanbedr,Gwynedd,Temporary Worker (A rating),Charity Worker
Coaching for Christ Ltd.,122 Broughshane Street,Antrim,Temporary Worker (A rating),Charity Worker
Coastlands,Barry,Vale of Glamorgan,Temporary Worker (A rating),Charity Worker
Coastline Vineyard Church,Bournemouth,Dorset,Temporary Worker (A rating),Charity Worker
Coleg Llanymddyfri Cymru,Llandovery,Carmarthenshire,Temporary Worker (A rating),Charity Worker
Comfort International,Cumbernauld,North Lanarkshire,Temporary Worker (A rating),Charity Worker
Community Care Initiative,milton keynes,,Temporary Worker (A rating),Charity Worker
Community Church of God,Tottenham,London,Temporary Worker (A rating),Charity Worker
Community Church Putney,Putney,London,Temporary Worker (A rating),Charity Worker
Community Church Warndon,Worcester,,Temporary Worker (A rating),Charity Worker
Community Environmental Trust,BIRMINGHAM,,Temporary Worker (A rating),Charity Worker
Community of the Risen Christ,Glasgow,,Temporary Worker (A rating),Charity Worker
Community relief foundation,birmingham,,Temporary Worker (A rating),Charity Worker
COMUNIDAD DE LA DIVINA MISERICORDIA,LONDON,,Temporary Worker (A rating),Charity Worker
Concordia (UK) Ltd,Brighton,East Sussex,Temporary Worker (A rating),Charity Worker
Concordis International Trust,London,,Temporary Worker (A rating),Charity Worker
Connect Talent CIO,Salford,,Temporary Worker (A rating),Charity Worker
Connected Lives,London,,Temporary Worker (A rating),Charity Worker
Corbenic Camphill Community,Dunkeld,Perthshire,Temporary Worker (A rating),Charity Worker
Cornerstone Church Portsmouth,Southsea,Hampshire,Temporary Worker (A rating),Charity Worker
Cornerstone City Church,L'Derry,L'Derry,Temporary Worker (A rating),Charity Worker
Cornerstone Collective of Churches,Liverpool,Merseyside,Temporary Worker (A rating),Charity Worker
CORNERSTONE GLOBAL MINISTRIES,SOUTHAMPTON,,Temporary Worker (A rating),Charity Worker
Corrymeela Community,Ballycastle,,Temporary Worker (A rating),Charity Worker
COVENANT RESTORATION CHAPEL INTERNATIONAL,READING,,Temporary Worker (A rating),Charity Worker
Covent Garden Dragon Hall Trust,London,Greater London,Temporary Worker (A rating),Charity Worker
Coventry Diocesan Board of Finance,Coventry,,Temporary Worker (A rating),Charity Worker
Craig Lodge Trust,Dalmally,Argyll,Temporary Worker (A rating),Charity Worker
Cranbrook School,Cranbrook,Kent,Temporary Worker (A rating),Charity Worker
Crawfordsburn Scout Centre,Bangor,County Down,Temporary Worker (A rating),Charity Worker
Creating New Beginnings Charity,Wembley,Middx,Temporary Worker (A rating),Charity Worker
Creation Fest Limited,Wadebridge,Cornwall,Temporary Worker (A rating),Charity Worker
CRiBS Charitable Trust,Bexleyheath,,Temporary Worker (A rating),Charity Worker
CROOKSTON COMMUNITY GROUP (SCIO Registered),Glasgow,,Temporary Worker (A rating),Charity Worker
Cross Mission,Luton,,Temporary Worker (A rating),Charity Worker
Crown Jesus Ministries,Belfast,Co Antrim,Temporary Worker (A rating),Charity Worker
Culford School,Bury St. Edmunds,Suffolk,Temporary Worker (A rating),Charity Worker
Cyrenians,Edinburgh,,Temporary Worker (A rating),Charity Worker
DA' WATUL ISLAM UK & EIRE LIMITED,London,,Temporary Worker (A rating),Charity Worker
Darul Uloom Azizia Hussainia,London,Greater London,Temporary Worker (A rating),Charity Worker
Daughters of Mary Help of Christians,Liverpool,,Temporary Worker (A rating),Charity Worker
Daughters of Mary Mother of Mercy,London,,Temporary Worker (A rating),Charity Worker
Daughters of Our Lady of Providence,Alton,Hants,Temporary Worker (A rating),Charity Worker
DEEN TRUST INTERNATIONAL LIMITED,NOTTINGHAM,,Temporary Worker (A rating),Charity Worker
Dennistoun Baptist Church SCIO,Glasgow,,Temporary Worker (A rating),Charity Worker
Denstone College,Uttoxeter,Staffs,Temporary Worker (A rating),Charity Worker
Destiny Africa Community,Coventry,,Temporary Worker (A rating),Charity Worker
Destiny International Christian Assembly,London,,Temporary Worker (A rating),Charity Worker
Destiny Ministries,Glasgow,Scotland,Temporary Worker (A rating),Charity Worker
Development Aid from People to People UK,Northampton,,Temporary Worker (A rating),Charity Worker
Dhamma Centre (Colchester),Colchester,,Temporary Worker (A rating),Charity Worker
Dhammakaya International Society of the United Kingdom,Woking,Surrey,Temporary Worker (A rating),Charity Worker
Dhammakaya North United Kingdom,Tyne and Wear,,Temporary Worker (A rating),Charity Worker
DHEF,London,,Temporary Worker (A rating),Charity Worker
Diadem Ministries international -Diadem Church,LONDON,ROMFORD,Temporary Worker (A rating),Charity Worker
Diocese of Chelmsford,Chelmsford,Essex,Temporary Worker (A rating),Charity Worker
Diocese of Norwich,Easton,norfolk,Temporary Worker (A rating),Charity Worker
Diorama Arts Centre,London,,Temporary Worker (A rating),Charity Worker
DISABLE TRAINING & ACCOMMODATION SERVICES LTD,London,,Temporary Worker (A rating),Charity Worker
Diverse Youth NI,Belfast,Antrim,Temporary Worker (A rating),Charity Worker
Doctors of the World,London,London,Temporary Worker (A rating),Charity Worker
Dollar Academy,Dollar,,Temporary Worker (A rating),Charity Worker
DOMINION PROPHETIC OUTREACH MINISTRIES,ABBEYWOOD,LONDON,Temporary Worker (A rating),Charity Worker
DORSET ISLAMIC CULTURAL ASSOCIATION T/A Poole Mosque,Poole,,Temporary Worker (A rating),Charity Worker
Dorset Mind,Bournemouth,,Temporary Worker (A rating),Charity Worker
Dorset Opera,DORCHESTER,Dorset,Temporary Worker (A rating),Charity Worker
Dover College,Dover,Kent,Temporary Worker (A rating),Charity Worker
Down Syndrome International,Exmouth,Devon,Temporary Worker (A rating),Charity Worker
Downham Baptist Church,Bromley,,Temporary Worker (A rating),Charity Worker
DPI - Democratic Progress Institute,London,,Temporary Worker (A rating),Charity Worker
Dragon School Trust Ltd,Oxford,Oxfordshire,Temporary Worker (A rating),Charity Worker
Drop Inn Ministries,Armagh,Armagh,Temporary Worker (A rating),Charity Worker
Drumduan School,Forres,,Temporary Worker (A rating),Charity Worker
Eagle's Nest Ministry,Kent,,Temporary Worker (A rating),Charity Worker
Earlesfield Community Church,Grantham,Lincolnshire,Temporary Worker (A rating),Charity Worker
Early Years - the organisation for young children,Belfast,,Temporary Worker (A rating),Charity Worker
Early Years Organisation,Belfast,Antrim,Temporary Worker (A rating),Charity Worker
east and west aid,wolverhampton,,Temporary Worker (A rating),Charity Worker
East Anglian Schools Trust Ltd,Wickham Market,Suffolk,Temporary Worker (A rating),Charity Worker
East Belfast Mission,Belfast,County Down,Temporary Worker (A rating),Charity Worker
East Midlands Christian Fellowships,Derby,DERBYS,Temporary Worker (A rating),Charity Worker
East-London Buddhist Cultural - Centre,London,,Temporary Worker (A rating),Charity Worker
Eastbourne College,Eastbourne,East Sussex,Temporary Worker (A rating),Charity Worker
"Ecclesiastical Parish of St Peter's-in-the-forest, Walthamstow",LONDON,,Temporary Worker (A rating),Charity Worker
Eden Trust,St Austell,Cornwall,Temporary Worker (A rating),Charity Worker
Edge Grove School Trust Ltd,Aldenham Village,,Temporary Worker (A rating),Charity Worker
Edinburgh Chinese Christian Church,EDINBURGH,SCOTLAND,Temporary Worker (A rating),Charity Worker
Edinburgh Community Food,Edinburgh,,Temporary Worker (A rating),Charity Worker
Edinburgh International Book Festival,Edinburgh,,Temporary Worker (A rating),Charity Worker
Effective Ventures Foundation (UK),Oxford,Oxfordshire,Temporary Worker (A rating),Charity Worker
Effingham Schools Trust,Dorking,Surrey,Temporary Worker (A rating),Charity Worker
Ekklesia Hull,Kingston Upon Hull,Hull,Temporary Worker (A rating),Charity Worker
EL-BETHEL MISSION,Birmingham,England,Temporary Worker (A rating),Charity Worker
Elam Ministries,Surrey,,Temporary Worker (A rating),Charity Worker
Elidyr Communities Trust,Llandovery,Carmarthenshire,Temporary Worker (A rating),Charity Worker
ELIEZERTZ,York,North Yorkshire,Temporary Worker (A rating),Charity Worker
Elim Foursquare Gospel Alliance,West Malvern,Worcestershire,Temporary Worker (A rating),Charity Worker
ELIM TAMIL MINISTRIES,Harlow,Essex,Temporary Worker (A rating),Charity Worker
Elstree School,Reading,Berkshire,Temporary Worker (A rating),Charity Worker
Eltham College,London,,Temporary Worker (A rating),Charity Worker
Emerson College Trust Ltd.,Forest Row,East Sussex,Temporary Worker (A rating),Charity Worker
EMMANUEL CELEBRATION CENTRE,HAYES,,Temporary Worker (A rating),Charity Worker
Emmanuel Church,London,Surrey,Temporary Worker (A rating),Charity Worker
Emmanuel Church Droitwich,Droitwich,Worcestershire,Temporary Worker (A rating),Charity Worker
"Emmanuel Church, Wimbledon",London,,Temporary Worker (A rating),Charity Worker
Emmaus Cambridge,Cambridge,Cambridgeshire,Temporary Worker (A rating),Charity Worker
"Empire of God Father, Son and The Holy Spirit Ministries",Burton-on-Trent,Staffordshire,Temporary Worker (A rating),Charity Worker
Empower Global T/A Family Church,Portsmouth,Hampshire,Temporary Worker (A rating),Charity Worker
Empowering Deaf Society,Essex,,Temporary Worker (A rating),Charity Worker
ENABLE Scotland,Glasgow,North Lanarkshire,Temporary Worker (A rating),Charity Worker
English PEN,London,,Temporary Worker (A rating),Charity Worker
Epsom College,Epsom,Surrey,Temporary Worker (A rating),Charity Worker
Equa Multi Academy Trust,DEVIZES,,Temporary Worker (A rating),Charity Worker
Equippers Church,Weybridge,Surrey,Temporary Worker (A rating),Charity Worker
Equippers Church Swindon,Swindon,Wiltshire,Temporary Worker (A rating),Charity Worker
ESS Education and Support Services,Langport,Somerset,Temporary Worker (A rating),Charity Worker
ETERNAL COVENANT MINISTRIES OUTREACH,Barking,,Temporary Worker (A rating),Charity Worker
ETON COLLEGE,NR WINDSOR,BERKSHIRE,Temporary Worker (A rating),Charity Worker
EURO RELIEF,"Birmingham,","West Midlands,",Temporary Worker (A rating),Charity Worker
Europa School UK,Abingdon,Oxfordshire,Temporary Worker (A rating),Charity Worker
European Outreach Trust,Acton,London,Temporary Worker (A rating),Charity Worker
Eurythmy UK Ltd,East Grinstead,West Sussex,Temporary Worker (A rating),Charity Worker
Euston Church,London,London,Temporary Worker (A rating),Charity Worker
Evangelical Church Winning All (ECWA)  Chapel of Investment,BIRMINGHAM,WEST MIDLANDS,Temporary Worker (A rating),Charity Worker
Evangelical Lutheran Church of England,Cambridge,,Temporary Worker (A rating),Charity Worker
Every Little Helps C.I.C working name of Nationwide Care Solutions Charity,Birmingham,West Midlands,Temporary Worker (A rating),Charity Worker
Every Nation London,London,,Temporary Worker (A rating),Charity Worker
Exodus Trust,Lisburn,,Temporary Worker (A rating),Charity Worker
Fairways Accommodation Support Trust,Chatham,Kent,Temporary Worker (A rating),Charity Worker
Faith In Christ Christian Ministries,Stalybridge,,Temporary Worker (A rating),Charity Worker
Faith Regen Foundation,London,,Temporary Worker (A rating),Charity Worker
FaithLife Centre Ministries,Manchester,,Temporary Worker (A rating),Charity Worker
Faizan e Madina Rochdale,Rochdale,,Temporary Worker (A rating),Charity Worker
Faizan-e-Islam Edecational and CulturalTrusCentre,Manchester,,Temporary Worker (A rating),Charity Worker
Faizan-e-Madina Accrington,Accrington,Lancashire,Temporary Worker (A rating),Charity Worker
Faizan-e-Madina Bradford,Bradford,,Temporary Worker (A rating),Charity Worker
Faizan-e-Madina Slough,Slough,Berkshire,Temporary Worker (A rating),Charity Worker
Faizan-e-Madina Stechford,Birmingham,,Temporary Worker (A rating),Charity Worker
Family Unit Trust,Manchester,Greater Manchester,Temporary Worker (A rating),Charity Worker
FareShare Midlands,Leicestershire,,Temporary Worker (A rating),Charity Worker
Fareshare Yorkshire,Barnsley,South Yorkshire,Temporary Worker (A rating),Charity Worker
Farleigh Hospice,Essex,,Temporary Worker (A rating),Charity Worker
Farleigh School,Andover,Hampshire,Temporary Worker (A rating),Charity Worker
Farmland Reserve (UK) Limited,Huntingdon,Cambridgeshire,Temporary Worker (A rating),Charity Worker
Faynuus Hope Community,London,,Temporary Worker (A rating),Charity Worker
Fellowship of Churches of Christ,Birmingham,,Temporary Worker (A rating),Charity Worker
Fighting Words Northern Ireland,Belfast,,Temporary Worker (A rating),Charity Worker
Food for All Africa UK,South Ockendon,,Temporary Worker (A rating),Charity Worker
FOREST GATE CENTRAL MASJID,FOREST GATE,,Temporary Worker (A rating),Charity Worker
Forest Peoples Programme,Moreton-in-Marsh,Gloucestershire,Temporary Worker (A rating),Charity Worker
FORKANIA EDUCATION & CULTURAL CENTRE,Southall,,Temporary Worker (A rating),Charity Worker
Forthspring Inter Community Group,BELFAST,,Temporary Worker (A rating),Charity Worker
Forum for the Future,London,London,Temporary Worker (A rating),Charity Worker
Foundation Matters,Barrow on Trent,Derbyshire,Temporary Worker (A rating),Charity Worker
Framlingham College,Framlingham,Suffolk,Temporary Worker (A rating),Charity Worker
Franciscan Servants of Mary Trust,London,Wembley,Temporary Worker (A rating),Charity Worker
Free Church of Scotland,Edinburgh,,Temporary Worker (A rating),Charity Worker
Free Presbyterian Church of Scotland,Glasgow,,Temporary Worker (A rating),Charity Worker
FREEDOM ARK TRUST,LONDON,London,Temporary Worker (A rating),Charity Worker
Freedom Church,Hereford,,Temporary Worker (A rating),Charity Worker
Freedom Church Hereford,Hereford,,Temporary Worker (A rating),Charity Worker
Frensham Heights School,Farnham,Surrey,Temporary Worker (A rating),Charity Worker
Friends For All Project,Glasgow,,Temporary Worker (A rating),Charity Worker
Friends International Ministries,Oxford,,Temporary Worker (A rating),Charity Worker
FRUGAL EMPOWERMENT FOUNDATION,London,,Temporary Worker (A rating),Charity Worker
Fullness Of Christ For All Nations,Birmingham,Hockley,Temporary Worker (A rating),Charity Worker
Gaia House Trust,Newton Abbot,Devon,Temporary Worker (A rating),Charity Worker
Game and Wildlife Conservation Trust,Fordingbridge,Hampshire,Temporary Worker (A rating),Charity Worker
Garden of Grace Church of God,London,London,Temporary Worker (A rating),Charity Worker
Gate Church International SCIO,Dundee,,Temporary Worker (A rating),Charity Worker
Gates of Praise International Christian Centre,Grays,,Temporary Worker (A rating),Charity Worker
Gateshead International Ministries,Ferndown,Dorset,Temporary Worker (A rating),Charity Worker
Gateway Church,Leeds,West Yorkshire,Temporary Worker (A rating),Charity Worker
Gateway Church Swindon,Swindon,Wiltshire,Temporary Worker (A rating),Charity Worker
"Gateway Church, Caerphilly",Caerphilly,Mid Glamorgan,Temporary Worker (A rating),Charity Worker
Gateway Salvation Church,Gravesend,Kent,Temporary Worker (A rating),Charity Worker
GATWICK BANGLADESHI ISLAMIC AND COMMUNITY ASSOCIATION,Horley,Surrey,Temporary Worker (A rating),Charity Worker
Gen Zeal,Sale,Manchester,Temporary Worker (A rating),Charity Worker
Gendros Baptist Church,Swansea,West Glamorgan,Temporary Worker (A rating),Charity Worker
Genisys ARCt,Birmingham,West Midlands,Temporary Worker (A rating),Charity Worker
Genome Research Limited,Cambridge,,Temporary Worker (A rating),Charity Worker
George Heriot's Trust,Edinburgh,,Temporary Worker (A rating),Charity Worker
George Watson's College,EDINBURGH,,Temporary Worker (A rating),Charity Worker
GERALD ARTHUR ROLPH FOUNDATION FOR HISTORIC AND EDUCTION,Knaresborough,England,Temporary Worker (A rating),Charity Worker
German School Association Limited,Surrey,,Temporary Worker (A rating),Charity Worker
German YMCA,London,,Temporary Worker (A rating),Charity Worker
Get Golfing Head office,Ash,Kent,Temporary Worker (A rating),Charity Worker
GFA World,Peterborough,,Temporary Worker (A rating),Charity Worker
Ghurki Trust Teaching Hospital,Manchester,,Temporary Worker (A rating),Charity Worker
Giffnock Newton Mearns Synagogue,Glasgow,,Temporary Worker (A rating),Charity Worker
GIFT SUPPORT NETWORK,"LONDON,",Lambeth,Temporary Worker (A rating),Charity Worker
GIGGLESWICK SCHOOL,SETTLE,NORTH YORKSHIRE,Temporary Worker (A rating),Charity Worker
Gilfillan Memorial Church,Dundee,Tayside,Temporary Worker (A rating),Charity Worker
Girl Effect,London,,Temporary Worker (A rating),Charity Worker
Girlguiding UK,London,,Temporary Worker (A rating),Charity Worker
Girls' Education Co Ltd,High Wycombe,Bucks,Temporary Worker (A rating),Charity Worker
Glasgow Mena Cultural and Welfare Trust,Glasgow,,Temporary Worker (A rating),Charity Worker
Glasgow Women's Library Limited,Glasgow,,Temporary Worker (A rating),Charity Worker
Glenwood Church,Cardiff,,Temporary Worker (A rating),Charity Worker
Global Aid Trust,London,,Temporary Worker (A rating),Charity Worker
Global Diabetes Initiates,Birmingham,,Temporary Worker (A rating),Charity Worker
Global Family Care Network (SCIO),Falkirk,,Temporary Worker (A rating),Charity Worker
GLOBAL HARVEST MINISTRIES,Lewisham,,Temporary Worker (A rating),Charity Worker
GLOBAL IMPACT GIVING MINISTRIES,SOUTHAMPTON,HAMPSHIRE,Temporary Worker (A rating),Charity Worker
GLOBAL KIDNEY FOUNDATION,Birmingham,,Temporary Worker (A rating),Charity Worker
Global Outreach Ministries,London,,Temporary Worker (A rating),Charity Worker
Global Rahmah Foundation,Manchester,Greater Manchester,Temporary Worker (A rating),Charity Worker
Global Relief Trust,Birmingham,,Temporary Worker (A rating),Charity Worker
Global Schools Forum,London,,Temporary Worker (A rating),Charity Worker
Go Dharmic Welfare UK,London,London,Temporary Worker (A rating),Charity Worker
GoChurch Global Ltd,Manchester,,Temporary Worker (A rating),Charity Worker
God's Kingdom Society Church,Mitcham,,Temporary Worker (A rating),Charity Worker
God's Reconciliation Garden Ministry,Manchester,,Temporary Worker (A rating),Charity Worker
Godfirst Church Cheltenham,Cheltenham,Gloucestershire,Temporary Worker (A rating),Charity Worker
Golden Angel Foundation SCIO,Inverness,,Temporary Worker (A rating),Charity Worker
Good News Family Care (Homes) Ltd,Buxton,Derbyshire,Temporary Worker (A rating),Charity Worker
Goodnews Assemblies of God,Manchester,Lancashire,Temporary Worker (A rating),Charity Worker
GOODNEWS CHRISTIAN CENTRE,WALSALL,,Temporary Worker (A rating),Charity Worker
Govanhill Baths Community Trust,GLASGOW,,Temporary Worker (A rating),Charity Worker
Grace and Mercy UK,Smethwick,West Midlands,Temporary Worker (A rating),Charity Worker
Grace Church Cambridge,Cambridge,Cambridgeshire,Temporary Worker (A rating),Charity Worker
Grace Church Dulwich,London,,Temporary Worker (A rating),Charity Worker
Grace Church Greenwich,London,,Temporary Worker (A rating),Charity Worker
GRACE FAMILY ASSEMBLIES OF GOD (TAUNTON),TAUNTON,,Temporary Worker (A rating),Charity Worker
Grace International Foundation Liverpool,Liverpool,,Temporary Worker (A rating),Charity Worker
Grace to Grace International Centre,Essex,,Temporary Worker (A rating),Charity Worker
GRACELAND MINISTRIES INTERNATIONAL,Croydon,London,Temporary Worker (A rating),Charity Worker
GraceLife London,London,,Temporary Worker (A rating),Charity Worker
GraceStreams Church,Tipton,West Midlands,Temporary Worker (A rating),Charity Worker
Grampian Hospitals Art Trust,Aberdeen,,Temporary Worker (A rating),Charity Worker
Great Dixter Charitable Trust,Rye,East Sussex,Temporary Worker (A rating),Charity Worker
Great Minds Bright Futures,Bolton,,Temporary Worker (A rating),Charity Worker
Greater Europe Mission UK,Birmingham,,Temporary Worker (A rating),Charity Worker
Greater Evangelism World Crusade UK,Lewisham,London,Temporary Worker (A rating),Charity Worker
Grizedale Arts,Ulverston,Westmorland and Furness,Temporary Worker (A rating),Charity Worker
Growing2gether,Findhorn,Moray,Temporary Worker (A rating),Charity Worker
Gulzare Madina Islamic Welfare Trust,Northampton,,Temporary Worker (A rating),Charity Worker
GURDWARA DUKH NIRWARAN SAHIB,COVENTRY,,Temporary Worker (A rating),Charity Worker
Gurmat Gyan Roohani Mission UK,Letchworth,Hertfordshire,Temporary Worker (A rating),Charity Worker
Guru Maneyo Granth Gurdwara,Slough,Berkshire,Temporary Worker (A rating),Charity Worker
Guru Teg Bahadur Sikh Temple,Wolverhampton,West Midland,Temporary Worker (A rating),Charity Worker
Gurudwara Sri Guru Harkrishan Sahib,Manchester,,Temporary Worker (A rating),Charity Worker
Habitat for Humanity Ireland,Lisburn,Down,Temporary Worker (A rating),Charity Worker
HAFS ACADEMY TRUST,LONDON,,Temporary Worker (A rating),Charity Worker
Haji Suleman & Amina Jiva Charitable Trust,Bolton,,Temporary Worker (A rating),Charity Worker
Halo Project Charity,Middlesbrough,,Temporary Worker (A rating),Charity Worker
HAMMERSMITH ISLAMIC ASSOCIATION,London,England,Temporary Worker (A rating),Charity Worker
Hampshire County Scout Council,Southampton,Hampshire,Temporary Worker (A rating),Charity Worker
Hanuman Community Centre Trust,London,,Temporary Worker (A rating),Charity Worker
"HAPPY AND FREEDOM C,I,C.",BIRMINGHAM,West Midlands,Temporary Worker (A rating),Charity Worker
Haq Water for Life,Bradford,West Yorkshire,Temporary Worker (A rating),Charity Worker
Harbor Housing C.I.C,Bracknell,,Temporary Worker (A rating),Charity Worker
Harper Asprey Wildlife Rescue,Windlesham,Surrey,Temporary Worker (A rating),Charity Worker
Harrop HR Missions Ltd,Epsom,Surrey,Temporary Worker (A rating),Charity Worker
Harvest Ayr,Ayr,South Ayrshire,Temporary Worker (A rating),Charity Worker
Harvest Bible Chapel Glasgow,Glasgow,,Temporary Worker (A rating),Charity Worker
Harvest Vision Ltd,Moggerhanger,,Temporary Worker (A rating),Charity Worker
Harvester Reformational Church Birmingham,Birmingham,West Midlands,Temporary Worker (A rating),Charity Worker
HARVESTHOUSE CHRISTIAN CENTRE,BRISTOL,,Temporary Worker (A rating),Charity Worker
HASANAH AID,London,Stratford,Temporary Worker (A rating),Charity Worker
Hazlemere Parochial Church Council,"Hazlemere, High Wycombe",Buckinghamshire,Temporary Worker (A rating),Charity Worker
Hazrat Sultan Bahu Trust,Birmingham,,Temporary Worker (A rating),Charity Worker
Head of Grace Christian Network,North Shields,,Temporary Worker (A rating),Charity Worker
Headington School Oxford Ltd,Oxford,,Temporary Worker (A rating),Charity Worker
Heart Of Africa UK,Larkhall,,Temporary Worker (A rating),Charity Worker
HEFAZOTHE ISLAM UK,London,,Temporary Worker (A rating),Charity Worker
help aid,Birmingham,,Temporary Worker (A rating),Charity Worker
Hertfordshire County Scout Council,Borehamwood,Hertfordshire,Temporary Worker (A rating),Charity Worker
Herts & Essex Mosque & Islamic Cultural Centre,Hertfordshire,,Temporary Worker (A rating),Charity Worker
Hexham Community Church,Hexham,Northumberland,Temporary Worker (A rating),Charity Worker
Highway Hope Charity,Manchester,Manchester,Temporary Worker (A rating),Charity Worker
Hillfields Church Coventry,COVENTRY,West Midlands,Temporary Worker (A rating),Charity Worker
Hillingdon Borough Central Mosque & Community Services,Hayes,,Temporary Worker (A rating),Charity Worker
Hillsong Church London,London,,Temporary Worker (A rating),Charity Worker
Hindu Buddhist Cultural Association,Olney,,Temporary Worker (A rating),Charity Worker
HINDU CULTURAL ORGANISATION,LIVERPOOL,,Temporary Worker (A rating),Charity Worker
Hindu Cultural Society,Stoke on Trent,Staffordshire,Temporary Worker (A rating),Charity Worker
Hindu Swayamsevak Sangh (UK),Leicester,,Temporary Worker (A rating),Charity Worker
Hindu Temple Geeta Bhawan,Derby,,Temporary Worker (A rating),Charity Worker
His Church Charity,York,,Temporary Worker (A rating),Charity Worker
Hispanic Welfare Association,Southend on Sea,Essex,Temporary Worker (A rating),Charity Worker
HMD WELFARE LTD,Leeds,,Temporary Worker (A rating),Charity Worker
Holland House School,Edgware,,Temporary Worker (A rating),Charity Worker
Holmewood House School,Tunbridge Wells,Kent,Temporary Worker (A rating),Charity Worker
Holocaust Memorial Day Trust,London,County (optional),Temporary Worker (A rating),Charity Worker
Holy Metropolis Of Mercia And The British Isles,Birmingham,,Temporary Worker (A rating),Charity Worker
Holy Mission of Guru Nanak,London,,Temporary Worker (A rating),Charity Worker
Holy Nation Church,LONDON,,Temporary Worker (A rating),Charity Worker
Home Church Scotland,Kirkintilloch,East Dunbartonshire,Temporary Worker (A rating),Charity Worker
Homeless World Cup Foundation,Edinburgh,,Temporary Worker (A rating),Charity Worker
HOPE AMPLIFIED,GLASGOW,LANARKSHIRE,Temporary Worker (A rating),Charity Worker
Hope and Anchor Community Church,London,,Temporary Worker (A rating),Charity Worker
HOPE ASSEMBLY,LONDON,,Temporary Worker (A rating),Charity Worker
Hope Chapel,Bristol,Bristol,Temporary Worker (A rating),Charity Worker
Hope Church Orpington,"Orpington,",Kent,Temporary Worker (A rating),Charity Worker
Hope for the Poor and Needy (H-PAN),Manchester,,Temporary Worker (A rating),Charity Worker
Hose Baptist Church,Melton Mowbray,Leics.,Temporary Worker (A rating),Charity Worker
HOSPICE AT HOME WEST CUMBRIA,WORKINGTON,Cumbria,Temporary Worker (A rating),Charity Worker
Hospice in the Weald,Tunbridge Wells,Kent,Temporary Worker (A rating),Charity Worker
Hour of Grace Family Chapel International,Leeds,,Temporary Worker (A rating),Charity Worker
House of Empowerment International Ministry,Coventry,,Temporary Worker (A rating),Charity Worker
House of Liberty Ministry,Croydon,,Temporary Worker (A rating),Charity Worker
House of Praise Glasgow,Glasgow,Scotland,Temporary Worker (A rating),Charity Worker
House of the Open Door,Broadway,Worcestershire,Temporary Worker (A rating),Charity Worker
Human Aid & Advocacy,London,,Temporary Worker (A rating),Charity Worker
Human Appeal,Cheadle,,Temporary Worker (A rating),Charity Worker
Human Relief Foundation,Bradford,West Yorkshire,Temporary Worker (A rating),Charity Worker
HUMANIFY,BIRMINGHAM,,Temporary Worker (A rating),Charity Worker
Humanitarian Operations,London,,Temporary Worker (A rating),Charity Worker
HUMANITY CARE RELIEF,NELSON,Lancashire,Temporary Worker (A rating),Charity Worker
Hurstpierpoint College Ltd,Hassocks,,Temporary Worker (A rating),Charity Worker
I CAN Charity (Operating as Speech and Language UK),London,,Temporary Worker (A rating),Charity Worker
IASSIST NI,Belfast,Antrim,Temporary Worker (A rating),Charity Worker
Ibijoke Children Foundation UK,Liverpool,,Temporary Worker (A rating),Charity Worker
ICC Missions,Buckhurst Hill,Essex,Temporary Worker (A rating),Charity Worker
Idaara Maarif-e-Islam (Hussainia Mosque & Community Centre),Birmingham,West Midlands,Temporary Worker (A rating),Charity Worker
Identity Youth Project,Great Yarmouth,Norfolk,Temporary Worker (A rating),Charity Worker
IDIA'S COMMUNITY KITCHEN,London,essex,Temporary Worker (A rating),Charity Worker
IGREJA BATISTA EM MISSAO,London,,Temporary Worker (A rating),Charity Worker
IK Welfare Trust,Harbour Exchange,,Temporary Worker (A rating),Charity Worker
Ikhlas Education Centre Limited,Derby,Derbyshire,Temporary Worker (A rating),Charity Worker
Impact-Now,Northampton,,Temporary Worker (A rating),Charity Worker
IMS - SDA REFORM MOVEMENT,LONDON,,Temporary Worker (A rating),Charity Worker
Inclusion International,London,,Temporary Worker (A rating),Charity Worker
Independent Educational Association Ltd,London,,Temporary Worker (A rating),Charity Worker
Independent Jewish School Day School,London,,Temporary Worker (A rating),Charity Worker
INDUS EDUCATION FOUNDATION INTERNATIONAL,London,,Temporary Worker (A rating),Charity Worker
Initiative for the Advancement of Ethical Standard,Barking,Essex,Temporary Worker (A rating),Charity Worker
Inspire London Church,London,,Temporary Worker (A rating),Charity Worker
Institute for Strategic Dialogue,London,,Temporary Worker (A rating),Charity Worker
Institute of Development Studies,Brighton,E. Sussex,Temporary Worker (A rating),Charity Worker
Inter-Cultural Youth Exchange (ICYE-UK),London,,Temporary Worker (A rating),Charity Worker
Internal Fire Museum of Power,Tanygroes,Ceredigion,Temporary Worker (A rating),Charity Worker
International Breakthrough Ministries,Leicester,Leicestershire,Temporary Worker (A rating),Charity Worker
International China Concern,Newcastle on Tyne,,Temporary Worker (A rating),Charity Worker
International Education and Poverty Relief,Manchester,,Temporary Worker (A rating),Charity Worker
International Gospel Outreach,Northallerton,North Yorkshire,Temporary Worker (A rating),Charity Worker
International Institute for Environment and Development,London,,Temporary Worker (A rating),Charity Worker
International Justice Mission UK,London,,Temporary Worker (A rating),Charity Worker
International Lawyers Project,London,London,Temporary Worker (A rating),Charity Worker
International Learning Movement (ILM),Blackburn,,Temporary Worker (A rating),Charity Worker
International Organisation for Peace Building and Social Justice (PSJ) UK LTD,Hounslow,Middlesex,Temporary Worker (A rating),Charity Worker
International Praise Centre,London,,Temporary Worker (A rating),Charity Worker
International Service Fellowship Trust,Birmingham,,Temporary Worker (A rating),Charity Worker
INTERNATIONAL SIDDHASHRAM SHAKTI CENTRE,HARROW-WEALD,LONDON,Temporary Worker (A rating),Charity Worker
International Society for Krishna Consciousness (ISKCON),"Aldenham, Watford",Hertfordshire,Temporary Worker (A rating),Charity Worker
International Students House,London,,Temporary Worker (A rating),Charity Worker
International Teams UK Trust Ltd,"Corfe Mullen, Wimborne",,Temporary Worker (A rating),Charity Worker
International Voluntary Service (IVS GB),Edinburgh,,Temporary Worker (A rating),Charity Worker
IPFWORLDWIDE LIMITED,ILFORD,,Temporary Worker (A rating),Charity Worker
IQRA EDUCATIONAL & WELFARE TRUST LTD T/A Sapience Girls Academy,Oldham,,Temporary Worker (A rating),Charity Worker
IQRA WELFARE FORUM,MANCHESTER,,Temporary Worker (A rating),Charity Worker
Iris Prize Outreach Limited,CARDIFF,,Temporary Worker (A rating),Charity Worker
ISHA FOUNDATION,Slough,Berkshire,Temporary Worker (A rating),Charity Worker
Islamic Appeal,Essex,,Temporary Worker (A rating),Charity Worker
Islamic Community & Education Centre,Stourbrudge,,Temporary Worker (A rating),Charity Worker
Islamic Education Centre,Blackburn,Lancashire,Temporary Worker (A rating),Charity Worker
Islamic Help,Birmingham,West Midlands,Temporary Worker (A rating),Charity Worker
Islamic welfare foundation London,LONDON,,Temporary Worker (A rating),Charity Worker
Isle of Wight College,Newport,Isle of Wight,Temporary Worker (A rating),Charity Worker
Israeli Scouts Western Europe,London,,Temporary Worker (A rating),Charity Worker
J&C Soul CIC,London,Tower Hamlett,Temporary Worker (A rating),Charity Worker
J-Praise International,Glasgow,Lanarkshire,Temporary Worker (A rating),Charity Worker
Jain Network,LONDON,Barnet,Temporary Worker (A rating),Charity Worker
JALALIA SUNNI JAMI MASJID & ISLAMIC EDUCATION CENTRE,walsall,,Temporary Worker (A rating),Charity Worker
JAMIA DARUS SUNNAH LONDON,LONDON,,Temporary Worker (A rating),Charity Worker
Jamia Islamia (Islamic & Community Centre) Trust,Glasgow,,Temporary Worker (A rating),Charity Worker
Jamia Islamia Ghousia Trust,Luton,Beds,Temporary Worker (A rating),Charity Worker
JAMIATUL-ILM WAL-HUDA UK,BLACKBURN,LANCASHIRE,Temporary Worker (A rating),Charity Worker
Jamyang Buddhist Centre,London,,Temporary Worker (A rating),Charity Worker
Janith Homes Ltd,Walcott,Norfolk,Temporary Worker (A rating),Charity Worker
Jedidiah UK,Hertford,Hertfordshire,Temporary Worker (A rating),Charity Worker
Jehovah Evangelical Team (J.E.T.) C.C.C. Valley of Berachah parish,dartford,kent,Temporary Worker (A rating),Charity Worker
JESUS DECIPLES' COMMUNITY CHURCH,LONDON,,Temporary Worker (A rating),Charity Worker
JESUS GENERATION MINISTRIES UK,London,,Temporary Worker (A rating),Charity Worker
Jesus House for All Nations,London,,Temporary Worker (A rating),Charity Worker
"Jesus House Torry, Aberdeen",Aberdeen,,Temporary Worker (A rating),Charity Worker
Jesus Power House Ministries Limited,Ilford,,Temporary Worker (A rating),Charity Worker
Jesus Youth UK,Sheffield,,Temporary Worker (A rating),Charity Worker
Jewins women2women Ltd,Witney,,Temporary Worker (A rating),Charity Worker
Jewish Council of Scotland,Glasgow,,Temporary Worker (A rating),Charity Worker
Jewish Futures Trust Ltd,London,,Temporary Worker (A rating),Charity Worker
JNF,London,,Temporary Worker (A rating),Charity Worker
John G. Lake Ministries UK & IE,Oxford,Oxfordshire,Temporary Worker (A rating),Charity Worker
Journey Community Church,Antrim,Antrim,Temporary Worker (A rating),Charity Worker
Jubilee Church Maidstone,Maidstone,Kent,Temporary Worker (A rating),Charity Worker
JUST HELP FOUNDATION,Hyde,,Temporary Worker (A rating),Charity Worker
JUSTICE,London,,Temporary Worker (A rating),Charity Worker
Kamyabi,Nottingham,,Temporary Worker (A rating),Charity Worker
Karimia Institute,Nottingham,,Temporary Worker (A rating),Charity Worker
KASHMIR DEVELOPMENT FOUNDATION LTD,Rochdale,Lancashire,Temporary Worker (A rating),Charity Worker
Kayd Somali Arts and Culture,London,E2 6HG,Temporary Worker (A rating),Charity Worker
Kenelm Youth Trust,Alton,Staffordshire,Temporary Worker (A rating),Charity Worker
KENT SRI LANKAN BUDDHIST CULTURAL CENTRE,Sidcup,Kent,Temporary Worker (A rating),Charity Worker
Kerygma180,Brentford,Middlesex,Temporary Worker (A rating),Charity Worker
KEYWEST FOUNDATION,BRISTOL,AVON,Temporary Worker (A rating),Charity Worker
Khadim Ul Quran Trust,Ilford,,Temporary Worker (A rating),Charity Worker
Khalsa Aid International,Taplow,Maidenhead,Temporary Worker (A rating),Charity Worker
KHALSA CENTRE,TOOTING,LONDON,Temporary Worker (A rating),Charity Worker
KHAYRAAT TRUST,Chadwell Heath,Essex,Temporary Worker (A rating),Charity Worker
KHIDMAH ACADEMY,LONDON,,Temporary Worker (A rating),Charity Worker
Khoja Shia Ithna-Asheri Muslim Community of Birmingham,Birmingham,West Midlands,Temporary Worker (A rating),Charity Worker
KICK LONDON,Surrey,,Temporary Worker (A rating),Charity Worker
Kids Operating Room,Edinburgh,Edinburgh,Temporary Worker (A rating),Charity Worker
Kimbolton School,Huntingdon,Cambs,Temporary Worker (A rating),Charity Worker
King Alfred School,London,,Temporary Worker (A rating),Charity Worker
King Edward VI School Lichfield,Lichfield,Staffordshire,Temporary Worker (A rating),Charity Worker
King's Arms Trust (Bedford),Bedford,Bedfordshire,Temporary Worker (A rating),Charity Worker
King's Church International,Windsor,Berkshire,Temporary Worker (A rating),Charity Worker
King's College School,Wimbledon,London,Temporary Worker (A rating),Charity Worker
King's Cross Korean Church,SUTTON,SURREY,Temporary Worker (A rating),Charity Worker
King's School Bruton,Bruton,Somerset,Temporary Worker (A rating),Charity Worker
"King's School, Rochester",Rochester,Kent,Temporary Worker (A rating),Charity Worker
Kingdom Advance Network,Burton on Trent,Staffordshire,Temporary Worker (A rating),Charity Worker
Kingdom Empowerment Ministries International Fellowship,Manchester,Manchester,Temporary Worker (A rating),Charity Worker
KINGDOM FELLOWSHIP,BOLTON,LANCASHIRE,Temporary Worker (A rating),Charity Worker
Kingdom Heritage Christian Fellowship,Croydon,,Temporary Worker (A rating),Charity Worker
KINGDOM MANDATE CENTRE,Manchester,,Temporary Worker (A rating),Charity Worker
KINGSLEY HALL CHURCH AND COMMUNITY CENTRE,Dagenham,Essex,Temporary Worker (A rating),Charity Worker
Kingswood School,Bath,,Temporary Worker (A rating),Charity Worker
know Africa CIO,manchester,Please select,Temporary Worker (A rating),Charity Worker
Knowsley Foodbank,"Kirkby, Liverpool",,Temporary Worker (A rating),Charity Worker
Knoydart Foundation,Mallaig,Inverness-shire,Temporary Worker (A rating),Charity Worker
Koinonia,Acton,London,Temporary Worker (A rating),Charity Worker
Koinonia John the Baptist Ireland Ltd,Ballymena,Co Antrim,Temporary Worker (A rating),Charity Worker
Krishnamurti Foundation Trust,Bramdean,Hampshire,Temporary Worker (A rating),Charity Worker
KSIMC OF LEEDS,Leeds,West Yorkshire,Temporary Worker (A rating),Charity Worker
L'Abri Fellowship,Liss,HANTS,Temporary Worker (A rating),Charity Worker
L'Arche,London,,Temporary Worker (A rating),Charity Worker
L'Arche Belfast,Belfast,,Temporary Worker (A rating),Charity Worker
Lacef Foundation,Leeds,,Temporary Worker (A rating),Charity Worker
Lagan's Foundation,Horwich,Greater Manchester,Temporary Worker (A rating),Charity Worker
Lambrook School,Bracknell,Berkshire,Temporary Worker (A rating),Charity Worker
Land of Joy,Hexham,Northumberland,Temporary Worker (A rating),Charity Worker
Lanier Theological Education Foundation,Kidlington,Oxfordshire,Temporary Worker (A rating),Charity Worker
Latin Link,Reading,Berkshire,Temporary Worker (A rating),Charity Worker
LCC Community Trust,Lisburn,Co Antrim,Temporary Worker (A rating),Charity Worker
LeaderJoe 1808 Charity,Glasgow,,Temporary Worker (A rating),Charity Worker
League of British Muslims UK,London,Essex,Temporary Worker (A rating),Charity Worker
Leaps and Bounds Trust -Inspiring Change Ltd,Stourbridge,West Midlands,Temporary Worker (A rating),Charity Worker
LEEDS DIOCESAN BOARD OF FINANCE,Leeds,WEST YORKSHIRE,Temporary Worker (A rating),Charity Worker
Leith Baptist Church,Edinburgh,,Temporary Worker (A rating),Charity Worker
Leonard Cheshire Disability,London,,Temporary Worker (A rating),Charity Worker
LET'S EDUCATE THEM,PRESTON,,Temporary Worker (A rating),Charity Worker
LHA London LTD,London,,Temporary Worker (A rating),Charity Worker
Liberty Church,Newport,,Temporary Worker (A rating),Charity Worker
Liberty Church,Rotherham,South Yorkshire,Temporary Worker (A rating),Charity Worker
Liberty Church Norbury,Norbury,London,Temporary Worker (A rating),Charity Worker
Liberty Church Wirral,Birkenhead,Wirral,Temporary Worker (A rating),Charity Worker
Life Changing International Chapel,London,,Temporary Worker (A rating),Charity Worker
Life Transformation Ministries,Newcastle upon Tyne,Tyne  & Wear,Temporary Worker (A rating),Charity Worker
LifeChurch Manchester,Manchester,,Temporary Worker (A rating),Charity Worker
Lifegate Church,Walsall,West Midlands,Temporary Worker (A rating),Charity Worker
LIFEGRACE MINISTRIES INTERNATIONAL,CROYDON,,Temporary Worker (A rating),Charity Worker
Lifeline Network,Dagenham,Essex,Temporary Worker (A rating),Charity Worker
LifeSpring Ministries,Wolverhampton,West Midlands,Temporary Worker (A rating),Charity Worker
Lifeway Project GraceCiti.Church,Glasgow,,Temporary Worker (A rating),Charity Worker
Liskeard Baptist Church Charity,Liskeard,,Temporary Worker (A rating),Charity Worker
LIVERPOOL GANESH TRUST,LIVERPOOL,MERSEYSIDE,Temporary Worker (A rating),Charity Worker
Living Church,London,,Temporary Worker (A rating),Charity Worker
Living Light Christian Church,Taunton,Somerset,Temporary Worker (A rating),Charity Worker
LOCAL ACCESS CENTRE (LAC),BIRMINGHAM,WEST MIDLANDS,Temporary Worker (A rating),Charity Worker
Loch Arthur Camphill Community Ltd.,Dumfries,,Temporary Worker (A rating),Charity Worker
Lockerbie Memorial Church Museum,Lockerbie,,Temporary Worker (A rating),Charity Worker
London Chinese Baptist Church,London,,Temporary Worker (A rating),Charity Worker
London City Mission,London,,Temporary Worker (A rating),Charity Worker
London College of Business Studies,Ilford,Essex,Temporary Worker (A rating),Charity Worker
London Computer Recycling,London,London,Temporary Worker (A rating),Charity Worker
London Diocesan Fund,London,,Temporary Worker (A rating),Charity Worker
LONDON FULL GOSPEL CENTRAL CHURCH,LONDON,,Temporary Worker (A rating),Charity Worker
London International Christian Church,London,,Temporary Worker (A rating),Charity Worker
LONDON RIVERSIDE CHURCH,Dagenham,Essex,Temporary Worker (A rating),Charity Worker
London South Bank University,London,,Temporary Worker (A rating),Charity Worker
LONDON TIGERS,LONDON,,Temporary Worker (A rating),Charity Worker
Longridge Towers School,Berwick-upon-Tweed,northumberland,Temporary Worker (A rating),Charity Worker
Lord Wandsworth College,Hook,Hampshire,Temporary Worker (A rating),Charity Worker
Loretto School Ltd,Musselburgh,East Lothian,Temporary Worker (A rating),Charity Worker
Lucton School,Leominster,Herefordshire,Temporary Worker (A rating),Charity Worker
Lucy Cavendish College,Cambridge,Cambridgeshire,Temporary Worker (A rating),Charity Worker
Ludgrove School Trust  LTD,Wokingham,Berkshire,Temporary Worker (A rating),Charity Worker
LULI UK FESTIVAL,OLDHAM,Greater Manchester,Temporary Worker (A rating),Charity Worker
Lutheran Church in Great Britain Limited,London,,Temporary Worker (A rating),Charity Worker
Lutheran Council of Great Britain,London,,Temporary Worker (A rating),Charity Worker
Macmillan Cancer Support,London,,Temporary Worker (A rating),Charity Worker
Magdalen College School,Oxford,,Temporary Worker (A rating),Charity Worker
Mahamevnawa International Meditation Centre,Basildon,Essex,Temporary Worker (A rating),Charity Worker
Mahasi Dhamma Fellowship,Salford,Greater Manchester,Temporary Worker (A rating),Charity Worker
MAMACITA FOUNDATION,ABERDEEN,,Temporary Worker (A rating),Charity Worker
Manasserh christian Centre,Oldham,Manchester,Temporary Worker (A rating),Charity Worker
Manchester House Of Prayer,Manchester,,Temporary Worker (A rating),Charity Worker
Manchester Islamic Institute t/a Manchester Islamic Centre,Manchester,,Temporary Worker (A rating),Charity Worker
Manchester Turkish Community Association,Manchester,,Temporary Worker (A rating),Charity Worker
MANDARIN EVANGELICAL CHURCH LONDON LTD,London,,Temporary Worker (A rating),Charity Worker
Margaret Beaufort Institute of Theology,Cambridge,,Temporary Worker (A rating),Charity Worker
Marhaba Charitable Trust & Masjid Al Noor,Boston,Lincolnshire,Temporary Worker (A rating),Charity Worker
Marian Fathers Charitable Trust,London,,Temporary Worker (A rating),Charity Worker
Marian Mission for the Poor,Leyton,London,Temporary Worker (A rating),Charity Worker
Marine Stewardship Council,London,,Temporary Worker (A rating),Charity Worker
Markaz Al Huda Ltd,Bury,,Temporary Worker (A rating),Charity Worker
Marketplace Ministries Limited,Totnes,Devon,Temporary Worker (A rating),Charity Worker
Mary Seacole Day Nursery & Family Support Unit,Town,Berkshire,Temporary Worker (A rating),Charity Worker
Maryam Welfare Society,Oldham,,Temporary Worker (A rating),Charity Worker
Masjid and Imambargah Shuhdae Karbala,London,,Temporary Worker (A rating),Charity Worker
MASJID-E-ALI (A.S),Luton,,Temporary Worker (A rating),Charity Worker
MASJID-E-NOORUL ISLAM,BOLTON,,Temporary Worker (A rating),Charity Worker
Mata Sahib Kaur Educational Trust,Leicester,,Temporary Worker (A rating),Charity Worker
Maximum Impact Christian Centre (MICC),Sunderland,Tyne and Wear,Temporary Worker (A rating),Charity Worker
Medcare Appeal,Willenhall,West Midlands,Temporary Worker (A rating),Charity Worker
Medhurst Ministries,Loftus,,Temporary Worker (A rating),Charity Worker
Media Legal Defence Initiative,London,,Temporary Worker (A rating),Charity Worker
Medicine Buddha Foundation,Dartford,Kent,Temporary Worker (A rating),Charity Worker
Mellow Parenting,Glasgow,Scotland,Temporary Worker (A rating),Charity Worker
Merchiston Castle School,Edinburgh,,Temporary Worker (A rating),Charity Worker
Methodist Church,London,,Temporary Worker (A rating),Charity Worker
MH Foundation,Corby,Northants,Temporary Worker (A rating),Charity Worker
MHA,Derby,,Temporary Worker (A rating),Charity Worker
Mifadelo Global Religion Law and Health Found Ltd,London,,Temporary Worker (A rating),Charity Worker
Might & Grace Productions CIC,Milton Keynes,Buckinghamshire,Temporary Worker (A rating),Charity Worker
Migrant Centre NI,Lurgan,,Temporary Worker (A rating),Charity Worker
Migrants Organise,London,,Temporary Worker (A rating),Charity Worker
Millfield School,Street,Somerset,Temporary Worker (A rating),Charity Worker
MINHAJ-UL-QURAN WELFARE FOUNDATION,Manchester,,Temporary Worker (A rating),Charity Worker
MINISTRIES WITHOUT BORDERS INTERNATIONAL,Cardiff,,Temporary Worker (A rating),Charity Worker
Ministry of Reconciliation,Leicester,,Temporary Worker (A rating),Charity Worker
MINORITY RIGHTS GROUP,London,Greater London,Temporary Worker (A rating),Charity Worker
Missionary Congregation of Evangelizing Sisters of Mary,London,Camden,Temporary Worker (A rating),Charity Worker
Mohanji Foundation UK,Huntly,Aberdeenshire,Temporary Worker (A rating),Charity Worker
Moniack Mhor Writers' Centre,Inverness,,Temporary Worker (A rating),Charity Worker
Monkton Combe School,Bath,BANES,Temporary Worker (A rating),Charity Worker
Moor Park Charitable Trust Ltd,Ludlow,Shropshire,Temporary Worker (A rating),Charity Worker
More Hope Foundation,Glasgow,Lanarkshire,Temporary Worker (A rating),Charity Worker
MORNING STAR INTERNATIONAL CHURCH,Croydon,,Temporary Worker (A rating),Charity Worker
Mosaic LGBT+ Young Persons' Trust,London,,Temporary Worker (A rating),Charity Worker
Mount Kelly,Tavistock,Devon,Temporary Worker (A rating),Charity Worker
Mount Olive Evangelical Ministry,Northampton,,Temporary Worker (A rating),Charity Worker
Muhammadia Saifia Education Trust,Oldham,Lancashire,Temporary Worker (A rating),Charity Worker
Multicultural Resource Centre,Rochdale,,Temporary Worker (A rating),Charity Worker
Murlough House,Newcastle,Co. Down,Temporary Worker (A rating),Charity Worker
Music Broth,Glasgow,,Temporary Worker (A rating),Charity Worker
Music for Life Academy,Lisburn,,Temporary Worker (A rating),Charity Worker
Muslim Charity Helping the Needy,Retford,Nottinghamshire,Temporary Worker (A rating),Charity Worker
Muslim Hands,Nottingham,Notts,Temporary Worker (A rating),Charity Worker
Muslim Project Foundation,London,,Temporary Worker (A rating),Charity Worker
Musselburgh Baptist Church,Musselburgh,,Temporary Worker (A rating),Charity Worker
MUSTAFIA SHARIF,Stockport,,Temporary Worker (A rating),Charity Worker
My Father's House Assemblies Of God Church,Telford,,Temporary Worker (A rating),Charity Worker
MYWORLD Creative Projects,London,,Temporary Worker (A rating),Charity Worker
Naeem Foundation,Welwyn Garden City,Hertfordshire,Temporary Worker (A rating),Charity Worker
Nagarjuna Kadampa Meditation Centre,Thornby,Northamptonshire,Temporary Worker (A rating),Charity Worker
NAMDHARI SIKH SANGAT UK,SOUTHALL,Middlesex,Temporary Worker (A rating),Charity Worker
Nanaksar Gurdwara Gursikh Temple,Coventry,,Temporary Worker (A rating),Charity Worker
Nanaksar Thath Isher Darbar,Wolverhampton,West Midlands,Temporary Worker (A rating),Charity Worker
National Council of YMCA's,Newcastle,Down,Temporary Worker (A rating),Charity Worker
National Museums Scotland,Edinburgh,Lothian,Temporary Worker (A rating),Charity Worker
National Spiritual Assembly of the Baha/is of the UK,London,,Temporary Worker (A rating),Charity Worker
Nations Trust,Llanelli,Carmarthenshire,Temporary Worker (A rating),Charity Worker
Navratri Festival Association Manchester,Cheadle Hulme,,Temporary Worker (A rating),Charity Worker
Nazarene Theological College,Manchester,,Temporary Worker (A rating),Charity Worker
Neighbourhood Resource Centre,Bradford,West Yorkshire,Temporary Worker (A rating),Charity Worker
NET Ministries  Scotland,Glasgow,Glasgow (City of),Temporary Worker (A rating),Charity Worker
Net Ministries United Kingdom Limited,Derry,,Temporary Worker (A rating),Charity Worker
Netherhall Educational Association,London,,Temporary Worker (A rating),Charity Worker
New Beginning Ministries,Preston,Lancashire,Temporary Worker (A rating),Charity Worker
New Community Church SE London,Sidcup,Kent,Temporary Worker (A rating),Charity Worker
New Covenant Church Bristol,Bristol,,Temporary Worker (A rating),Charity Worker
New Dimension,Newport,,Temporary Worker (A rating),Charity Worker
New Hall School Trust,Chelmsford,Essex,Temporary Worker (A rating),Charity Worker
New Hope Fellowship Church Manchester,Manchester,,Temporary Worker (A rating),Charity Worker
New Leaf Derbyshire CIO,Ashbourne,Derbyshire,Temporary Worker (A rating),Charity Worker
New Life Church Milton Keynes,Milton Keynes,Buckinghamshire,Temporary Worker (A rating),Charity Worker
NEW MALDEN UNITED REFORMED CHURCH,NEW MALDEN,SURREY,Temporary Worker (A rating),Charity Worker
NEW TESTAMENT PENTECOSTAL CHURCH,BALLYNAHINCH,NORTHERN IRELAND,Temporary Worker (A rating),Charity Worker
New Tribes Mission,Grimsby,Lincolnshire,Temporary Worker (A rating),Charity Worker
New Ventures Worldwide CIO,Ryde,,Temporary Worker (A rating),Charity Worker
Newbigin Community Trust,Birmingham,,Temporary Worker (A rating),Charity Worker
NEWBOLD COLLEGE,BRACKNELL,BERKSHIRE,Temporary Worker (A rating),Charity Worker
newbreed christian palace,Hatfield,Hertfordshire,Temporary Worker (A rating),Charity Worker
Newcastle Central Mosque-Masjid Al Tawhid,Newcastle Upon Tyne,,Temporary Worker (A rating),Charity Worker
NEWHAM COMMUNITY PROJECT,London,,Temporary Worker (A rating),Charity Worker
Newham Islamic Cultural Association,London,,Temporary Worker (A rating),Charity Worker
Newjoy International Gospel Church,bradford,West Yorkshire,Temporary Worker (A rating),Charity Worker
Newlife Church Palmers Green,London,,Temporary Worker (A rating),Charity Worker
Newton Dee Camphill Community Ltd,Aberdeen,,Temporary Worker (A rating),Charity Worker
Niddrie Community Church,Edinburgh,,Temporary Worker (A rating),Charity Worker
NIGER DELTA YOUTH ASSOCIATION,SWANSEA,,Temporary Worker (A rating),Charity Worker
Nigeria Nurses Charitable Association,Romford,,Temporary Worker (A rating),Charity Worker
Nightingale Hammerson,London,Choose a County,Temporary Worker (A rating),Charity Worker
NISSI LIFE CHURCH,LONDON,,Temporary Worker (A rating),Charity Worker
Noddfa Baptist Church,Pontypool,,Temporary Worker (A rating),Charity Worker
NOOR E MADINA TRUST,BLACKBURN,LANCASHIRE,Temporary Worker (A rating),Charity Worker
Noor ul Huda International,London,,Temporary Worker (A rating),Charity Worker
NOORIA MISSION,Bedford,,Temporary Worker (A rating),Charity Worker
North Church UK,Leeds,,Temporary Worker (A rating),Charity Worker
North Western Reform Synagogue,London,,Temporary Worker (A rating),Charity Worker
Northbourne Park School,Near Deal,Kent,Temporary Worker (A rating),Charity Worker
NorthPoint Wellbeing,Leeds,West Yorkshire,Temporary Worker (A rating),Charity Worker
Northumbria Calvert Trust / Calvert Kielder,Hexham,Northumberland,Temporary Worker (A rating),Charity Worker
Norwegian YWCA,London,,Temporary Worker (A rating),Charity Worker
Norwich School,Norwich,Norfolk,Temporary Worker (A rating),Charity Worker
Novalis Trust,Stroud,Gloucestershire,Temporary Worker (A rating),Charity Worker
NUTLEY HALL,UCKFIELD,EAST SUSSEX,Temporary Worker (A rating),Charity Worker
Nyankonton Trust Foundation,London,,Temporary Worker (A rating),Charity Worker
Oakdale House Trust,Luton,Beds,Temporary Worker (A rating),Charity Worker
OAKHAM SCHOOL,OAKHAM,RUTLAND,Temporary Worker (A rating),Charity Worker
Oasis Community Learning,London,,Temporary Worker (A rating),Charity Worker
OASIS OF LOVE INTERNATIONAL CENTRE,Wolverhampton,West Midlands,Temporary Worker (A rating),Charity Worker
OCCA House Ltd,Oxford,Oxfordshire,Temporary Worker (A rating),Charity Worker
Ocean Youth Trust North,Berwick upon Tweed,,Temporary Worker (A rating),Charity Worker
Ochil Tower School,Auchterarder,Perthshire,Temporary Worker (A rating),Charity Worker
OCI Foundation UK,KNOTTY ASH,Liverpool,Temporary Worker (A rating),Charity Worker
OLAYINKA ADERINKOLA AKINRINOLA FOUNDATION UK,LONDON,,Temporary Worker (A rating),Charity Worker
Oldham Bethel Church,Oldham,Greater Manchester,Temporary Worker (A rating),Charity Worker
OLIVE PATHWAY,Manchester,,Temporary Worker (A rating),Charity Worker
Olivet Assembly,Uckfield,East Sussex,Temporary Worker (A rating),Charity Worker
Om Saravanabhava Seva Trust,LONDON,,Temporary Worker (A rating),Charity Worker
OMF International,Manchester,Greater Manchester,Temporary Worker (A rating),Charity Worker
One Church Leicester,Leicester,,Temporary Worker (A rating),Charity Worker
One Community Link,Stockton on tees,Cleveland,Temporary Worker (A rating),Charity Worker
One Home Church,Emsworth,Hampshire,Temporary Worker (A rating),Charity Worker
One Ocean Planet,london,,Temporary Worker (A rating),Charity Worker
ONEWIG ONESMILE Limited,Chatham,Kent,Temporary Worker (A rating),Charity Worker
Only Connect UK,London,,Temporary Worker (A rating),Charity Worker
Operation Orphan,Nottingham,Nottinghamshire,Temporary Worker (A rating),Charity Worker
Organisation of Culture and Character,Luton,,Temporary Worker (A rating),Charity Worker
Orphans in Need,Bradford,,Temporary Worker (A rating),Charity Worker
Osprey Leadership Foundation,Oakham,Rutland,Temporary Worker (A rating),Charity Worker
Oswestry School,Oswestry,Shropshire,Temporary Worker (A rating),Charity Worker
Oundle School,Peterborough,,Temporary Worker (A rating),Charity Worker
Our Lady of Fidelity (Virgo Fidelis Convent),London,,Temporary Worker (A rating),Charity Worker
Overtoun House,Dumbarton,West Dunbartonshire,Temporary Worker (A rating),Charity Worker
Oxford Diocesan Board of Finance,Kidlington,Oxfordshire,Temporary Worker (A rating),Charity Worker
Oxford Kilburn Youth Trust,London,,Temporary Worker (A rating),Charity Worker
OXFORD KOREAN CHURCH,OXFORD,,Temporary Worker (A rating),Charity Worker
Oxfordshire Community Churches,Osney Mead,,Temporary Worker (A rating),Charity Worker
PACCAR Scout Camp,Chalfont St Peter,Buckinghamshire,Temporary Worker (A rating),Charity Worker
Pakistan Muslim Association,Newcastle Upon Tyne,Tyne & Wear,Temporary Worker (A rating),Charity Worker
Palan Foundation,London,,Temporary Worker (A rating),Charity Worker
Pandit Ram Sahai Sangit Vidyalaya,SOUTHALL,Middlesex,Temporary Worker (A rating),Charity Worker
PAPPLEWICK EDUCATIONAL TRUST LIMITED,ASCOT,BERKSHIRE,Temporary Worker (A rating),Charity Worker
PARAMITHA COMMUNITY DEVELOPMENT FOUNDATION,BRISTOL,,Temporary Worker (A rating),Charity Worker
Parenting for Lifelong Health,Oxford,,Temporary Worker (A rating),Charity Worker
Parochial Church Council of St John the Evangelist Upper Norwood,London,London,Temporary Worker (A rating),Charity Worker
Parochial Church Council of the Ecclesiastical Parish of St John the Baptist Crawley,Crawley,West Sussex,Temporary Worker (A rating),Charity Worker
Pathway,Enfield,,Temporary Worker (A rating),Charity Worker
Patriks Trust,Rickmansworth,Herts,Temporary Worker (A rating),Charity Worker
Patrons International,Kilkeel,Down,Temporary Worker (A rating),Charity Worker
PCC of St Mary & St Ambrose Edgbaston (T/A Rea Church),Birmingham,,Temporary Worker (A rating),Charity Worker
PeacePlayers International - Northern Ireland,Belfast,Antrim,Temporary Worker (A rating),Charity Worker
Peacock Trust United Kingdom,BILLINGHAM,Durham,Temporary Worker (A rating),Charity Worker
Peek Vision Limited,London,,Temporary Worker (A rating),Charity Worker
Pembroke Dock Community School,Pembroke Dock,Pembrokeshire,Temporary Worker (A rating),Charity Worker
Pennine Camphill Community,Wakefield,West Yorkshire,Temporary Worker (A rating),Charity Worker
PENTECOST BAPTIST CHURCH,DAGENHAM,,Temporary Worker (A rating),Charity Worker
Pentecostal Missionary Church of Christ (4th Watch),London,,Temporary Worker (A rating),Charity Worker
People of Grace Gospel Mission,Dartford,,Temporary Worker (A rating),Charity Worker
Perfect Chance Foundation,Dartford,,Temporary Worker (A rating),Charity Worker
Pericles,East Grinstead,,Temporary Worker (A rating),Charity Worker
Philharmonia Limited,London,,Temporary Worker (A rating),Charity Worker
Phoenix Education Centre,Belfast,,Temporary Worker (A rating),Charity Worker
PILLARS OF TRUTH MINISTRIES,LONDON,,Temporary Worker (A rating),Charity Worker
Pioneers UK Ministries,Doncaster,South Yorkshire,Temporary Worker (A rating),Charity Worker
Pleasance Theatre Festival,London,London,Temporary Worker (A rating),Charity Worker
Plymouth Hope,Plymouth,Devon,Temporary Worker (A rating),Charity Worker
Plymouth Marine Laboratory,Plymouth,Devon,Temporary Worker (A rating),Charity Worker
Police Now,London,,Temporary Worker (A rating),Charity Worker
POPLAR MOSQUE AND COMMUNITY CENTRE LIMITED,London,,Temporary Worker (A rating),Charity Worker
Port Regis,Shaftesbury,Dorset,Temporary Worker (A rating),Charity Worker
Potters House Prayer Ministry,Glasgow,Scotland,Temporary Worker (A rating),Charity Worker
Powerful African Women of Ayrshire (PAWA),Kilmarnock,,Temporary Worker (A rating),Charity Worker
Powerhouse Community Church,Dalry,Ayrshire,Temporary Worker (A rating),Charity Worker
Praise Tabernacle,Wembley,Middlesex,Temporary Worker (A rating),Charity Worker
Pratham UK,London,,Temporary Worker (A rating),Charity Worker
Prayer Storm,Stockport,,Temporary Worker (A rating),Charity Worker
PRECIOUS GEMS,BOLTON,,Temporary Worker (A rating),Charity Worker
Premier Christian Media Trust,Crowborough,,Temporary Worker (A rating),Charity Worker
Prep Schools Trust,Abingdon,Oxon,Temporary Worker (A rating),Charity Worker
PRESBYTERIAN CHURCH OF GHANA MIDLAND DISTRICT,MILTON KEYNES,BUCKINGHAMSHIRE,Temporary Worker (A rating),Charity Worker
Privacy International,London,,Temporary Worker (A rating),Charity Worker
PROBASHI KOLLAN FOUNDATION PKF,London,,Temporary Worker (A rating),Charity Worker
Projekt 42,EDINBURGH,Choose County,Temporary Worker (A rating),Charity Worker
Public Welfare Trust,Birmingham,,Temporary Worker (A rating),Charity Worker
Quaker Service,Belfast,UK,Temporary Worker (A rating),Charity Worker
Queen Victoria Seamens Rest,London,,Temporary Worker (A rating),Charity Worker
"Queen's College, Taunton",Taunton,Somerset,Temporary Worker (A rating),Charity Worker
Queen's University Belfast,Belfast,,Temporary Worker (A rating),Charity Worker
R.H.EDUCATIONAL AND WELFARE TRUST,BIRMINGHAM,,Temporary Worker (A rating),Charity Worker
Rabb Di Awaaz Ministries International Ltd,West Bromwich,West Midlands,Temporary Worker (A rating),Charity Worker
RABBANIAH ISLAMIC CULTURAL CENTRE,Cardiff,,Temporary Worker (A rating),Charity Worker
Race Equality First,Cardiff,Cardiff,Temporary Worker (A rating),Charity Worker
RAFAH INTERNATIONAL,Batley,West Yorkshire,Temporary Worker (A rating),Charity Worker
Raindrops Charity U.K.,Blackburn,Lancashire,Temporary Worker (A rating),Charity Worker
RAMGARHIA ASSOCIATION (GURU NANAK SIKH TEMPLE),GLASGOW,,Temporary Worker (A rating),Charity Worker
Ramgarhia Sikh Gurdwara,Slough,Berkshire,Temporary Worker (A rating),Charity Worker
Rangung Yeshe UK,Hatfield Woodhouse,Doncaster,Temporary Worker (A rating),Charity Worker
RCCG CROYDON TABERNACLE,CROYDON,,Temporary Worker (A rating),Charity Worker
RCCG HOUSE OF JOY FOR ALL NATIONS,MIDDLESEX,,Temporary Worker (A rating),Charity Worker
RCCG Living Faith Assembly,Crawley,West Sussex,Temporary Worker (A rating),Charity Worker
"RCCG Living Faith, South Shields",Tyne and Wear,,Temporary Worker (A rating),Charity Worker
RCCG OLDBURY ON THE ROCK,Tivadale,Oldbury,Temporary Worker (A rating),Charity Worker
RCCG Restoration Chapel,North Shields,,Temporary Worker (A rating),Charity Worker
RCCG SOLID ROCK PARISH DERBY,DERBY,,Temporary Worker (A rating),Charity Worker
RCCG Zone of Resurrection,London,,Temporary Worker (A rating),Charity Worker
"RCCG, IMMANUEL SANCTUARY",Dartford,Kent,Temporary Worker (A rating),Charity Worker
RCS Haven,Glasgow,,Temporary Worker (A rating),Charity Worker
Reading Family Church,Reading,Berkshire,Temporary Worker (A rating),Charity Worker
Reading Islamic Centre,Reading,Berkshire,Temporary Worker (A rating),Charity Worker
Reading School,Reading,,Temporary Worker (A rating),Charity Worker
Real Life Ministries,London,,Temporary Worker (A rating),Charity Worker
Real Time Video LTd,Reading,,Temporary Worker (A rating),Charity Worker
Reality Church London,London,,Temporary Worker (A rating),Charity Worker
Rebuilding Christian Foundation Church CIO,London,,Temporary Worker (A rating),Charity Worker
Redcar Baptist Church,Redcar,,Temporary Worker (A rating),Charity Worker
Redeemed Christian Church of God,Edinburgh,,Temporary Worker (A rating),Charity Worker
Redeemed Christian Church of God (RCCG) Central Office,Stevenage,Hertfordshire,Temporary Worker (A rating),Charity Worker
REDEEMED CHRISTIAN CHURCH OF GOD CITY OF DAVID STEVENAGE,Stevenage,England,Temporary Worker (A rating),Charity Worker
Redeemer Church Chester-Le-Street,Chester-Le-Street,County Durham,Temporary Worker (A rating),Charity Worker
Redhill Islamic Centre Trust,Redhill,Surrey,Temporary Worker (A rating),Charity Worker
Reed's School,Cobham,Surrey,Temporary Worker (A rating),Charity Worker
Reformed Presbyterian Church of Scotland,Airdrie,North Lanarkshire,Temporary Worker (A rating),Charity Worker
Relational Mission,Aylsham,Norfolk,Temporary Worker (A rating),Charity Worker
RELIEF NATION,NELSON,LANCASHIRE,Temporary Worker (A rating),Charity Worker
Religious of St Andrew,London,,Temporary Worker (A rating),Charity Worker
Religious of the Assumption,London,,Temporary Worker (A rating),Charity Worker
Remake Scotland,Crieff,UK,Temporary Worker (A rating),Charity Worker
Rendcomb College,Nr Cirencester,Gloucestershire,Temporary Worker (A rating),Charity Worker
Renfrewshire effort to empower minorities,paisley,,Temporary Worker (A rating),Charity Worker
Reprieve,London,,Temporary Worker (A rating),Charity Worker
Repton Prep,Derby,Derbyshire,Temporary Worker (A rating),Charity Worker
Restless Development,London,,Temporary Worker (A rating),Charity Worker
RESTORATION CHAPEL INTERNATIONAL,LONDON,SOUTHWARK,Temporary Worker (A rating),Charity Worker
Restoration Ministries UK,London,,Temporary Worker (A rating),Charity Worker
RESTORATION WORLD REVIVAL CHURCH,"CROYDON,","SURREY,",Temporary Worker (A rating),Charity Worker
Restore Community Church,Woodford Green,,Temporary Worker (A rating),Charity Worker
RESURRECTION POWER AND LIVING BREAD MINISTRIES BIRMINGHAM,West Bromwich,,Temporary Worker (A rating),Charity Worker
Rev. Marcus Hobson,Finaghy,Belfast,Temporary Worker (A rating),Charity Worker
Revealing the Heartbeat of God,Romford,,Temporary Worker (A rating),Charity Worker
Revitalise,London,,Temporary Worker (A rating),Charity Worker
Revival Fires,Dudley,West Midlands,Temporary Worker (A rating),Charity Worker
Rhema Gospel Church,Croydon,,Temporary Worker (A rating),Charity Worker
Rhema Miracle Centre AOG,Sittingbourne,,Temporary Worker (A rating),Charity Worker
RHEMA UK & IRELAND,Reigate,,Temporary Worker (A rating),Charity Worker
Riana Development Network,London,London,Temporary Worker (A rating),Charity Worker
Richill Park Baptist Church,Londonderry,,Temporary Worker (A rating),Charity Worker
Right Hand Foundation,Ashton-under-lyne,,Temporary Worker (A rating),Charity Worker
Rise Support,Burnley,Lancashire,Temporary Worker (A rating),Charity Worker
River Church Ipswich,Ipswich,Suffolk,Temporary Worker (A rating),Charity Worker
River Dee Community Church,Flint,Flintshire,Temporary Worker (A rating),Charity Worker
River Hill Ministries,BIRMINGHAM,,Temporary Worker (A rating),Charity Worker
River of Life City Church,London,,Temporary Worker (A rating),Charity Worker
Riverside Church,Birmingham,West Midlands,Temporary Worker (A rating),Charity Worker
Riverside Vineyard Christian Fellowship,Feltham,Middlesex,Temporary Worker (A rating),Charity Worker
Rock UK Adventure Centres Ltd,Wellingborough,Northants,Temporary Worker (A rating),Charity Worker
Roman Catholic Diocese of Motherwell,Motherwell,Lanarkshire,Temporary Worker (A rating),Charity Worker
Romney Hythe and Dymchurch Railway Ltd.,New Romney,Kent,Temporary Worker (A rating),Charity Worker
Roots: Globalscope Edinburgh,Edinburgh,,Temporary Worker (A rating),Charity Worker
Rothamsted Research,Harpenden,Hertfordshire,Temporary Worker (A rating),Charity Worker
Roundhouse Trust,London,,Temporary Worker (A rating),Charity Worker
Royal Asiatic Society of Great Britain and Ireland,London,Camden,Temporary Worker (A rating),Charity Worker
"Royal Botanic Gardens, Kew",Richmond,Surrey,Temporary Worker (A rating),Charity Worker
Royal Grammar School Guildford,Guildford,Surrey,Temporary Worker (A rating),Charity Worker
Royal Museums Greenwich,London,,Temporary Worker (A rating),Charity Worker
Royal Philharmonic Orchestra Limited,London,,Temporary Worker (A rating),Charity Worker
Royal Priesthood Pentecostal Church (UK),London,"England, Greenwich",Temporary Worker (A rating),Charity Worker
Royal School of Needlework,East Molesey,Surrey,Temporary Worker (A rating),Charity Worker
Royal Society for the Protection of Birds,Sandy,Bedfordshire,Temporary Worker (A rating),Charity Worker
Rugby School,Rugby,,Temporary Worker (A rating),Charity Worker
Rugby School,Rugby,Warwickshire,Temporary Worker (A rating),Charity Worker
Ruskin Mill Land Trust,Gloucestershire,,Temporary Worker (A rating),Charity Worker
Ruskin Mill Trust Limited,Stroud,Gloucestershire,Temporary Worker (A rating),Charity Worker
RUSSIAN ORTHODOX CHURCH ABROAD (LONDON),LONDON,,Temporary Worker (A rating),Charity Worker
Rydal Penrhos,Colwyn Bay,Conwy,Temporary Worker (A rating),Charity Worker
Ryde School with Upper Chine,Ryde,Isle of Wight,Temporary Worker (A rating),Charity Worker
Sachkhand Nanak Dham (Darshan Darbar) UK,Iver,,Temporary Worker (A rating),Charity Worker
Sacred Space Foundation,Penrith,Cumbria,Temporary Worker (A rating),Charity Worker
Sacro,Edinburgh,,Temporary Worker (A rating),Charity Worker
SADQATUL JARIYAH UK,Leicester,,Temporary Worker (A rating),Charity Worker
Sahil Project,Coventry,,Temporary Worker (A rating),Charity Worker
Saifi Foundation,London,,Temporary Worker (A rating),Charity Worker
Salisbury Cathedral School,Salisbury,Wiltshire,Temporary Worker (A rating),Charity Worker
Salt Factory Sports,Lisburn,Co. Antrim,Temporary Worker (A rating),Charity Worker
Samadhi Meditation Centre,Edmonton,London,Temporary Worker (A rating),Charity Worker
Samaritan's Purse International Limited,Coventry,,Temporary Worker (A rating),Charity Worker
SAMEERA FOUNDATION,SWANSEA,,Temporary Worker (A rating),Charity Worker
SANATAN DHARM HINDU TEMPLE SOCIETY,COVENTRY,,Temporary Worker (A rating),Charity Worker
Sandroyd School,Salisbury,Wiltshire,Temporary Worker (A rating),Charity Worker
SANT BABA JOGINDER SINGH JI DOMELI CHARITABLE TRUST,BIRMINGHAM,,Temporary Worker (A rating),Charity Worker
Sant Ishar Singh Charitable Trust,Wolverhampton,West Midlands,Temporary Worker (A rating),Charity Worker
Santi Vanaram Buddhist Association,Gillingham,KENT,Temporary Worker (A rating),Charity Worker
Save the Children UK,Farringdon,LONDON,Temporary Worker (A rating),Charity Worker
Save the World Club,Surbiton,Surrey,Temporary Worker (A rating),Charity Worker
SAVE YOUR SOUL SOCIETY,Derby,Derbyshire,Temporary Worker (A rating),Charity Worker
Scargill Movement,Skipton,North Yorkshire,Temporary Worker (A rating),Charity Worker
Scottish Wildlife Trust,Edinburgh,Midlothian,Temporary Worker (A rating),Charity Worker
Scripture Union Scotland,Glasgow,,Temporary Worker (A rating),Charity Worker
Servant Trust,Belfast,Antrim,Temporary Worker (A rating),Charity Worker
Servants of the Word,Acton,London,Temporary Worker (A rating),Charity Worker
Serve365,Laggan,Highland,Temporary Worker (A rating),Charity Worker
Seven Spikes Relief Foundation,South Woodford,London,Temporary Worker (A rating),Charity Worker
Sevenoaks School,Sevenoaks,Kent,Temporary Worker (A rating),Charity Worker
SHAHFORAN MOSQUE AND ISLAMIC EDUCATION CENTRE TRUST,MANCHESTER,,Temporary Worker (A rating),Charity Worker
Shalom Media UK Ltd,Sheffield,South Yorkshire,Temporary Worker (A rating),Charity Worker
Shanti dham,Leicester,Leicestershire,Temporary Worker (A rating),Charity Worker
Shaolin Temple UK China Cultural Funds,London,,Temporary Worker (A rating),Charity Worker
SHATTERED LIVES,BARKING,ESSEX,Temporary Worker (A rating),Charity Worker
Shehzadi Sultan Ark Trust,Preston,Lancashire,Temporary Worker (A rating),Charity Worker
Sheiling School Thornbury,Bristol,,Temporary Worker (A rating),Charity Worker
Shelter Community,LONDON,,Temporary Worker (A rating),Charity Worker
Sherborne Preparatory School,Sherborne,Dorset,Temporary Worker (A rating),Charity Worker
Sherborne School,Sherborne,Dorset,Temporary Worker (A rating),Charity Worker
Sherborne School For Girls,Sherborne,Dorset,Temporary Worker (A rating),Charity Worker
Shine International UK,London,,Temporary Worker (A rating),Charity Worker
Shiva Cultural and Community Centre,Aldershot,Hampshire,Temporary Worker (A rating),Charity Worker
Shoreline Church,Southport,Merseyside,Temporary Worker (A rating),Charity Worker
Show Racism the Red Card,North Shields,,Temporary Worker (A rating),Charity Worker
SHPRESA PROGRAMME,London,,Temporary Worker (A rating),Charity Worker
SHREE JALARAM SEVA TRUST,HOUNSLOW,,Temporary Worker (A rating),Charity Worker
Shree Swaminarayan Mandir Bhuj,Stanmore,,Temporary Worker (A rating),Charity Worker
Shree Swaminarayan Sidhant Sajivan Mandal London,London,,Temporary Worker (A rating),Charity Worker
shree thiruthanigai murugan temple,surrey,,Temporary Worker (A rating),Charity Worker
Shri Guru Ravidass Temple and Community Centre,Leicester,,Temporary Worker (A rating),Charity Worker
Shri Pashupatinath Mandir of UK,Rowley Regis,West Midlands,Temporary Worker (A rating),Charity Worker
SHRI VENKATESWARA (BALAJI) TEMPLE OF UK,OLDBURY,WEST MIDLANDS,Temporary Worker (A rating),Charity Worker
Shul in the Park Scotland,Giffnock,,Temporary Worker (A rating),Charity Worker
Sight For Life,Manchester,,Temporary Worker (A rating),Charity Worker
SILVER STAR DIABETES,Leicester,,Temporary Worker (A rating),Charity Worker
Simeon Care for the Elderly,Aberdeen,,Temporary Worker (A rating),Charity Worker
SIMNET OUTREACH MINISTRIES,CROYDON,,Temporary Worker (A rating),Charity Worker
Simple Christianity,Dartford,Kent,Temporary Worker (A rating),Charity Worker
SINGH SABHA GURDWARA LIMITED,Peterborough,Cambridgeshire,Temporary Worker (A rating),Charity Worker
Sion Catholic Community for Evangelism,Coventry,West Midlands,Temporary Worker (A rating),Charity Worker
Sistema Scotland,Stirling,,Temporary Worker (A rating),Charity Worker
Sisters of the Holy Family of Bordeaux,London,,Temporary Worker (A rating),Charity Worker
Skelmersdale Baptist Church,Skelmersdale,,Temporary Worker (A rating),Charity Worker
SKY Positive Minds,Batley,West Yorkshire,Temporary Worker (A rating),Charity Worker
Small World Nursery Ltd,Kennington,Oxford,Temporary Worker (A rating),Charity Worker
Smart Women CIC,Birmingham,,Temporary Worker (A rating),Charity Worker
SOCIAL ORGANISATION FOR UNITY AND LEISURE,LONDON,,Temporary Worker (A rating),Charity Worker
Social Unity Foundation of Innovation (SUFI) Trust,Birmingham,,Temporary Worker (A rating),Charity Worker
Society of Saint Pius X,Burghclere,,Temporary Worker (A rating),Charity Worker
Society of St Francis,Dorchester,Dorset,Temporary Worker (A rating),Charity Worker
Soul Church Ltd,Norwich,Norfolk,Temporary Worker (A rating),Charity Worker
Sound Roots,Littleborough,Greater Manchester,Temporary Worker (A rating),Charity Worker
South American Mission Society Ireland,Lurgan,Co. Armagh,Temporary Worker (A rating),Charity Worker
South England Conference of Seventh-day Adventists,Watford,HERTS,Temporary Worker (A rating),Charity Worker
South West Youth Ministries,Woodbury Salterton,Exeter Devon,Temporary Worker (A rating),Charity Worker
Southport Muslim Society,Southport,,Temporary Worker (A rating),Charity Worker
Speyside Trust,Aviemore,Highland,Temporary Worker (A rating),Charity Worker
Spicer Street Church,St Albans,London,Temporary Worker (A rating),Charity Worker
Sport Aberdeen,Aberdeen,,Temporary Worker (A rating),Charity Worker
Springforth International Ministry Church,Bagshot,Surrey,Temporary Worker (A rating),Charity Worker
Sri Guru Nanak Sikh Temple,Leeds,West Yorkshire,Temporary Worker (A rating),Charity Worker
St Albans Diocesan Board of Finance,St Albans,Hertfordshire,Temporary Worker (A rating),Charity Worker
St Aldate's Church,Oxford,Oxon,Temporary Worker (A rating),Charity Worker
St Andrews United Reformed Church,London,,Temporary Worker (A rating),Charity Worker
St Bede's School Trust Sussex,Hailsham,East Sussex,Temporary Worker (A rating),Charity Worker
St Catherine's School,Guildford,Surrey,Temporary Worker (A rating),Charity Worker
St Ebbe's Church,Oxford,,Temporary Worker (A rating),Charity Worker
St Francis Xavier Foreign Mission Society,Coatbridge,Lanarkshire,Temporary Worker (A rating),Charity Worker
St Georges Weybridge,Addlestone,Surrey,Temporary Worker (A rating),Charity Worker
St Helen Bishopsgate Parochial Church Council,London,,Temporary Worker (A rating),Charity Worker
St James and Emmanuel,Manchester,,Temporary Worker (A rating),Charity Worker
St John at Hackney Church,London,,Temporary Worker (A rating),Charity Worker
St John's Hampton Wick,Hampton Wick,,Temporary Worker (A rating),Charity Worker
St Margaret's School,Bushey,Hertfordshire,Temporary Worker (A rating),Charity Worker
St Mark's Church,London,,Temporary Worker (A rating),Charity Worker
St Marks Coventry,Coventry,West Midlands,Temporary Worker (A rating),Charity Worker
St Mary's School,Calne,Wiltshire,Temporary Worker (A rating),Charity Worker
St Mary's School Ascot,Ascot,Berkshire,Temporary Worker (A rating),Charity Worker
St Patrick's Roman Catholic Church,London,,Temporary Worker (A rating),Charity Worker
St Peters School,York,North Yorkshire,Temporary Worker (A rating),Charity Worker
St Thomas' Church Philadelphia,Sheffield,,Temporary Worker (A rating),Charity Worker
"St. Joseph's Hospice, Hackney",Hackney,London,Temporary Worker (A rating),Charity Worker
St. Luke's Trust Limited,Stroud,,Temporary Worker (A rating),Charity Worker
St. Thomas Church,Lancaster,Lancashire,Temporary Worker (A rating),Charity Worker
Stanley Park Evangelical Free Church,Carshalton,Surrey,Temporary Worker (A rating),Charity Worker
Stella's Voice,Peterhead,Aberdeenshire,Temporary Worker (A rating),Charity Worker
Stemette Futures,London,,Temporary Worker (A rating),Charity Worker
Stichting Oxfam International,Oxford,Oxon,Temporary Worker (A rating),Charity Worker
Stick 'n' Step,Wallasey,Merseyside,Temporary Worker (A rating),Charity Worker
Stirling Baptist Church,Stirling,Stirlingshire,Temporary Worker (A rating),Charity Worker
Stonyhurst,Clitheroe,Lancashire,Temporary Worker (A rating),Charity Worker
Stour Vale Academy Trust,Halesowen,West Midlands,Temporary Worker (A rating),Charity Worker
STOVER SCHOOL ASSOCIATION LTD,NEWTON ABBOT,DEVON,Temporary Worker (A rating),Charity Worker
Stowe School Limited,Buckingham,Buckinghamshire,Temporary Worker (A rating),Charity Worker
Stranraer Community Church,Stranraer,Scotland,Temporary Worker (A rating),Charity Worker
Street Child United,Cambridge,,Temporary Worker (A rating),Charity Worker
STREET NI (TACKLING HOMELESSNESS) LTD  Street Soccer NI,belfast,NORTHERN IRELAND,Temporary Worker (A rating),Charity Worker
Strength Within Me,Harlow,,Temporary Worker (A rating),Charity Worker
Sturts Community Trust,West Moors,Dorset,Temporary Worker (A rating),Charity Worker
Sue Ryder Care,Colchester,Essex,Temporary Worker (A rating),Charity Worker
Summer Fields School Trust Ltd,Oxford,Oxon,Temporary Worker (A rating),Charity Worker
SUNNI MUSLIM ASSOCIATION,LONDON,,Temporary Worker (A rating),Charity Worker
Surfers Against Sewage Limited,Truro,Cornwall,Temporary Worker (A rating),Charity Worker
Survival International Charitable Trust,London,,Temporary Worker (A rating),Charity Worker
SUSTAINABILITY DEVELOPMENT,Liverpool,,Temporary Worker (A rating),Charity Worker
Sutton Borough Citizens Advice Bureaux  T/A Citizens Advice Sutton,Wallington,Greater London,Temporary Worker (A rating),Charity Worker
Suvai Deaf East Community,ilford,Essex,Temporary Worker (A rating),Charity Worker
SYCAMORE CHURCH RCCG,Manchester,,Temporary Worker (A rating),Charity Worker
Syed Khawarzami Welfare Trust,MILTON KEYNES,,Temporary Worker (A rating),Charity Worker
"Synod of German-Speaking Reformed, Lutheran and United Congregations in GB",London,,Temporary Worker (A rating),Charity Worker
TAHIR ACADEMY TRUST,Enfield,,Temporary Worker (A rating),Charity Worker
Taj Daar-E-Madina Organisation CIO,London,,Temporary Worker (A rating),Charity Worker
Take Hold Church SCIO,Edinburgh,,Temporary Worker (A rating),Charity Worker
Tashi Lhunpo Monastery UK Trust,Salisbury,Wiltshire,Temporary Worker (A rating),Charity Worker
Taunton School Educational Charity,Taunton,Somerset,Temporary Worker (A rating),Charity Worker
Teach A Man To Fish UK Limited,London,,Temporary Worker (A rating),Charity Worker
Teach First,London,,Temporary Worker (A rating),Charity Worker
TeachBeyond,Horsham,West Sussex,Temporary Worker (A rating),Charity Worker
Teen Ranch Scotland,Inchture,Perthshire,Temporary Worker (A rating),Charity Worker
Tees Valley Youth For Christ,Stockton-on-Tees,,Temporary Worker (A rating),Charity Worker
Temple Baptist Church,Pontypridd,Rhondda Cynon Taff,Temporary Worker (A rating),Charity Worker
Terra Nova School Trust Ltd,Holmes Chapel,Cheshire,Temporary Worker (A rating),Charity Worker
Tettenhall College,Wolverhampton,West Midlands,Temporary Worker (A rating),Charity Worker
Thames Reach Charity,London,,Temporary Worker (A rating),Charity Worker
The Abbey Sutton Courtenay,Abingdon,Oxfordshire,Temporary Worker (A rating),Charity Worker
The AIRE Centre,London,,Temporary Worker (A rating),Charity Worker
The Akshaya Patra Foundation UK,Watford,,Temporary Worker (A rating),Charity Worker
The Alliance for Transatlantic Theological Training,Liverpool,Merseyside,Temporary Worker (A rating),Charity Worker
The Alternative Theatre Company,London,London,Temporary Worker (A rating),Charity Worker
The Anglo-American Charity Limited,London,,Temporary Worker (A rating),Charity Worker
The Ashdown Hub,Forest Row,E Sussex,Temporary Worker (A rating),Charity Worker
The Association of Islamic Charitable Projects,Birmingham,,Temporary Worker (A rating),Charity Worker
The Bible Talks,London,,Temporary Worker (A rating),Charity Worker
The Billy Graham Evangelistic Association,Coventry,,Temporary Worker (A rating),Charity Worker
The Board of Trustees of the Tate Gallery,London,,Temporary Worker (A rating),Charity Worker
The Bridge - New Life Church,Dinnington,,Temporary Worker (A rating),Charity Worker
The Bridge Church,Birmingham,West Midlands,Temporary Worker (A rating),Charity Worker
The Bright Morning Star Prisons and Homelessness Outreach,London,London,Temporary Worker (A rating),Charity Worker
The British Institute of International and Comparative Law,London,,Temporary Worker (A rating),Charity Worker
The British Museum,London,,Temporary Worker (A rating),Charity Worker
The British Refugee Council,LONDON,,Temporary Worker (A rating),Charity Worker
THE BUDDHAPADIPA TEMPLE TRUST,WIMBLEDON,,Temporary Worker (A rating),Charity Worker
The C S Lewis Foundation (UK),Oxford,Oxfordshire,Temporary Worker (A rating),Charity Worker
The Camphill Village Trust,Malton,North Yorkshire,Temporary Worker (A rating),Charity Worker
The Care Forum,Bristol,,Temporary Worker (A rating),Charity Worker
The Carmelite Charitable Trust,London,,Temporary Worker (A rating),Charity Worker
"The Centre for Enterprise, Markets and Ethics",Oxford,,Temporary Worker (A rating),Charity Worker
The Centre for Justice Innovation UK,London,,Temporary Worker (A rating),Charity Worker
The Charlton Road Christian Church Trust,Birminham,,Temporary Worker (A rating),Charity Worker
The Children's Trust,Tadworth,Surrey,Temporary Worker (A rating),Charity Worker
The Chisholme Institute,Hawick,Scottish Borders,Temporary Worker (A rating),Charity Worker
"The Church of Scotland,",Edinburgh,,Temporary Worker (A rating),Charity Worker
THE CHURCH OF SIGNS AND WONDERS (UK) LTD,Leicester,,Temporary Worker (A rating),Charity Worker
The Cobden Centre,London,,Temporary Worker (A rating),Charity Worker
The Common Good Foundation,London,,Temporary Worker (A rating),Charity Worker
The Common Purpose Charitable Trust,London,,Temporary Worker (A rating),Charity Worker
The Community of Our Lady of Walsingham,Dereham,Norfolk,Temporary Worker (A rating),Charity Worker
The Cottage Family Centre,Kirkcaldy,Fife,Temporary Worker (A rating),Charity Worker
The Coventry Refugee and Migrant Centre,Coventry,,Temporary Worker (A rating),Charity Worker
The Dartington Hall Trust,Dartington,Devon,Temporary Worker (A rating),Charity Worker
The DataKirk,Edinburgh,,Temporary Worker (A rating),Charity Worker
The Dean Close Kingham Hill School,Chipping Norton,Oxfordshire,Temporary Worker (A rating),Charity Worker
The Dhammapadipa Temple,Edinburgh,,Temporary Worker (A rating),Charity Worker
The Ditchley Foundation,Chipping Norton,Oxfordshire,Temporary Worker (A rating),Charity Worker
The Donkey Sanctuary,Sidmouth,Devon,Temporary Worker (A rating),Charity Worker
The Elite Church,Tipton,,Temporary Worker (A rating),Charity Worker
The Enthum Foundation,Hove,East Sussex,Temporary Worker (A rating),Charity Worker
The Epaphras Trust,Glasgow,,Temporary Worker (A rating),Charity Worker
The Epiphany Trust,Astley,Manchester,Temporary Worker (A rating),Charity Worker
The Faith Health Project,lford,,Temporary Worker (A rating),Charity Worker
THE FATHER'S HOUSE CHURCH,Chessington,,Temporary Worker (A rating),Charity Worker
The Finnish Church in London Charitable Trust,London,,Temporary Worker (A rating),Charity Worker
The Forest of Marston Vale Trust,Marston Moretaine,Bedfordshire,Temporary Worker (A rating),Charity Worker
The Foundations Trust,Cambridge,Cambridgeshire,Temporary Worker (A rating),Charity Worker
The Friends of the Penlee Cluster,Penzance,Cornwall,Temporary Worker (A rating),Charity Worker
The Gate Church,Birmingham,West Midlands,Temporary Worker (A rating),Charity Worker
The Glencoe Trust Ltd,Glencoe,Argyll,Temporary Worker (A rating),Charity Worker
THE GLOBAL DIVERSITY FOUNDATION,Canterbury,Kent,Temporary Worker (A rating),Charity Worker
The Godolphin and Latymer School,London,,Temporary Worker (A rating),Charity Worker
The Godstowe Preparatory School Company Ltd,High Wycombe,Bucks,Temporary Worker (A rating),Charity Worker
THE GOODLUCK AND MELVILLE CHARITY,Boston,,Temporary Worker (A rating),Charity Worker
The Grain House Trust,Alton,,Temporary Worker (A rating),Charity Worker
The Green Team (Edinburgh & Lothians) Ltd,Edinburgh,,Temporary Worker (A rating),Charity Worker
The Gregory Centre For Church Multiplication,London,,Temporary Worker (A rating),Charity Worker
The Guru Nanak Nishkam Sewak Jatha (Birmingham) UK,Birmingham,West Midlands,Temporary Worker (A rating),Charity Worker
The Health and Social Care Alliance Scotland,Glasgow,,Temporary Worker (A rating),Charity Worker
The Henry Jackson Society,London,,Temporary Worker (A rating),Charity Worker
The Heralds Trust,Livingston,,Temporary Worker (A rating),Charity Worker
THE HILLS CHURCH,Londonderry,,Temporary Worker (A rating),Charity Worker
THE HOLY FAMILY SISTERS OF THE NEEDY,Essex,,Temporary Worker (A rating),Charity Worker
The Howard League for Penal Reform,London,,Temporary Worker (A rating),Charity Worker
The Incorporated Bishop's Stortford College Association,Bishop's Stortford,Hertfordshire,Temporary Worker (A rating),Charity Worker
The Institute of Physics,London,,Temporary Worker (A rating),Charity Worker
The Iona Community,Glasgow,,Temporary Worker (A rating),Charity Worker
The Islamic Cultural Centre Zakariyya Jaam'e Masjid,Bolton,,Temporary Worker (A rating),Charity Worker
The Islamic Diversity Centre,Newcastle upon Tyne,,Temporary Worker (A rating),Charity Worker
The Islington Chinese Association,London,,Temporary Worker (A rating),Charity Worker
The Javan Coker Foundation,London,,Temporary Worker (A rating),Charity Worker
The Kairos Initiative,Wirral,Merseyside,Temporary Worker (A rating),Charity Worker
The Karuna Trust,London,,Temporary Worker (A rating),Charity Worker
The King's Church Durham,Durham,Co Durham,Temporary Worker (A rating),Charity Worker
The King's School,Canterbury,Kent,Temporary Worker (A rating),Charity Worker
THE KINGSBOROUGH CENTRE,Uxbridge,,Temporary Worker (A rating),Charity Worker
The Lantern Community,Ringwood,,Temporary Worker (A rating),Charity Worker
The Larches Trust Limited,Middlesex,,Temporary Worker (A rating),Charity Worker
The Liberal Jewish Synagogue,London,,Temporary Worker (A rating),Charity Worker
The Lifescape Project,Long Stratton,Norfolk,Temporary Worker (A rating),Charity Worker
The Lighthouse Church - New Malden,New Malden,London,Temporary Worker (A rating),Charity Worker
The Log Cabin Charity,London,Greater London,Temporary Worker (A rating),Charity Worker
The Lord's Chosen Charistmatic Revival Ministries,London,,Temporary Worker (A rating),Charity Worker
The Loughborough Schools Foundation,Loughborough,Leicestershire,Temporary Worker (A rating),Charity Worker
The Machan Trust,Larkhall,South Lanarkshire,Temporary Worker (A rating),Charity Worker
THE MANCHESTER COMMUNITY AND YOUTH PROJECT,Bury,,Temporary Worker (A rating),Charity Worker
THE MATLIWALA FOUNDATION,PRESTON,LANCASHIRE,Temporary Worker (A rating),Charity Worker
The Message Trust,Manchester,,Temporary Worker (A rating),Charity Worker
The Midlands International Buddhist Association in the United Kingdom,Birmingham,West Midlands,Temporary Worker (A rating),Charity Worker
The Minster Fellowship,Chalfont St Peter,,Temporary Worker (A rating),Charity Worker
The Missionary Sisters of St Columban,London,,Temporary Worker (A rating),Charity Worker
The Mosque & Islamic Centre of Brent,London,,Temporary Worker (A rating),Charity Worker
The Mount Camphill Community Ltd.,Wadhurst,E. Sussex,Temporary Worker (A rating),Charity Worker
The Nautical Institute,LONDON,,Temporary Worker (A rating),Charity Worker
The Navigators UK Ltd,Southampton,,Temporary Worker (A rating),Charity Worker
The New Group of World Servers Trust Fund,GLASTONBURY,,Temporary Worker (A rating),Charity Worker
The Northampton Roman Catholic Diocesan Trust,Northampton,Northants,Temporary Worker (A rating),Charity Worker
The Norwegian Church,London,,Temporary Worker (A rating),Charity Worker
The Oak Foundation,London,,Temporary Worker (A rating),Charity Worker
The OIKOS Collective,"Erdington, Birmingham",West Midlands,Temporary Worker (A rating),Charity Worker
The Oratory Schools Association,Reading,Berkshire,Temporary Worker (A rating),Charity Worker
The Orders of St John Care Trust,Lincoln,Lincolnshire,Temporary Worker (A rating),Charity Worker
THE OVERCOMERS CHRISTIAN FELLOWSHIP INTERNATIONAL,PLYMOUTH,,Temporary Worker (A rating),Charity Worker
The Owls Trust,Llandudno,Conwy,Temporary Worker (A rating),Charity Worker
The Oxford Literary and Debating Union Charitable Trust,Oxford,Oxfordshire,Temporary Worker (A rating),Charity Worker
The Pais Project,Burnley,Lancashire,Temporary Worker (A rating),Charity Worker
the parochial church council of the ecclesiastical parish of nottingham st saviour,Nottingham,Nottinghamshire,Temporary Worker (A rating),Charity Worker
"THE PAROCHIAL CHURCH COUNCIL OF THE ECCLESIASTICAL PARISH OF ST EDMUND THE KING, ST MARY WOOLNOTH AND ST CLEMENT EASTCHEAP",London,,Temporary Worker (A rating),Charity Worker
"The Parochial Church Council of the Ecclesiastical Parish of St John the Baptist, Locks Heath",Southampton,Hampshire,Temporary Worker (A rating),Charity Worker
The Parochial Church Council of the Ecclesiastical Parish of St John the Divine with St James the Apostle Kennington,London,,Temporary Worker (A rating),Charity Worker
THE PAROCHIAL CHURCH COUNCIL OF THE ECCLESIASTICAL PARISH OF ST MARY BRYANSTON SQUARE WITH ST MARK ST MARYLEBONE,London,,Temporary Worker (A rating),Charity Worker
"THE PAROCHIAL CHURCH COUNCIL OF THE ECCLESIASTICAL PARISH OF ST MARY, ISLINGTON",London,,Temporary Worker (A rating),Charity Worker
"THE PAROCHIAL CHURCH COUNCIL OF THE ECCLESIASTICAL PARISH OF ST MICHAEL LE BELFREY WITH ST CUTHBERT, YORK",York,North Yorkshire,Temporary Worker (A rating),Charity Worker
THE PAROCHIAL CHURCH COUNCIL OF THE ECCLESIASTICAL PARISH OF ST PHILEMON TOXTETH,LIVERPOOL,,Temporary Worker (A rating),Charity Worker
The Parocial Church Council of All Saints Ryde,Ryde,Isle of Wight,Temporary Worker (A rating),Charity Worker
The Pasternak Trust,Oxford,,Temporary Worker (A rating),Charity Worker
The People's Theatre Company,Guildford,Surrey,Temporary Worker (A rating),Charity Worker
The Pirbright Institute,Surrey,,Temporary Worker (A rating),Charity Worker
The Queen Rania Foundation,London,,Temporary Worker (A rating),Charity Worker
"The Ramgarhia Board, Leeds",Leeds,West Yorkshire,Temporary Worker (A rating),Charity Worker
The Ramp,Manchester,,Temporary Worker (A rating),Charity Worker
The Read School,Selby,North Yorkshire,Temporary Worker (A rating),Charity Worker
The Reality of Faith and Love Ministry,Nottingham,,Temporary Worker (A rating),Charity Worker
The Redeemed Assemblies Canaanland,London,,Temporary Worker (A rating),Charity Worker
THE REDEEMED ASSEMBLIES TRUST,LONDON,,Temporary Worker (A rating),Charity Worker
The Redeemed Assemblies Trust (Love Power Centre),Manchester,,Temporary Worker (A rating),Charity Worker
The Redeemed Assemblies Trust Scotland,"Paisley,",Scotland,Temporary Worker (A rating),Charity Worker
The Redeemed Christian Christian Church of God (RCCG) Jubilee Christian Centre Wolverhampton,Wolverhampton,West Midlands,Temporary Worker (A rating),Charity Worker
THE REDEEMED CHRISTIAN CHURCH OF GOD ('RCCG') LIVING WATER PARISH,SOUTH WIMBLEDON,,Temporary Worker (A rating),Charity Worker
The Redeemed Christian Church of God (RCCG) City of David Wolverhampton,Wolverhampton,(none),Temporary Worker (A rating),Charity Worker
The Redeemed Christian Church of God - Winners' Way Loughton,Erith,,Temporary Worker (A rating),Charity Worker
THE REDEEMED CHRISTIAN CHURCH OF GOD KINGDOM LIFE ASSEMBLY BRIGHTON,BRIGHTON,EAST SUSSEX,Temporary Worker (A rating),Charity Worker
THE REDEEMED CHRISTIAN CHURCH OF GOD LIVING WORD WORTHING,Worthing,West Sussex,Temporary Worker (A rating),Charity Worker
THE REDEEMED CHRISTIAN CHURCH OF GOD SCOTLAND (RCCG SCOTLAND),Livingston,West Lothian,Temporary Worker (A rating),Charity Worker
"The Redeemed Christian Church of God, Covenant Sanctuary",Forest Gate,London,Temporary Worker (A rating),Charity Worker
THE REDEEMED CHRISTIAN CHURCH OF GOD- KINGDOM LIFE ASSEMBLY,DONCASTER,SOUTH YORKSHIRE,Temporary Worker (A rating),Charity Worker
The Redress Trust,London,London,Temporary Worker (A rating),Charity Worker
The Redwoods Caring Foundation,Edinburgh,,Temporary Worker (A rating),Charity Worker
The Renewal Trust,Nottingham,Nottingham,Temporary Worker (A rating),Charity Worker
THE RHEMA PENTECOSTAL CHURCH-UK,DERBY,,Temporary Worker (A rating),Charity Worker
The Royal Botanic Garden Edinburgh,Edinburgh,Midlothian,Temporary Worker (A rating),Charity Worker
The Royal High School GDST,Bath,,Temporary Worker (A rating),Charity Worker
The Royal Hospital of Neuro-Disability,London,,Temporary Worker (A rating),Charity Worker
The Royal United Services Institute,London,,Temporary Worker (A rating),Charity Worker
The Salisbury Centre SCIO,Edinburgh,,Temporary Worker (A rating),Charity Worker
The Salvation Army,London,London,Temporary Worker (A rating),Charity Worker
The Santiwongsaram Temple,Birmingham,,Temporary Worker (A rating),Charity Worker
The Scottish Crannog Centre Trust,Aberfeldy,Perthshire,Temporary Worker (A rating),Charity Worker
The Scottish Haitian Foundation,Avoch,Ross Shire,Temporary Worker (A rating),Charity Worker
The Scout Association,London,Essex,Temporary Worker (A rating),Charity Worker
The Shakespeare Globe Trust,London,,Temporary Worker (A rating),Charity Worker
"The Shepherd's Flock International Church, United Kingdom",Skegness,Lincolnshire,Temporary Worker (A rating),Charity Worker
The Simon Community,"London,",,Temporary Worker (A rating),Charity Worker
The Sons of Divine Providence,Kingston upon Thames,Surrey,Temporary Worker (A rating),Charity Worker
The Speedwell Trust Limited,Dungannon,County Tyrone,Temporary Worker (A rating),Charity Worker
The Stamford Endowed Schools,Stamford,Lincolnshire,Temporary Worker (A rating),Charity Worker
The Story Works (South),Lymington,Hants,Temporary Worker (A rating),Charity Worker
The Streetlife Trust Ltd,Blackpool,,Temporary Worker (A rating),Charity Worker
The Swedish Church in London Ltd,London,,Temporary Worker (A rating),Charity Worker
The Sword of The Spirit & Healing Ministry,Birmingham,Westmidlands,Temporary Worker (A rating),Charity Worker
The Tank Museum,Bovington,DORSET,Temporary Worker (A rating),Charity Worker
The Template Foundation,London,,Temporary Worker (A rating),Charity Worker
The United World College of the Atlantic Ltd,LLANTWIT MAJOR,,Temporary Worker (A rating),Charity Worker
The Vince Hines Foundation,LONDON,Greater London,Temporary Worker (A rating),Charity Worker
The Vincentian Volunteers Limited,Manchester,,Temporary Worker (A rating),Charity Worker
The Well Ministries,Shrewsbury,Shropshire,Temporary Worker (A rating),Charity Worker
The Well Sheffield Baptist Church,Sheffield,South Yorkshire,Temporary Worker (A rating),Charity Worker
The Widows Empowerment Trust,Manchester,,Temporary Worker (A rating),Charity Worker
The Word House Christian Ministries,Rochester,Kent,Temporary Worker (A rating),Charity Worker
The World Federation of Khoja Shia Ithna-Asheri Muslim Communities,Stanmore,,Temporary Worker (A rating),Charity Worker
The York Oratory Trust (CIO),York,,Temporary Worker (A rating),Charity Worker
TheSunniWay,Preston,Lancashire,Temporary Worker (A rating),Charity Worker
Thomas Mills High School,Woodbridge,Thomas Mills High School,Temporary Worker (A rating),Charity Worker
Thornage Hall Independent Living,Holt,Norfolk,Temporary Worker (A rating),Charity Worker
Thornleigh Camphill Communities Ltd,Thornbury,Bristol,Temporary Worker (A rating),Charity Worker
Tibetan Sakya Trust,London,Greater London,Temporary Worker (A rating),Charity Worker
TIDE NOURISH AID CHARITY,Chatham,,Temporary Worker (A rating),Charity Worker
Tigh A Chomainn Camphill Ltd,Aberdeen,Aberdeenshire,Temporary Worker (A rating),Charity Worker
Tilbury Education & Cultural Association,Essex,,Temporary Worker (A rating),Charity Worker
Time For God,York,,Temporary Worker (A rating),Charity Worker
Tiphereth Ltd,Edinburgh,,Temporary Worker (A rating),Charity Worker
TITHE CHARITABLE TRUST,STANFORD-LE-HOPE,ESSEX,Temporary Worker (A rating),Charity Worker
Today's Community Church,Wigan,Greater Manchester,Temporary Worker (A rating),Charity Worker
Tonbridge School,Tonbridge,Kent,Temporary Worker (A rating),Charity Worker
Tools for Self Reliance,Southampton,Hampshire,Temporary Worker (A rating),Charity Worker
Tools For Solidarity,Belfast,Down,Temporary Worker (A rating),Charity Worker
TOUCH OF LOVE OUTREACH,Aberdeen,,Temporary Worker (A rating),Charity Worker
Trafford Domestic Abuse Services,Trafford,Greater Manchester,Temporary Worker (A rating),Charity Worker
TrailFam,Basildon,England,Temporary Worker (A rating),Charity Worker
Transformations Leeds,Leeds,,Temporary Worker (A rating),Charity Worker
Transforming Lives for Good (TLG),Bradford,,Temporary Worker (A rating),Charity Worker
Trent Vineyard,Nottingham,Nottinghamshire,Temporary Worker (A rating),Charity Worker
Trimontium Museum Trust,Melrose,Scottish Borders,Temporary Worker (A rating),Charity Worker
Trinity Baptist Church,London,,Temporary Worker (A rating),Charity Worker
Triumphant Church International,Orpington,Kent,Temporary Worker (A rating),Charity Worker
TSABAOTH FREEDOM CENTRE,MANCHESTER,,Temporary Worker (A rating),Charity Worker
Tudor Hall School,Banbury,Oxfordshire,Temporary Worker (A rating),Charity Worker
UDICHI SHILPI GOSTHI,London,,Temporary Worker (A rating),Charity Worker
UGANDA CROYDON CATHOLIC COMMUNITY (UCCC),Croydon,Surrey,Temporary Worker (A rating),Charity Worker
UK Ambassadors for Christ Ltd,Coventry,,Temporary Worker (A rating),Charity Worker
UK CURRICULUM AND ACCREDITATION BODY (UKCAB),Birmingham,West Midlands,Temporary Worker (A rating),Charity Worker
UK GUAN YIN CITTA DHARMA DOOR BUDDHIST CHARITY FOUNDATION,London,,Temporary Worker (A rating),Charity Worker
Ullah Isa Trust,Milton Keymes,Buckinghamshire,Temporary Worker (A rating),Charity Worker
Umm ul Qura Foundation CIO,Bradford,,Temporary Worker (A rating),Charity Worker
UMMAH APPEAL,WOOLWHICH,,Temporary Worker (A rating),Charity Worker
Union Foundation,Bridgend,,Temporary Worker (A rating),Charity Worker
Unite,Birmingham,West Midlands,Temporary Worker (A rating),Charity Worker
United Christian Broadcasters Ltd,Stoke on Trent,,Temporary Worker (A rating),Charity Worker
Unity for Integration Project,Glasgow,Glasgow,Temporary Worker (A rating),Charity Worker
Universities and Colleges Christian Fellowship,Oxford,,Temporary Worker (A rating),Charity Worker
University of Edinburgh,Edinburgh,,Temporary Worker (A rating),Charity Worker
University of Exeter,Exeter,Devon,Temporary Worker (A rating),Charity Worker
Urban Key London,London,,Temporary Worker (A rating),Charity Worker
Vibe,Armagh,,Temporary Worker (A rating),Charity Worker
Victim Support NI,Belfast,,Temporary Worker (A rating),Charity Worker
Victoria and Albert Museum,London,,Temporary Worker (A rating),Charity Worker
Victoria's Smile Limited,Middlesex,,Temporary Worker (A rating),Charity Worker
VICTORY CHURCH OF CHRIST,LONDON,,Temporary Worker (A rating),Charity Worker
Victory Family Centre Glasgow,Glasgow,,Temporary Worker (A rating),Charity Worker
Victory Family Centre London,London,,Temporary Worker (A rating),Charity Worker
Victory Hill Church,Edinburgh,,Temporary Worker (A rating),Charity Worker
Victory Outreach,Salford,Lancashire,Temporary Worker (A rating),Charity Worker
Victory Outreach UK,Abertillery,Gwent,Temporary Worker (A rating),Charity Worker
Vine Church,Swindon,Wiltshire,Temporary Worker (A rating),Charity Worker
Vineyard 61 Church,London,,Temporary Worker (A rating),Charity Worker
VISION GOSPEL MINISTRIES INTERNATIONAL,london,,Temporary Worker (A rating),Charity Worker
Walhampton School,Lymington,Hampshire,Temporary Worker (A rating),Charity Worker
Wallington Christian Centre,Wallington,,Temporary Worker (A rating),Charity Worker
Walls of Salvation Brentwood Tamil Church,Brentwood,Essex,Temporary Worker (A rating),Charity Worker
Waltham Forest Muslim Burial Trust,London,,Temporary Worker (A rating),Charity Worker
Wandsworth Community Empowerment Network,Wandsworth,,Temporary Worker (A rating),Charity Worker
War Child UK,London,,Temporary Worker (A rating),Charity Worker
Warm Hearts Community Support,"Stoke-on-Trent,",,Temporary Worker (A rating),Charity Worker
WARM HUT UK,SALFORD,,Temporary Worker (A rating),Charity Worker
WAT ARUN NORFOLK UK,NORWICH,,Temporary Worker (A rating),Charity Worker
Wat Buddharam Leeds,Leeds,,Temporary Worker (A rating),Charity Worker
WAT MONGKHONWARARAM UK,LOUGHBOROUGH,,Temporary Worker (A rating),Charity Worker
Wat Pa Buddharam,Wellingborough,Northants,Temporary Worker (A rating),Charity Worker
WAT SRI INTRA ATULA,CRAWLEY,WEST SUSSEX,Temporary Worker (A rating),Charity Worker
Wat Thai Southend,Westcliff on Sea,Essex,Temporary Worker (A rating),Charity Worker
WATERSPRINGS CHRISTIAN CENTRE,LUTON,,Temporary Worker (A rating),Charity Worker
Watford Foodbank & Community Relief Trust (Watford Foodbank),Watford,,Temporary Worker (A rating),Charity Worker
WATFORD VELMURUGAN TRUST,WATFORD,HERTFORDSHIRE,Temporary Worker (A rating),Charity Worker
WAVE Trauma Centre,Belfast,Antrim,Temporary Worker (A rating),Charity Worker
WEC International,Coventry,West Midlands,Temporary Worker (A rating),Charity Worker
Wellsprings Community,Edinburgh,,Temporary Worker (A rating),Charity Worker
Wentworth Woodhouse Preservation Trust,Rotherham,South Yorkshire,Temporary Worker (A rating),Charity Worker
West African Development,Ashton Under Lyne,,Temporary Worker (A rating),Charity Worker
West Ardnamurchan Community Development Company,Acharacle,,Temporary Worker (A rating),Charity Worker
West Buckland School,Barnstaple,Devon,Temporary Worker (A rating),Charity Worker
West Dean College - The Edward James Foundation Ltd,CHICHESTER,West Sussex,Temporary Worker (A rating),Charity Worker
West London Islamic Centre,Greenford,,Temporary Worker (A rating),Charity Worker
WEST LONDON PENTECOSTAL CHURCH,HOUNSLOW,,Temporary Worker (A rating),Charity Worker
Westbourne House School,Chichester,West Sussex,Temporary Worker (A rating),Charity Worker
Westcountry Schools Trust,Ivybridge,Devon,Temporary Worker (A rating),Charity Worker
WESTMINSTER BANGLADESHI WELFARE TRUST,LONDON,ENGLAND,Temporary Worker (A rating),Charity Worker
Whale and dolphin Conservation,Moray,,Temporary Worker (A rating),Charity Worker
Wiener Holocaust Library,London,,Temporary Worker (A rating),Charity Worker
Wild Futures,Looe,Cornwall,Temporary Worker (A rating),Charity Worker
Wildfowl & Wetlands Trust,Gloucester,Gloucestershire,Temporary Worker (A rating),Charity Worker
Wildwood Church Stafford,Stafford,Staffs,Temporary Worker (A rating),Charity Worker
Willowfield Parish Community Association,Belfast,,Temporary Worker (A rating),Charity Worker
Winchester College,Winchester,Hampshire,Temporary Worker (A rating),Charity Worker
Winchester House School Trust Ltd,Brackley,Northants,Temporary Worker (A rating),Charity Worker
Windermere Educational Trust Limited,WINDERMERE,Cumbria,Temporary Worker (A rating),Charity Worker
Windle Trust International,Oxford,Oxfordshire,Temporary Worker (A rating),Charity Worker
Windlesham House School,Pulborough,West Sussex,Temporary Worker (A rating),Charity Worker
Winner???¢????????s family chapel international,Telford,,Temporary Worker (A rating),Charity Worker
WINSOR SKILLS TRAINING LTD,Birmingham,West Midlands,Temporary Worker (A rating),Charity Worker
Woldingham School,Caterham,Surrey,Temporary Worker (A rating),Charity Worker
WOLFSON COLLEGE CAMBRIDGE,CAMBRIDGE,,Temporary Worker (A rating),Charity Worker
WONDER FOUNDATION,London,,Temporary Worker (A rating),Charity Worker
WONDERFUL GOSPEL MINISTRIES,Rowley Regis,West Midlands,Temporary Worker (A rating),Charity Worker
Woodlands Group of Churches,Bristol,,Temporary Worker (A rating),Charity Worker
Word of Life Ministries UK Limited,Wellingborough,Northamptonshire,Temporary Worker (A rating),Charity Worker
Word Practitioners Ministry,Basildon,Essex,Temporary Worker (A rating),Charity Worker
World Association of Girl Guides & Girl Scouts,London,,Temporary Worker (A rating),Charity Worker
World Harvest (UK),Harrow,,Temporary Worker (A rating),Charity Worker
World Horizons,Llanelli,Carmarthenshire,Temporary Worker (A rating),Charity Worker
World Land Trust,Halesworth,Suffolk,Temporary Worker (A rating),Charity Worker
World Shirdi Sai Baba Organisation (UK),London,,Temporary Worker (A rating),Charity Worker
World Vision International Global Centre,Uxbridge,Middlesex,Temporary Worker (A rating),Charity Worker
Worth School,Turners Hill,West Sussex,Temporary Worker (A rating),Charity Worker
Wrekin Old Hall Trust Ltd,Telford,Shropshire,Temporary Worker (A rating),Charity Worker
Xtend Global,Worthing,West Sussex,Temporary Worker (A rating),Charity Worker
Yavneh College,Herts,Herts,Temporary Worker (A rating),Charity Worker
yipworld,Cumnock,East Ayrshire,Temporary Worker (A rating),Charity Worker
YMCA Fairthorne Group,Southampton,Hampshire,Temporary Worker (A rating),Charity Worker
YMCA Lakeside,Ulverston,Cumbria,Temporary Worker (A rating),Charity Worker
YMCA Thames Gateway,Romford,Essex,Temporary Worker (A rating),Charity Worker
Yorkshire Camps,Skipton,North Yorkshire,Temporary Worker (A rating),Charity Worker
Young Life International,Hoddesdon,,Temporary Worker (A rating),Charity Worker
Your Voice in Health & Social Care,Ealing,,Temporary Worker (A rating),Charity Worker
YOURGATEWAY2SUCCESS,CROYDON,SURREY,Temporary Worker (A rating),Charity Worker
Youth And Women Education Trust,Birmingham,West Midlands,Temporary Worker (A rating),Charity Worker
Youth Initiatives,Belfast,Co Antrim,Temporary Worker (A rating),Charity Worker
Youth League (UK) Ltd,Dagenham,Essex,Temporary Worker (A rating),Charity Worker
Youth Matters New Mills CIC,HIGH PEAK,,Temporary Worker (A rating),Charity Worker
YOUTH PROJECTS INTERNATIONAL,Maidstone,Kent,Temporary Worker (A rating),Charity Worker
Youth PWR Charity,Croydon,London,Temporary Worker (A rating),Charity Worker
Youth With A Mission (NI) ltd,Rostrevor,County Down,Temporary Worker (A rating),Charity Worker
Youth With A Mission Harpenden Ltd,Harpenden,HERTS,Temporary Worker (A rating),Charity Worker
Youth With A Mission Ltd,Nuneaton,,Temporary Worker (A rating),Charity Worker
Youth With a Mission Scotland Ltd,West Kilbride,Ayrshire,Temporary Worker (A rating),Charity Worker
YouthAction NI,Belfast,Antrim,Temporary Worker (A rating),Charity Worker
Youthscape Ltd,Luton,Bedfordshire,Temporary Worker (A rating),Charity Worker
Zion Christian Church,Wellingborough,Northamptonshire,Temporary Worker (A rating),Charity Worker
Zoe Aflame Christian Church,WALLASEY,,Temporary Worker (A rating),Charity Worker
ZOE CHRISTIAN CENTRE,LONDON,,Temporary Worker (A rating),Charity Worker
Zoological Society of London,London,,Temporary Worker (A rating),Charity Worker
