"risk_level","risk_score","review_priority","review_status","reviewer_name","review_date","item_id","category","source_file","generated","risk_reasons","stem","stem_zh","answer","rationale","rationale_zh","clinical_safety_notes","required_revision","approved_for_beta"
"high","100","review before beta","pending","","","NGN008","ngn","question_bank_expansion_50.json","no","high-risk category: ngn; high-risk keywords: breathing, oxygen, saturation, respiratory, shortness of breath, perfusion, pulmonary embolism; manual core item","Which cues are concerning in a client with possible pulmonary embolism? Select all that apply.","疑似肺栓塞病人哪些線索令人擔心？可多選。","A|B|C","Sudden dyspnea, pleuritic chest pain and low oxygen saturation are concerning respiratory/perfusion cues.","突發呼吸困難、呼吸性胸痛與低血氧提示呼吸/灌流風險。","","",""
"high","98","review before beta","pending","","","AUTO30_001","prioritization","question_bank_expansion_30.json","yes","high-risk category: prioritization; high-risk keywords: breathing, oxygen, saturation, respiratory, shortness of breath; scope/communication keywords: teach, teaching; generated expansion item","The nurse is caring for a postoperative client with new shortness of breath and oxygen saturation 88%. What should the nurse do first?","護理師照護一位術後病人，出現新發呼吸困難且血氧 88%。護理師應先做什麼？","A","New dyspnea with low oxygen saturation is an immediate breathing concern.","新發呼吸困難合併低血氧是立即的 breathing 風險。","","",""
"high","98","review before beta","pending","","","AUTO30_145","prioritization","question_bank_expansion_30.json","yes","high-risk category: prioritization; high-risk keywords: breathing, oxygen, saturation, respiratory, shortness of breath; scope/communication keywords: teach, teaching; generated expansion item","The nurse is caring for a postoperative client with new shortness of breath and oxygen saturation 88%. What should the nurse do first?","護理師照護一位術後病人，出現新發呼吸困難且血氧 88%。護理師應先做什麼？","A","New dyspnea with low oxygen saturation is an immediate breathing concern.","新發呼吸困難合併低血氧是立即的 breathing 風險。","","",""
"high","98","review before beta","pending","","","AUTO50_139","prioritization","question_bank_expansion_50.json","yes","high-risk category: prioritization; high-risk keywords: breathing, oxygen, saturation, respiratory, shortness of breath; scope/communication keywords: teach, teaching; generated expansion item","The nurse is caring for a postoperative client with new shortness of breath and oxygen saturation 88%. What should the nurse do first?","護理師照護一位術後病人，出現新發呼吸困難且血氧 88%。護理師應先做什麼？","A","New dyspnea with low oxygen saturation is an immediate breathing concern.","新發呼吸困難合併低血氧是立即的 breathing 風險。","","",""
"high","88","review before beta","pending","","","MC001","maternal_child","question_bank_beta_20.json","no","high-risk category: maternal_child; high-risk keywords: bleeding, postpartum, boggy, fundal, uterine; scope/communication keywords: assessment; manual core item","A postpartum client has a boggy uterus and heavy lochia. What should the nurse do first?","產後病人子宮鬆軟且惡露量多。護理師應先做什麼？","B","A boggy uterus with heavy lochia suggests uterine atony and bleeding risk. In this NCLEX-style context, fundal massage is the expected immediate nursing action for suspected atony, while real clinical practice should follow facility protocol and provider or midwifery guidance after assessment.","子宮鬆軟合併惡露量多提示子宮收縮乏力與出血風險，應立即按摩子宮底。","","",""
"high","86","review before beta","pending","","","AUTO30_002","pharmacology","question_bank_expansion_30.json","yes","high-risk category: pharmacology; high-risk keywords: bleeding, anticoagulation, warfarin, black stools; scope/communication keywords: teach; generated expansion item","A client taking warfarin needs nursing follow-up related to black stools. Which action is most appropriate?","使用 warfarin 的病人因黑便需要護理追蹤。哪項行動最合適？","B","Black stools may indicate gastrointestinal bleeding.","黑便可能提示胃腸道出血。","","",""
"high","86","review before beta","pending","","","AUTO30_038","pharmacology","question_bank_expansion_30.json","yes","high-risk category: pharmacology; high-risk keywords: bleeding, anticoagulation, warfarin, black stools; scope/communication keywords: teach; generated expansion item","A client taking warfarin needs nursing follow-up related to black stools. Which action is most appropriate?","使用 warfarin 的病人因黑便需要護理追蹤。哪項行動最合適？","B","Black stools may indicate gastrointestinal bleeding.","黑便可能提示胃腸道出血。","","",""
"high","86","review before beta","pending","","","AUTO30_074","pharmacology","question_bank_expansion_30.json","yes","high-risk category: pharmacology; high-risk keywords: bleeding, anticoagulation, warfarin, black stools; scope/communication keywords: teach; generated expansion item","A client taking warfarin needs nursing follow-up related to black stools. Which action is most appropriate?","使用 warfarin 的病人因黑便需要護理追蹤。哪項行動最合適？","B","Black stools may indicate gastrointestinal bleeding.","黑便可能提示胃腸道出血。","","",""
"high","86","review before beta","pending","","","AUTO30_082","prioritization","question_bank_expansion_30.json","yes","high-risk category: prioritization; high-risk keywords: hypoglycemia, blood glucose, hypoglycemia; scope/communication keywords: teach, teaching, assessment; generated expansion item","The nurse is caring for a client with diabetes with confusion, sweating and trembling. What should the nurse do first?","護理師照護一位糖尿病病人，出現混亂、出汗與顫抖。護理師應先做什麼？","B","These cues suggest possible hypoglycemia and require immediate assessment.","這些線索提示可能低血糖，需要立即評估。","","",""
"high","86","review before beta","pending","","","AUTO30_110","pharmacology","question_bank_expansion_30.json","yes","high-risk category: pharmacology; high-risk keywords: bleeding, anticoagulation, warfarin, black stools; scope/communication keywords: teach; generated expansion item","A client taking warfarin needs nursing follow-up related to black stools. Which action is most appropriate?","使用 warfarin 的病人因黑便需要護理追蹤。哪項行動最合適？","B","Black stools may indicate gastrointestinal bleeding.","黑便可能提示胃腸道出血。","","",""
"high","86","review before beta","pending","","","AUTO30_146","pharmacology","question_bank_expansion_30.json","yes","high-risk category: pharmacology; high-risk keywords: bleeding, anticoagulation, warfarin, black stools; scope/communication keywords: teach; generated expansion item","A client taking warfarin needs nursing follow-up related to black stools. Which action is most appropriate?","使用 warfarin 的病人因黑便需要護理追蹤。哪項行動最合適？","B","Black stools may indicate gastrointestinal bleeding.","黑便可能提示胃腸道出血。","","",""
"high","86","review before beta","pending","","","AUTO50_032","pharmacology","question_bank_expansion_50.json","yes","high-risk category: pharmacology; high-risk keywords: bleeding, anticoagulation, warfarin, black stools; scope/communication keywords: teach; generated expansion item","A client taking warfarin needs nursing follow-up related to black stools. Which action is most appropriate?","使用 warfarin 的病人因黑便需要護理追蹤。哪項行動最合適？","B","Black stools may indicate gastrointestinal bleeding.","黑便可能提示胃腸道出血。","","",""
"high","86","review before beta","pending","","","AUTO50_068","pharmacology","question_bank_expansion_50.json","yes","high-risk category: pharmacology; high-risk keywords: bleeding, anticoagulation, warfarin, black stools; scope/communication keywords: teach; generated expansion item","A client taking warfarin needs nursing follow-up related to black stools. Which action is most appropriate?","使用 warfarin 的病人因黑便需要護理追蹤。哪項行動最合適？","B","Black stools may indicate gastrointestinal bleeding.","黑便可能提示胃腸道出血。","","",""
"high","86","review before beta","pending","","","AUTO50_076","prioritization","question_bank_expansion_50.json","yes","high-risk category: prioritization; high-risk keywords: hypoglycemia, blood glucose, hypoglycemia; scope/communication keywords: teach, teaching, assessment; generated expansion item","The nurse is caring for a client with diabetes with confusion, sweating and trembling. What should the nurse do first?","護理師照護一位糖尿病病人，出現混亂、出汗與顫抖。護理師應先做什麼？","B","These cues suggest possible hypoglycemia and require immediate assessment.","這些線索提示可能低血糖，需要立即評估。","","",""
"high","86","review before beta","pending","","","AUTO50_104","pharmacology","question_bank_expansion_50.json","yes","high-risk category: pharmacology; high-risk keywords: bleeding, anticoagulation, warfarin, black stools; scope/communication keywords: teach; generated expansion item","A client taking warfarin needs nursing follow-up related to black stools. Which action is most appropriate?","使用 warfarin 的病人因黑便需要護理追蹤。哪項行動最合適？","B","Black stools may indicate gastrointestinal bleeding.","黑便可能提示胃腸道出血。","","",""
"high","86","review before beta","pending","","","AUTO50_140","pharmacology","question_bank_expansion_50.json","yes","high-risk category: pharmacology; high-risk keywords: bleeding, anticoagulation, warfarin, black stools; scope/communication keywords: teach; generated expansion item","A client taking warfarin needs nursing follow-up related to black stools. Which action is most appropriate?","使用 warfarin 的病人因黑便需要護理追蹤。哪項行動最合適？","B","Black stools may indicate gastrointestinal bleeding.","黑便可能提示胃腸道出血。","","",""
"high","86","review before beta","pending","","","AUTO50_176","pharmacology","question_bank_expansion_50.json","yes","high-risk category: pharmacology; high-risk keywords: bleeding, anticoagulation, warfarin, black stools; scope/communication keywords: teach; generated expansion item","A client taking warfarin needs nursing follow-up related to black stools. Which action is most appropriate?","使用 warfarin 的病人因黑便需要護理追蹤。哪項行動最合適？","B","Black stools may indicate gastrointestinal bleeding.","黑便可能提示胃腸道出血。","","",""
"high","86","review before beta","pending","","","AUTO50_212","pharmacology","question_bank_expansion_50.json","yes","high-risk category: pharmacology; high-risk keywords: bleeding, anticoagulation, warfarin, black stools; scope/communication keywords: teach; generated expansion item","A client taking warfarin needs nursing follow-up related to black stools. Which action is most appropriate?","使用 warfarin 的病人因黑便需要護理追蹤。哪項行動最合適？","B","Black stools may indicate gastrointestinal bleeding.","黑便可能提示胃腸道出血。","","",""
"high","86","review before beta","pending","","","AUTO50_220","prioritization","question_bank_expansion_50.json","yes","high-risk category: prioritization; high-risk keywords: hypoglycemia, blood glucose, hypoglycemia; scope/communication keywords: teach, teaching, assessment; generated expansion item","The nurse is caring for a client with diabetes with confusion, sweating and trembling. What should the nurse do first?","護理師照護一位糖尿病病人，出現混亂、出汗與顫抖。護理師應先做什麼？","B","These cues suggest possible hypoglycemia and require immediate assessment.","這些線索提示可能低血糖，需要立即評估。","","",""
"high","86","review before beta","pending","","","AUTO50_248","pharmacology","question_bank_expansion_50.json","yes","high-risk category: pharmacology; high-risk keywords: bleeding, anticoagulation, warfarin, black stools; scope/communication keywords: teach; generated expansion item","A client taking warfarin needs nursing follow-up related to black stools. Which action is most appropriate?","使用 warfarin 的病人因黑便需要護理追蹤。哪項行動最合適？","B","Black stools may indicate gastrointestinal bleeding.","黑便可能提示胃腸道出血。","","",""
"high","82","review before beta","pending","","","AUTO30_004","maternal_child","question_bank_expansion_30.json","yes","high-risk category: maternal_child; high-risk keywords: hypoglycemia, blood glucose, newborn, hypoglycemia; generated expansion item","A newborn has jitteriness and poor feeding. What is the best nursing response?","一位新生兒出現顫抖且餵食差。最佳護理反應是？","D","Jitteriness and poor feeding may indicate neonatal hypoglycemia.","顫抖和餵食差可能提示新生兒低血糖。","","",""
"high","82","review before beta","pending","","","AUTO30_013","maternal_child","question_bank_expansion_30.json","yes","high-risk category: maternal_child; high-risk keywords: bleeding, postpartum, boggy, uterine; generated expansion item","A postpartum client has boggy uterus and heavy lochia. What is the best nursing response?","一位產後病人出現子宮鬆軟且惡露多。最佳護理反應是？","A","Boggy uterus with heavy lochia suggests uterine atony and bleeding risk.","子宮鬆軟合併惡露多提示子宮收縮乏力與出血風險。","","",""
"high","82","review before beta","pending","","","AUTO30_022","maternal_child","question_bank_expansion_30.json","yes","high-risk category: maternal_child; high-risk keywords: hypoglycemia, blood glucose, newborn, hypoglycemia; generated expansion item","A newborn has jitteriness and poor feeding. What is the best nursing response?","一位新生兒出現顫抖且餵食差。最佳護理反應是？","B","Jitteriness and poor feeding may indicate neonatal hypoglycemia.","顫抖和餵食差可能提示新生兒低血糖。","","",""
"high","82","review before beta","pending","","","AUTO30_031","maternal_child","question_bank_expansion_30.json","yes","high-risk category: maternal_child; high-risk keywords: bleeding, postpartum, boggy, uterine; generated expansion item","A postpartum client has boggy uterus and heavy lochia. What is the best nursing response?","一位產後病人出現子宮鬆軟且惡露多。最佳護理反應是？","C","Boggy uterus with heavy lochia suggests uterine atony and bleeding risk.","子宮鬆軟合併惡露多提示子宮收縮乏力與出血風險。","","",""
"high","82","review before beta","pending","","","AUTO30_040","maternal_child","question_bank_expansion_30.json","yes","high-risk category: maternal_child; high-risk keywords: hypoglycemia, blood glucose, newborn, hypoglycemia; generated expansion item","A newborn has jitteriness and poor feeding. What is the best nursing response?","一位新生兒出現顫抖且餵食差。最佳護理反應是？","D","Jitteriness and poor feeding may indicate neonatal hypoglycemia.","顫抖和餵食差可能提示新生兒低血糖。","","",""
"high","82","review before beta","pending","","","AUTO30_049","maternal_child","question_bank_expansion_30.json","yes","high-risk category: maternal_child; high-risk keywords: bleeding, postpartum, boggy, uterine; generated expansion item","A postpartum client has boggy uterus and heavy lochia. What is the best nursing response?","一位產後病人出現子宮鬆軟且惡露多。最佳護理反應是？","A","Boggy uterus with heavy lochia suggests uterine atony and bleeding risk.","子宮鬆軟合併惡露多提示子宮收縮乏力與出血風險。","","",""
"high","82","review before beta","pending","","","AUTO30_058","maternal_child","question_bank_expansion_30.json","yes","high-risk category: maternal_child; high-risk keywords: hypoglycemia, blood glucose, newborn, hypoglycemia; generated expansion item","A newborn has jitteriness and poor feeding. What is the best nursing response?","一位新生兒出現顫抖且餵食差。最佳護理反應是？","B","Jitteriness and poor feeding may indicate neonatal hypoglycemia.","顫抖和餵食差可能提示新生兒低血糖。","","",""
"high","82","review before beta","pending","","","AUTO30_067","maternal_child","question_bank_expansion_30.json","yes","high-risk category: maternal_child; high-risk keywords: bleeding, postpartum, boggy, uterine; generated expansion item","A postpartum client has boggy uterus and heavy lochia. What is the best nursing response?","一位產後病人出現子宮鬆軟且惡露多。最佳護理反應是？","C","Boggy uterus with heavy lochia suggests uterine atony and bleeding risk.","子宮鬆軟合併惡露多提示子宮收縮乏力與出血風險。","","",""
"high","82","review before beta","pending","","","AUTO30_076","maternal_child","question_bank_expansion_30.json","yes","high-risk category: maternal_child; high-risk keywords: hypoglycemia, blood glucose, newborn, hypoglycemia; generated expansion item","A newborn has jitteriness and poor feeding. What is the best nursing response?","一位新生兒出現顫抖且餵食差。最佳護理反應是？","D","Jitteriness and poor feeding may indicate neonatal hypoglycemia.","顫抖和餵食差可能提示新生兒低血糖。","","",""
"high","82","review before beta","pending","","","AUTO30_085","maternal_child","question_bank_expansion_30.json","yes","high-risk category: maternal_child; high-risk keywords: bleeding, postpartum, boggy, uterine; generated expansion item","A postpartum client has boggy uterus and heavy lochia. What is the best nursing response?","一位產後病人出現子宮鬆軟且惡露多。最佳護理反應是？","A","Boggy uterus with heavy lochia suggests uterine atony and bleeding risk.","子宮鬆軟合併惡露多提示子宮收縮乏力與出血風險。","","",""
"high","82","review before beta","pending","","","AUTO30_091","prioritization","question_bank_expansion_30.json","yes","high-risk category: prioritization; high-risk keywords: sepsis, hypotension, perfusion; scope/communication keywords: teach, teaching; generated expansion item","The nurse is caring for a client with infection with new confusion, fever and blood pressure 86/52. What should the nurse do first?","護理師照護一位感染病人，出現新發混亂、發燒且血壓 86/52。護理師應先做什麼？","C","Infection plus hypotension and mental-status change is concerning for sepsis.","感染合併低血壓和意識變化令人擔心敗血症。","","",""
"high","82","review before beta","pending","","","AUTO30_094","maternal_child","question_bank_expansion_30.json","yes","high-risk category: maternal_child; high-risk keywords: hypoglycemia, blood glucose, newborn, hypoglycemia; generated expansion item","A newborn has jitteriness and poor feeding. What is the best nursing response?","一位新生兒出現顫抖且餵食差。最佳護理反應是？","B","Jitteriness and poor feeding may indicate neonatal hypoglycemia.","顫抖和餵食差可能提示新生兒低血糖。","","",""
"high","82","review before beta","pending","","","AUTO30_097","ngn","question_bank_expansion_30.json","yes","high-risk category: ngn; high-risk keywords: oxygen, saturation, shortness of breath; scope/communication keywords: teach, teaching; generated expansion item","Which action best reflects clinical judgment in this mixed safety case?","在這個混合安全情境中，哪項行動最能體現臨床判斷？","A","Clinical judgment requires recognizing urgent cues, prioritizing safety and applying the relevant protocol-sensitive intervention.","臨床判斷需要辨識緊急線索、排序安全風險，並採取相關且符合流程的干預。","","",""
"high","82","review before beta","pending","","","AUTO30_103","maternal_child","question_bank_expansion_30.json","yes","high-risk category: maternal_child; high-risk keywords: bleeding, postpartum, boggy, uterine; generated expansion item","A postpartum client has boggy uterus and heavy lochia. What is the best nursing response?","一位產後病人出現子宮鬆軟且惡露多。最佳護理反應是？","C","Boggy uterus with heavy lochia suggests uterine atony and bleeding risk.","子宮鬆軟合併惡露多提示子宮收縮乏力與出血風險。","","",""
"high","82","review before beta","pending","","","AUTO30_112","maternal_child","question_bank_expansion_30.json","yes","high-risk category: maternal_child; high-risk keywords: hypoglycemia, blood glucose, newborn, hypoglycemia; generated expansion item","A newborn has jitteriness and poor feeding. What is the best nursing response?","一位新生兒出現顫抖且餵食差。最佳護理反應是？","D","Jitteriness and poor feeding may indicate neonatal hypoglycemia.","顫抖和餵食差可能提示新生兒低血糖。","","",""
"high","82","review before beta","pending","","","AUTO30_121","maternal_child","question_bank_expansion_30.json","yes","high-risk category: maternal_child; high-risk keywords: bleeding, postpartum, boggy, uterine; generated expansion item","A postpartum client has boggy uterus and heavy lochia. What is the best nursing response?","一位產後病人出現子宮鬆軟且惡露多。最佳護理反應是？","A","Boggy uterus with heavy lochia suggests uterine atony and bleeding risk.","子宮鬆軟合併惡露多提示子宮收縮乏力與出血風險。","","",""
"high","82","review before beta","pending","","","AUTO30_130","maternal_child","question_bank_expansion_30.json","yes","high-risk category: maternal_child; high-risk keywords: hypoglycemia, blood glucose, newborn, hypoglycemia; generated expansion item","A newborn has jitteriness and poor feeding. What is the best nursing response?","一位新生兒出現顫抖且餵食差。最佳護理反應是？","B","Jitteriness and poor feeding may indicate neonatal hypoglycemia.","顫抖和餵食差可能提示新生兒低血糖。","","",""
"high","82","review before beta","pending","","","AUTO30_139","maternal_child","question_bank_expansion_30.json","yes","high-risk category: maternal_child; high-risk keywords: bleeding, postpartum, boggy, uterine; generated expansion item","A postpartum client has boggy uterus and heavy lochia. What is the best nursing response?","一位產後病人出現子宮鬆軟且惡露多。最佳護理反應是？","C","Boggy uterus with heavy lochia suggests uterine atony and bleeding risk.","子宮鬆軟合併惡露多提示子宮收縮乏力與出血風險。","","",""
"high","82","review before beta","pending","","","AUTO30_148","maternal_child","question_bank_expansion_30.json","yes","high-risk category: maternal_child; high-risk keywords: hypoglycemia, blood glucose, newborn, hypoglycemia; generated expansion item","A newborn has jitteriness and poor feeding. What is the best nursing response?","一位新生兒出現顫抖且餵食差。最佳護理反應是？","D","Jitteriness and poor feeding may indicate neonatal hypoglycemia.","顫抖和餵食差可能提示新生兒低血糖。","","",""
"high","82","review before beta","pending","","","AUTO50_007","maternal_child","question_bank_expansion_50.json","yes","high-risk category: maternal_child; high-risk keywords: bleeding, postpartum, boggy, uterine; generated expansion item","A postpartum client has boggy uterus and heavy lochia. What is the best nursing response?","一位產後病人出現子宮鬆軟且惡露多。最佳護理反應是？","A","Boggy uterus with heavy lochia suggests uterine atony and bleeding risk.","子宮鬆軟合併惡露多提示子宮收縮乏力與出血風險。","","",""
"high","82","review before beta","pending","","","AUTO50_016","maternal_child","question_bank_expansion_50.json","yes","high-risk category: maternal_child; high-risk keywords: hypoglycemia, blood glucose, newborn, hypoglycemia; generated expansion item","A newborn has jitteriness and poor feeding. What is the best nursing response?","一位新生兒出現顫抖且餵食差。最佳護理反應是？","B","Jitteriness and poor feeding may indicate neonatal hypoglycemia.","顫抖和餵食差可能提示新生兒低血糖。","","",""
"high","82","review before beta","pending","","","AUTO50_025","maternal_child","question_bank_expansion_50.json","yes","high-risk category: maternal_child; high-risk keywords: bleeding, postpartum, boggy, uterine; generated expansion item","A postpartum client has boggy uterus and heavy lochia. What is the best nursing response?","一位產後病人出現子宮鬆軟且惡露多。最佳護理反應是？","C","Boggy uterus with heavy lochia suggests uterine atony and bleeding risk.","子宮鬆軟合併惡露多提示子宮收縮乏力與出血風險。","","",""
"high","82","review before beta","pending","","","AUTO50_034","maternal_child","question_bank_expansion_50.json","yes","high-risk category: maternal_child; high-risk keywords: hypoglycemia, blood glucose, newborn, hypoglycemia; generated expansion item","A newborn has jitteriness and poor feeding. What is the best nursing response?","一位新生兒出現顫抖且餵食差。最佳護理反應是？","D","Jitteriness and poor feeding may indicate neonatal hypoglycemia.","顫抖和餵食差可能提示新生兒低血糖。","","",""
"high","82","review before beta","pending","","","AUTO50_043","maternal_child","question_bank_expansion_50.json","yes","high-risk category: maternal_child; high-risk keywords: bleeding, postpartum, boggy, uterine; generated expansion item","A postpartum client has boggy uterus and heavy lochia. What is the best nursing response?","一位產後病人出現子宮鬆軟且惡露多。最佳護理反應是？","A","Boggy uterus with heavy lochia suggests uterine atony and bleeding risk.","子宮鬆軟合併惡露多提示子宮收縮乏力與出血風險。","","",""
"high","82","review before beta","pending","","","AUTO50_052","maternal_child","question_bank_expansion_50.json","yes","high-risk category: maternal_child; high-risk keywords: hypoglycemia, blood glucose, newborn, hypoglycemia; generated expansion item","A newborn has jitteriness and poor feeding. What is the best nursing response?","一位新生兒出現顫抖且餵食差。最佳護理反應是？","B","Jitteriness and poor feeding may indicate neonatal hypoglycemia.","顫抖和餵食差可能提示新生兒低血糖。","","",""
"high","82","review before beta","pending","","","AUTO50_061","maternal_child","question_bank_expansion_50.json","yes","high-risk category: maternal_child; high-risk keywords: bleeding, postpartum, boggy, uterine; generated expansion item","A postpartum client has boggy uterus and heavy lochia. What is the best nursing response?","一位產後病人出現子宮鬆軟且惡露多。最佳護理反應是？","C","Boggy uterus with heavy lochia suggests uterine atony and bleeding risk.","子宮鬆軟合併惡露多提示子宮收縮乏力與出血風險。","","",""
"high","82","review before beta","pending","","","AUTO50_070","maternal_child","question_bank_expansion_50.json","yes","high-risk category: maternal_child; high-risk keywords: hypoglycemia, blood glucose, newborn, hypoglycemia; generated expansion item","A newborn has jitteriness and poor feeding. What is the best nursing response?","一位新生兒出現顫抖且餵食差。最佳護理反應是？","D","Jitteriness and poor feeding may indicate neonatal hypoglycemia.","顫抖和餵食差可能提示新生兒低血糖。","","",""
"high","82","review before beta","pending","","","AUTO50_079","maternal_child","question_bank_expansion_50.json","yes","high-risk category: maternal_child; high-risk keywords: bleeding, postpartum, boggy, uterine; generated expansion item","A postpartum client has boggy uterus and heavy lochia. What is the best nursing response?","一位產後病人出現子宮鬆軟且惡露多。最佳護理反應是？","A","Boggy uterus with heavy lochia suggests uterine atony and bleeding risk.","子宮鬆軟合併惡露多提示子宮收縮乏力與出血風險。","","",""
"high","82","review before beta","pending","","","AUTO50_085","prioritization","question_bank_expansion_50.json","yes","high-risk category: prioritization; high-risk keywords: sepsis, hypotension, perfusion; scope/communication keywords: teach, teaching; generated expansion item","The nurse is caring for a client with infection with new confusion, fever and blood pressure 86/52. What should the nurse do first?","護理師照護一位感染病人，出現新發混亂、發燒且血壓 86/52。護理師應先做什麼？","C","Infection plus hypotension and mental-status change is concerning for sepsis.","感染合併低血壓和意識變化令人擔心敗血症。","","",""
"high","82","review before beta","pending","","","AUTO50_088","maternal_child","question_bank_expansion_50.json","yes","high-risk category: maternal_child; high-risk keywords: hypoglycemia, blood glucose, newborn, hypoglycemia; generated expansion item","A newborn has jitteriness and poor feeding. What is the best nursing response?","一位新生兒出現顫抖且餵食差。最佳護理反應是？","B","Jitteriness and poor feeding may indicate neonatal hypoglycemia.","顫抖和餵食差可能提示新生兒低血糖。","","",""
"high","82","review before beta","pending","","","AUTO50_091","ngn","question_bank_expansion_50.json","yes","high-risk category: ngn; high-risk keywords: oxygen, saturation, shortness of breath; scope/communication keywords: teach, teaching; generated expansion item","Which action best reflects clinical judgment in this mixed safety case?","在這個混合安全情境中，哪項行動最能體現臨床判斷？","A","Clinical judgment requires recognizing urgent cues, prioritizing safety and applying the relevant protocol-sensitive intervention.","臨床判斷需要辨識緊急線索、排序安全風險，並採取相關且符合流程的干預。","","",""
"high","82","review before beta","pending","","","AUTO50_097","maternal_child","question_bank_expansion_50.json","yes","high-risk category: maternal_child; high-risk keywords: bleeding, postpartum, boggy, uterine; generated expansion item","A postpartum client has boggy uterus and heavy lochia. What is the best nursing response?","一位產後病人出現子宮鬆軟且惡露多。最佳護理反應是？","C","Boggy uterus with heavy lochia suggests uterine atony and bleeding risk.","子宮鬆軟合併惡露多提示子宮收縮乏力與出血風險。","","",""
"high","82","review before beta","pending","","","AUTO50_106","maternal_child","question_bank_expansion_50.json","yes","high-risk category: maternal_child; high-risk keywords: hypoglycemia, blood glucose, newborn, hypoglycemia; generated expansion item","A newborn has jitteriness and poor feeding. What is the best nursing response?","一位新生兒出現顫抖且餵食差。最佳護理反應是？","D","Jitteriness and poor feeding may indicate neonatal hypoglycemia.","顫抖和餵食差可能提示新生兒低血糖。","","",""
"high","82","review before beta","pending","","","AUTO50_115","maternal_child","question_bank_expansion_50.json","yes","high-risk category: maternal_child; high-risk keywords: bleeding, postpartum, boggy, uterine; generated expansion item","A postpartum client has boggy uterus and heavy lochia. What is the best nursing response?","一位產後病人出現子宮鬆軟且惡露多。最佳護理反應是？","A","Boggy uterus with heavy lochia suggests uterine atony and bleeding risk.","子宮鬆軟合併惡露多提示子宮收縮乏力與出血風險。","","",""
"high","82","review before beta","pending","","","AUTO50_124","maternal_child","question_bank_expansion_50.json","yes","high-risk category: maternal_child; high-risk keywords: hypoglycemia, blood glucose, newborn, hypoglycemia; generated expansion item","A newborn has jitteriness and poor feeding. What is the best nursing response?","一位新生兒出現顫抖且餵食差。最佳護理反應是？","B","Jitteriness and poor feeding may indicate neonatal hypoglycemia.","顫抖和餵食差可能提示新生兒低血糖。","","",""
"high","82","review before beta","pending","","","AUTO50_133","maternal_child","question_bank_expansion_50.json","yes","high-risk category: maternal_child; high-risk keywords: bleeding, postpartum, boggy, uterine; generated expansion item","A postpartum client has boggy uterus and heavy lochia. What is the best nursing response?","一位產後病人出現子宮鬆軟且惡露多。最佳護理反應是？","C","Boggy uterus with heavy lochia suggests uterine atony and bleeding risk.","子宮鬆軟合併惡露多提示子宮收縮乏力與出血風險。","","",""
"high","82","review before beta","pending","","","AUTO50_142","maternal_child","question_bank_expansion_50.json","yes","high-risk category: maternal_child; high-risk keywords: hypoglycemia, blood glucose, newborn, hypoglycemia; generated expansion item","A newborn has jitteriness and poor feeding. What is the best nursing response?","一位新生兒出現顫抖且餵食差。最佳護理反應是？","D","Jitteriness and poor feeding may indicate neonatal hypoglycemia.","顫抖和餵食差可能提示新生兒低血糖。","","",""
"high","82","review before beta","pending","","","AUTO50_151","maternal_child","question_bank_expansion_50.json","yes","high-risk category: maternal_child; high-risk keywords: bleeding, postpartum, boggy, uterine; generated expansion item","A postpartum client has boggy uterus and heavy lochia. What is the best nursing response?","一位產後病人出現子宮鬆軟且惡露多。最佳護理反應是？","A","Boggy uterus with heavy lochia suggests uterine atony and bleeding risk.","子宮鬆軟合併惡露多提示子宮收縮乏力與出血風險。","","",""
"high","82","review before beta","pending","","","AUTO50_160","maternal_child","question_bank_expansion_50.json","yes","high-risk category: maternal_child; high-risk keywords: hypoglycemia, blood glucose, newborn, hypoglycemia; generated expansion item","A newborn has jitteriness and poor feeding. What is the best nursing response?","一位新生兒出現顫抖且餵食差。最佳護理反應是？","B","Jitteriness and poor feeding may indicate neonatal hypoglycemia.","顫抖和餵食差可能提示新生兒低血糖。","","",""
"high","82","review before beta","pending","","","AUTO50_169","maternal_child","question_bank_expansion_50.json","yes","high-risk category: maternal_child; high-risk keywords: bleeding, postpartum, boggy, uterine; generated expansion item","A postpartum client has boggy uterus and heavy lochia. What is the best nursing response?","一位產後病人出現子宮鬆軟且惡露多。最佳護理反應是？","C","Boggy uterus with heavy lochia suggests uterine atony and bleeding risk.","子宮鬆軟合併惡露多提示子宮收縮乏力與出血風險。","","",""
"high","82","review before beta","pending","","","AUTO50_178","maternal_child","question_bank_expansion_50.json","yes","high-risk category: maternal_child; high-risk keywords: hypoglycemia, blood glucose, newborn, hypoglycemia; generated expansion item","A newborn has jitteriness and poor feeding. What is the best nursing response?","一位新生兒出現顫抖且餵食差。最佳護理反應是？","D","Jitteriness and poor feeding may indicate neonatal hypoglycemia.","顫抖和餵食差可能提示新生兒低血糖。","","",""
"high","82","review before beta","pending","","","AUTO50_187","maternal_child","question_bank_expansion_50.json","yes","high-risk category: maternal_child; high-risk keywords: bleeding, postpartum, boggy, uterine; generated expansion item","A postpartum client has boggy uterus and heavy lochia. What is the best nursing response?","一位產後病人出現子宮鬆軟且惡露多。最佳護理反應是？","A","Boggy uterus with heavy lochia suggests uterine atony and bleeding risk.","子宮鬆軟合併惡露多提示子宮收縮乏力與出血風險。","","",""
"high","82","review before beta","pending","","","AUTO50_196","maternal_child","question_bank_expansion_50.json","yes","high-risk category: maternal_child; high-risk keywords: hypoglycemia, blood glucose, newborn, hypoglycemia; generated expansion item","A newborn has jitteriness and poor feeding. What is the best nursing response?","一位新生兒出現顫抖且餵食差。最佳護理反應是？","B","Jitteriness and poor feeding may indicate neonatal hypoglycemia.","顫抖和餵食差可能提示新生兒低血糖。","","",""
"high","82","review before beta","pending","","","AUTO50_205","maternal_child","question_bank_expansion_50.json","yes","high-risk category: maternal_child; high-risk keywords: bleeding, postpartum, boggy, uterine; generated expansion item","A postpartum client has boggy uterus and heavy lochia. What is the best nursing response?","一位產後病人出現子宮鬆軟且惡露多。最佳護理反應是？","C","Boggy uterus with heavy lochia suggests uterine atony and bleeding risk.","子宮鬆軟合併惡露多提示子宮收縮乏力與出血風險。","","",""
"high","82","review before beta","pending","","","AUTO50_214","maternal_child","question_bank_expansion_50.json","yes","high-risk category: maternal_child; high-risk keywords: hypoglycemia, blood glucose, newborn, hypoglycemia; generated expansion item","A newborn has jitteriness and poor feeding. What is the best nursing response?","一位新生兒出現顫抖且餵食差。最佳護理反應是？","D","Jitteriness and poor feeding may indicate neonatal hypoglycemia.","顫抖和餵食差可能提示新生兒低血糖。","","",""
"high","82","review before beta","pending","","","AUTO50_223","maternal_child","question_bank_expansion_50.json","yes","high-risk category: maternal_child; high-risk keywords: bleeding, postpartum, boggy, uterine; generated expansion item","A postpartum client has boggy uterus and heavy lochia. What is the best nursing response?","一位產後病人出現子宮鬆軟且惡露多。最佳護理反應是？","A","Boggy uterus with heavy lochia suggests uterine atony and bleeding risk.","子宮鬆軟合併惡露多提示子宮收縮乏力與出血風險。","","",""
"high","82","review before beta","pending","","","AUTO50_229","prioritization","question_bank_expansion_50.json","yes","high-risk category: prioritization; high-risk keywords: sepsis, hypotension, perfusion; scope/communication keywords: teach, teaching; generated expansion item","The nurse is caring for a client with infection with new confusion, fever and blood pressure 86/52. What should the nurse do first?","護理師照護一位感染病人，出現新發混亂、發燒且血壓 86/52。護理師應先做什麼？","C","Infection plus hypotension and mental-status change is concerning for sepsis.","感染合併低血壓和意識變化令人擔心敗血症。","","",""
"high","82","review before beta","pending","","","AUTO50_232","maternal_child","question_bank_expansion_50.json","yes","high-risk category: maternal_child; high-risk keywords: hypoglycemia, blood glucose, newborn, hypoglycemia; generated expansion item","A newborn has jitteriness and poor feeding. What is the best nursing response?","一位新生兒出現顫抖且餵食差。最佳護理反應是？","B","Jitteriness and poor feeding may indicate neonatal hypoglycemia.","顫抖和餵食差可能提示新生兒低血糖。","","",""
"high","82","review before beta","pending","","","AUTO50_235","ngn","question_bank_expansion_50.json","yes","high-risk category: ngn; high-risk keywords: oxygen, saturation, shortness of breath; scope/communication keywords: teach, teaching; generated expansion item","Which action best reflects clinical judgment in this mixed safety case?","在這個混合安全情境中，哪項行動最能體現臨床判斷？","A","Clinical judgment requires recognizing urgent cues, prioritizing safety and applying the relevant protocol-sensitive intervention.","臨床判斷需要辨識緊急線索、排序安全風險，並採取相關且符合流程的干預。","","",""
"high","82","review before beta","pending","","","AUTO50_241","maternal_child","question_bank_expansion_50.json","yes","high-risk category: maternal_child; high-risk keywords: bleeding, postpartum, boggy, uterine; generated expansion item","A postpartum client has boggy uterus and heavy lochia. What is the best nursing response?","一位產後病人出現子宮鬆軟且惡露多。最佳護理反應是？","C","Boggy uterus with heavy lochia suggests uterine atony and bleeding risk.","子宮鬆軟合併惡露多提示子宮收縮乏力與出血風險。","","",""
"high","82","review before beta","pending","","","AUTO50_250","maternal_child","question_bank_expansion_50.json","yes","high-risk category: maternal_child; high-risk keywords: hypoglycemia, blood glucose, newborn, hypoglycemia; generated expansion item","A newborn has jitteriness and poor feeding. What is the best nursing response?","一位新生兒出現顫抖且餵食差。最佳護理反應是？","D","Jitteriness and poor feeding may indicate neonatal hypoglycemia.","顫抖和餵食差可能提示新生兒低血糖。","","",""
"high","80","review before beta","pending","","","MC005","maternal_child","question_bank_expansion_50.json","no","high-risk category: maternal_child; high-risk keywords: hypoglycemia, blood glucose, newborn, hypoglycemia; scope/communication keywords: assessment; manual core item","A newborn is jittery and has poor feeding. Which assessment is priority?","新生兒顫抖且餵食差。優先評估是？","A","Jitteriness and poor feeding may indicate hypoglycemia in a newborn.","新生兒顫抖和餵食差可能提示低血糖。","","",""
"high","80","review before beta","pending","","","P005","prioritization","question_bank_expansion_30.json","no","high-risk category: prioritization; high-risk keywords: hypoglycemia, blood glucose, hypoglycemia; scope/communication keywords: teach, teaching, assessment; manual core item","A client with diabetes is confused, diaphoretic and trembling. What should the nurse do first?","糖尿病病人混亂、出汗、顫抖。護理師應先做什麼？","A","The cues suggest possible hypoglycemia. Assessment of blood glucose is the immediate priority.","這些線索提示可能低血糖，立即檢查血糖是優先行動。","","",""
"high","80","review before beta","pending","","","P011","prioritization","question_bank_expansion_50.json","no","high-risk category: prioritization; high-risk keywords: respiratory, shortness of breath, pulmonary embolism; scope/communication keywords: teach, teaching, assessment; manual core item","A client after hip replacement reports sudden shortness of breath and chest pain. What is priority?","髖關節置換術後病人突發呼吸困難和胸痛。優先是？","A","Postoperative sudden dyspnea and chest pain may suggest pulmonary embolism and require urgent assessment.","術後突發呼吸困難和胸痛可能提示肺栓塞，需要緊急評估。","","",""
"high","76","review before beta","pending","","","NGN001","ngn","question_bank_beta_20.json","no","high-risk category: ngn; high-risk keywords: breathing, oxygen, saturation, shortness of breath; manual core item","Which cues require immediate nursing attention? Select all that apply.","哪些線索需要立即護理關注？可多選。","B|C|D","Worsening shortness of breath, restlessness and low oxygen saturation indicate immediate breathing/oxygenation concern.","呼吸困難加重、不安與血氧偏低提示立即 breathing/oxygenation 風險。","","",""
"high","76","review before beta","pending","","","P002","prioritization","question_bank_beta_20.json","no","high-risk category: prioritization; high-risk keywords: breathing, oxygen, saturation; scope/communication keywords: teach, teaching; manual core item","Which client should the nurse see first?","護理師應先看哪位病人？","A","A falling oxygen saturation is an immediate breathing concern and outranks teaching or comfort needs.","血氧下降屬於立即 breathing 風險，優先於教學或舒適需求。","","",""
"high","76","review before beta","pending","","","PH005","pharmacology","question_bank_expansion_30.json","no","high-risk category: pharmacology; high-risk keywords: bleeding, anticoagulation, heparin, intracranial; manual core item","A client receiving heparin has a sudden severe headache and confusion. What is the nurse's priority?","使用 heparin 的病人突然嚴重頭痛並意識混亂。護理師優先處理是？","A","Severe headache and confusion may indicate serious bleeding, including intracranial bleeding, in a client receiving anticoagulation.","抗凝治療中嚴重頭痛和混亂可能提示嚴重出血，包括顱內出血。","","",""
"high","74","review before beta","pending","","","AUTO30_010","prioritization","question_bank_expansion_30.json","yes","high-risk category: prioritization; high-risk keywords: airway, tracheostomy; scope/communication keywords: teach, teaching; generated expansion item","The nurse is caring for a client with a tracheostomy with high-pitched noise and anxiety. What should the nurse do first?","護理師照護一位氣切病人，出現高音調聲音與焦慮。護理師應先做什麼？","B","A high-pitched sound can signal airway obstruction.","高音調聲音可能提示呼吸道阻塞。","","",""
"high","74","review before beta","pending","","","AUTO30_019","prioritization","question_bank_expansion_30.json","yes","high-risk category: prioritization; high-risk keywords: bleeding, anticoagulation; scope/communication keywords: teach, teaching; generated expansion item","The nurse is caring for a client receiving anticoagulation with sudden severe headache and confusion. What should the nurse do first?","護理師照護一位接受抗凝治療的病人，出現突然嚴重頭痛與混亂。護理師應先做什麼？","C","Neurologic change during anticoagulation may indicate serious bleeding.","抗凝期間出現神經狀態變化可能提示嚴重出血。","","",""
"high","74","review before beta","pending","","","AUTO30_046","prioritization","question_bank_expansion_30.json","yes","high-risk category: prioritization; high-risk keywords: breathing, respiratory; scope/communication keywords: teach, teaching; generated expansion item","The nurse is caring for a client with COPD with increasing work of breathing and restlessness. What should the nurse do first?","護理師照護一位COPD 病人，出現呼吸做功增加且不安。護理師應先做什麼？","B","Restlessness can be a cue of hypoxia or distress.","不安可能是低氧或窘迫的線索。","","",""
"high","74","review before beta","pending","","","AUTO30_055","prioritization","question_bank_expansion_30.json","yes","high-risk category: prioritization; high-risk keywords: breathing, respiratory; scope/communication keywords: teach, teaching; generated expansion item","The nurse is caring for a client with asthma with wheezing and speaking in short phrases. What should the nurse do first?","護理師照護一位哮喘病人，出現喘鳴且只能短句說話。護理師應先做什麼？","C","Short phrases and wheezing indicate respiratory distress.","只能短句說話與喘鳴提示呼吸窘迫。","","",""
"high","74","review before beta","pending","","","AUTO30_100","prioritization","question_bank_expansion_30.json","yes","high-risk category: prioritization; high-risk keywords: potassium, hyperkalemia; scope/communication keywords: teach, teaching; generated expansion item","The nurse is caring for a client with chronic kidney disease with palpitations and potassium 6.3 mEq/L. What should the nurse do first?","護理師照護一位慢性腎病病人，出現心悸且鉀 6.3 mEq/L。護理師應先做什麼？","D","Hyperkalemia can cause life-threatening dysrhythmias.","高血鉀可造成危及生命的心律不整。","","",""
"high","74","review before beta","pending","","","AUTO30_109","prioritization","question_bank_expansion_30.json","yes","high-risk category: prioritization; high-risk keywords: head injury, intracranial; scope/communication keywords: teach, teaching; generated expansion item","The nurse is caring for a client with head injury with increasing drowsiness and vomiting. What should the nurse do first?","護理師照護一位頭部外傷病人，出現嗜睡加重與嘔吐。護理師應先做什麼？","A","Worsening neurologic cues after head injury may indicate increased intracranial pressure.","頭傷後神經線索惡化可能提示顱內壓升高。","","",""
"high","74","review before beta","pending","","","AUTO50_004","prioritization","question_bank_expansion_50.json","yes","high-risk category: prioritization; high-risk keywords: airway, tracheostomy; scope/communication keywords: teach, teaching; generated expansion item","The nurse is caring for a client with a tracheostomy with high-pitched noise and anxiety. What should the nurse do first?","護理師照護一位氣切病人，出現高音調聲音與焦慮。護理師應先做什麼？","B","A high-pitched sound can signal airway obstruction.","高音調聲音可能提示呼吸道阻塞。","","",""
"high","74","review before beta","pending","","","AUTO50_013","prioritization","question_bank_expansion_50.json","yes","high-risk category: prioritization; high-risk keywords: bleeding, anticoagulation; scope/communication keywords: teach, teaching; generated expansion item","The nurse is caring for a client receiving anticoagulation with sudden severe headache and confusion. What should the nurse do first?","護理師照護一位接受抗凝治療的病人，出現突然嚴重頭痛與混亂。護理師應先做什麼？","C","Neurologic change during anticoagulation may indicate serious bleeding.","抗凝期間出現神經狀態變化可能提示嚴重出血。","","",""
"high","74","review before beta","pending","","","AUTO50_040","prioritization","question_bank_expansion_50.json","yes","high-risk category: prioritization; high-risk keywords: breathing, respiratory; scope/communication keywords: teach, teaching; generated expansion item","The nurse is caring for a client with COPD with increasing work of breathing and restlessness. What should the nurse do first?","護理師照護一位COPD 病人，出現呼吸做功增加且不安。護理師應先做什麼？","B","Restlessness can be a cue of hypoxia or distress.","不安可能是低氧或窘迫的線索。","","",""
"high","74","review before beta","pending","","","AUTO50_049","prioritization","question_bank_expansion_50.json","yes","high-risk category: prioritization; high-risk keywords: breathing, respiratory; scope/communication keywords: teach, teaching; generated expansion item","The nurse is caring for a client with asthma with wheezing and speaking in short phrases. What should the nurse do first?","護理師照護一位哮喘病人，出現喘鳴且只能短句說話。護理師應先做什麼？","C","Short phrases and wheezing indicate respiratory distress.","只能短句說話與喘鳴提示呼吸窘迫。","","",""
"high","74","review before beta","pending","","","AUTO50_094","prioritization","question_bank_expansion_50.json","yes","high-risk category: prioritization; high-risk keywords: potassium, hyperkalemia; scope/communication keywords: teach, teaching; generated expansion item","The nurse is caring for a client with chronic kidney disease with palpitations and potassium 6.3 mEq/L. What should the nurse do first?","護理師照護一位慢性腎病病人，出現心悸且鉀 6.3 mEq/L。護理師應先做什麼？","D","Hyperkalemia can cause life-threatening dysrhythmias.","高血鉀可造成危及生命的心律不整。","","",""
"high","74","review before beta","pending","","","AUTO50_103","prioritization","question_bank_expansion_50.json","yes","high-risk category: prioritization; high-risk keywords: head injury, intracranial; scope/communication keywords: teach, teaching; generated expansion item","The nurse is caring for a client with head injury with increasing drowsiness and vomiting. What should the nurse do first?","護理師照護一位頭部外傷病人，出現嗜睡加重與嘔吐。護理師應先做什麼？","A","Worsening neurologic cues after head injury may indicate increased intracranial pressure.","頭傷後神經線索惡化可能提示顱內壓升高。","","",""
"high","74","review before beta","pending","","","AUTO50_148","prioritization","question_bank_expansion_50.json","yes","high-risk category: prioritization; high-risk keywords: airway, tracheostomy; scope/communication keywords: teach, teaching; generated expansion item","The nurse is caring for a client with a tracheostomy with high-pitched noise and anxiety. What should the nurse do first?","護理師照護一位氣切病人，出現高音調聲音與焦慮。護理師應先做什麼？","B","A high-pitched sound can signal airway obstruction.","高音調聲音可能提示呼吸道阻塞。","","",""
"high","74","review before beta","pending","","","AUTO50_157","prioritization","question_bank_expansion_50.json","yes","high-risk category: prioritization; high-risk keywords: bleeding, anticoagulation; scope/communication keywords: teach, teaching; generated expansion item","The nurse is caring for a client receiving anticoagulation with sudden severe headache and confusion. What should the nurse do first?","護理師照護一位接受抗凝治療的病人，出現突然嚴重頭痛與混亂。護理師應先做什麼？","C","Neurologic change during anticoagulation may indicate serious bleeding.","抗凝期間出現神經狀態變化可能提示嚴重出血。","","",""
"high","74","review before beta","pending","","","AUTO50_184","prioritization","question_bank_expansion_50.json","yes","high-risk category: prioritization; high-risk keywords: breathing, respiratory; scope/communication keywords: teach, teaching; generated expansion item","The nurse is caring for a client with COPD with increasing work of breathing and restlessness. What should the nurse do first?","護理師照護一位COPD 病人，出現呼吸做功增加且不安。護理師應先做什麼？","B","Restlessness can be a cue of hypoxia or distress.","不安可能是低氧或窘迫的線索。","","",""
"high","74","review before beta","pending","","","AUTO50_193","prioritization","question_bank_expansion_50.json","yes","high-risk category: prioritization; high-risk keywords: breathing, respiratory; scope/communication keywords: teach, teaching; generated expansion item","The nurse is caring for a client with asthma with wheezing and speaking in short phrases. What should the nurse do first?","護理師照護一位哮喘病人，出現喘鳴且只能短句說話。護理師應先做什麼？","C","Short phrases and wheezing indicate respiratory distress.","只能短句說話與喘鳴提示呼吸窘迫。","","",""
"high","74","review before beta","pending","","","AUTO50_238","prioritization","question_bank_expansion_50.json","yes","high-risk category: prioritization; high-risk keywords: potassium, hyperkalemia; scope/communication keywords: teach, teaching; generated expansion item","The nurse is caring for a client with chronic kidney disease with palpitations and potassium 6.3 mEq/L. What should the nurse do first?","護理師照護一位慢性腎病病人，出現心悸且鉀 6.3 mEq/L。護理師應先做什麼？","D","Hyperkalemia can cause life-threatening dysrhythmias.","高血鉀可造成危及生命的心律不整。","","",""
"high","74","review before beta","pending","","","AUTO50_247","prioritization","question_bank_expansion_50.json","yes","high-risk category: prioritization; high-risk keywords: head injury, intracranial; scope/communication keywords: teach, teaching; generated expansion item","The nurse is caring for a client with head injury with increasing drowsiness and vomiting. What should the nurse do first?","護理師照護一位頭部外傷病人，出現嗜睡加重與嘔吐。護理師應先做什麼？","A","Worsening neurologic cues after head injury may indicate increased intracranial pressure.","頭傷後神經線索惡化可能提示顱內壓升高。","","",""
"high","72","review before beta","pending","","","MC007","maternal_child","question_bank_expansion_50.json","no","high-risk category: maternal_child; high-risk keywords: uterine, late decelerations; scope/communication keywords: teach, teaching, escalation; manual core item","A laboring client has recurrent late decelerations. Which action is appropriate?","產程中胎心反覆 late decelerations。哪項行動合適？","A","Late decelerations may indicate uteroplacental insufficiency and require intrauterine resuscitation actions and escalation.","Late decelerations 可能提示子宮胎盤供血不足，需要相應處理和升級通報。","","",""
"high","72","review before beta","pending","","","P004","prioritization","question_bank_expansion_30.json","no","high-risk category: prioritization; high-risk keywords: breathing, oxygen, saturation; scope/communication keywords: assessment; manual core item","Which client should the nurse assess first after receiving shift report?","交班後護理師應先評估哪位病人？","A","Accessory muscle use with low oxygen saturation indicates breathing distress and requires priority assessment.","血氧低且使用輔助呼吸肌提示呼吸窘迫，需要優先評估。","","",""
"high","70","review before beta","pending","","","AUTO30_011","pharmacology","question_bank_expansion_30.json","yes","high-risk category: pharmacology; high-risk keywords: respiratory, opioid; scope/communication keywords: teach; generated expansion item","A client taking opioid analgesic needs nursing follow-up related to respiratory rate 8/min. Which action is most appropriate?","使用 opioid analgesic 的病人因呼吸 8 次/分需要護理追蹤。哪項行動最合適？","C","Respiratory depression is a priority opioid safety concern.","呼吸抑制是 opioid 的優先安全風險。","","",""
"high","70","review before beta","pending","","","AUTO30_020","pharmacology","question_bank_expansion_30.json","yes","high-risk category: pharmacology; high-risk keywords: hypotension, nitroglycerin; scope/communication keywords: teach; generated expansion item","A client taking nitroglycerin needs nursing follow-up related to use with erectile dysfunction medication. Which action is most appropriate?","使用 nitroglycerin 的病人因與勃起功能障礙藥合用需要護理追蹤。哪項行動最合適？","D","Nitroglycerin and PDE-5 inhibitors can create dangerous hypotension.","Nitroglycerin 與 PDE-5 inhibitor 可造成危險低血壓。","","",""
"high","70","review before beta","pending","","","AUTO30_047","pharmacology","question_bank_expansion_30.json","yes","high-risk category: pharmacology; high-risk keywords: respiratory, opioid; scope/communication keywords: teach; generated expansion item","A client taking opioid analgesic needs nursing follow-up related to respiratory rate 8/min. Which action is most appropriate?","使用 opioid analgesic 的病人因呼吸 8 次/分需要護理追蹤。哪項行動最合適？","C","Respiratory depression is a priority opioid safety concern.","呼吸抑制是 opioid 的優先安全風險。","","",""
"high","70","review before beta","pending","","","AUTO30_056","pharmacology","question_bank_expansion_30.json","yes","high-risk category: pharmacology; high-risk keywords: hypotension, nitroglycerin; scope/communication keywords: teach; generated expansion item","A client taking nitroglycerin needs nursing follow-up related to use with erectile dysfunction medication. Which action is most appropriate?","使用 nitroglycerin 的病人因與勃起功能障礙藥合用需要護理追蹤。哪項行動最合適？","D","Nitroglycerin and PDE-5 inhibitors can create dangerous hypotension.","Nitroglycerin 與 PDE-5 inhibitor 可造成危險低血壓。","","",""
"high","70","review before beta","pending","","","AUTO30_083","pharmacology","question_bank_expansion_30.json","yes","high-risk category: pharmacology; high-risk keywords: respiratory, opioid; scope/communication keywords: teach; generated expansion item","A client taking opioid analgesic needs nursing follow-up related to respiratory rate 8/min. Which action is most appropriate?","使用 opioid analgesic 的病人因呼吸 8 次/分需要護理追蹤。哪項行動最合適？","C","Respiratory depression is a priority opioid safety concern.","呼吸抑制是 opioid 的優先安全風險。","","",""
"high","70","review before beta","pending","","","AUTO30_092","pharmacology","question_bank_expansion_30.json","yes","high-risk category: pharmacology; high-risk keywords: hypotension, nitroglycerin; scope/communication keywords: teach; generated expansion item","A client taking nitroglycerin needs nursing follow-up related to use with erectile dysfunction medication. Which action is most appropriate?","使用 nitroglycerin 的病人因與勃起功能障礙藥合用需要護理追蹤。哪項行動最合適？","D","Nitroglycerin and PDE-5 inhibitors can create dangerous hypotension.","Nitroglycerin 與 PDE-5 inhibitor 可造成危險低血壓。","","",""
"high","70","review before beta","pending","","","AUTO30_119","pharmacology","question_bank_expansion_30.json","yes","high-risk category: pharmacology; high-risk keywords: respiratory, opioid; scope/communication keywords: teach; generated expansion item","A client taking opioid analgesic needs nursing follow-up related to respiratory rate 8/min. Which action is most appropriate?","使用 opioid analgesic 的病人因呼吸 8 次/分需要護理追蹤。哪項行動最合適？","C","Respiratory depression is a priority opioid safety concern.","呼吸抑制是 opioid 的優先安全風險。","","",""
"high","70","review before beta","pending","","","AUTO30_128","pharmacology","question_bank_expansion_30.json","yes","high-risk category: pharmacology; high-risk keywords: hypotension, nitroglycerin; scope/communication keywords: teach; generated expansion item","A client taking nitroglycerin needs nursing follow-up related to use with erectile dysfunction medication. Which action is most appropriate?","使用 nitroglycerin 的病人因與勃起功能障礙藥合用需要護理追蹤。哪項行動最合適？","D","Nitroglycerin and PDE-5 inhibitors can create dangerous hypotension.","Nitroglycerin 與 PDE-5 inhibitor 可造成危險低血壓。","","",""
"high","70","review before beta","pending","","","AUTO50_005","pharmacology","question_bank_expansion_50.json","yes","high-risk category: pharmacology; high-risk keywords: respiratory, opioid; scope/communication keywords: teach; generated expansion item","A client taking opioid analgesic needs nursing follow-up related to respiratory rate 8/min. Which action is most appropriate?","使用 opioid analgesic 的病人因呼吸 8 次/分需要護理追蹤。哪項行動最合適？","C","Respiratory depression is a priority opioid safety concern.","呼吸抑制是 opioid 的優先安全風險。","","",""
"high","70","review before beta","pending","","","AUTO50_014","pharmacology","question_bank_expansion_50.json","yes","high-risk category: pharmacology; high-risk keywords: hypotension, nitroglycerin; scope/communication keywords: teach; generated expansion item","A client taking nitroglycerin needs nursing follow-up related to use with erectile dysfunction medication. Which action is most appropriate?","使用 nitroglycerin 的病人因與勃起功能障礙藥合用需要護理追蹤。哪項行動最合適？","D","Nitroglycerin and PDE-5 inhibitors can create dangerous hypotension.","Nitroglycerin 與 PDE-5 inhibitor 可造成危險低血壓。","","",""
"high","70","review before beta","pending","","","AUTO50_041","pharmacology","question_bank_expansion_50.json","yes","high-risk category: pharmacology; high-risk keywords: respiratory, opioid; scope/communication keywords: teach; generated expansion item","A client taking opioid analgesic needs nursing follow-up related to respiratory rate 8/min. Which action is most appropriate?","使用 opioid analgesic 的病人因呼吸 8 次/分需要護理追蹤。哪項行動最合適？","C","Respiratory depression is a priority opioid safety concern.","呼吸抑制是 opioid 的優先安全風險。","","",""
"high","70","review before beta","pending","","","AUTO50_050","pharmacology","question_bank_expansion_50.json","yes","high-risk category: pharmacology; high-risk keywords: hypotension, nitroglycerin; scope/communication keywords: teach; generated expansion item","A client taking nitroglycerin needs nursing follow-up related to use with erectile dysfunction medication. Which action is most appropriate?","使用 nitroglycerin 的病人因與勃起功能障礙藥合用需要護理追蹤。哪項行動最合適？","D","Nitroglycerin and PDE-5 inhibitors can create dangerous hypotension.","Nitroglycerin 與 PDE-5 inhibitor 可造成危險低血壓。","","",""
"high","70","review before beta","pending","","","AUTO50_077","pharmacology","question_bank_expansion_50.json","yes","high-risk category: pharmacology; high-risk keywords: respiratory, opioid; scope/communication keywords: teach; generated expansion item","A client taking opioid analgesic needs nursing follow-up related to respiratory rate 8/min. Which action is most appropriate?","使用 opioid analgesic 的病人因呼吸 8 次/分需要護理追蹤。哪項行動最合適？","C","Respiratory depression is a priority opioid safety concern.","呼吸抑制是 opioid 的優先安全風險。","","",""
"high","70","review before beta","pending","","","AUTO50_086","pharmacology","question_bank_expansion_50.json","yes","high-risk category: pharmacology; high-risk keywords: hypotension, nitroglycerin; scope/communication keywords: teach; generated expansion item","A client taking nitroglycerin needs nursing follow-up related to use with erectile dysfunction medication. Which action is most appropriate?","使用 nitroglycerin 的病人因與勃起功能障礙藥合用需要護理追蹤。哪項行動最合適？","D","Nitroglycerin and PDE-5 inhibitors can create dangerous hypotension.","Nitroglycerin 與 PDE-5 inhibitor 可造成危險低血壓。","","",""
"high","70","review before beta","pending","","","AUTO50_113","pharmacology","question_bank_expansion_50.json","yes","high-risk category: pharmacology; high-risk keywords: respiratory, opioid; scope/communication keywords: teach; generated expansion item","A client taking opioid analgesic needs nursing follow-up related to respiratory rate 8/min. Which action is most appropriate?","使用 opioid analgesic 的病人因呼吸 8 次/分需要護理追蹤。哪項行動最合適？","C","Respiratory depression is a priority opioid safety concern.","呼吸抑制是 opioid 的優先安全風險。","","",""
"high","70","review before beta","pending","","","AUTO50_122","pharmacology","question_bank_expansion_50.json","yes","high-risk category: pharmacology; high-risk keywords: hypotension, nitroglycerin; scope/communication keywords: teach; generated expansion item","A client taking nitroglycerin needs nursing follow-up related to use with erectile dysfunction medication. Which action is most appropriate?","使用 nitroglycerin 的病人因與勃起功能障礙藥合用需要護理追蹤。哪項行動最合適？","D","Nitroglycerin and PDE-5 inhibitors can create dangerous hypotension.","Nitroglycerin 與 PDE-5 inhibitor 可造成危險低血壓。","","",""
"high","70","review before beta","pending","","","AUTO50_149","pharmacology","question_bank_expansion_50.json","yes","high-risk category: pharmacology; high-risk keywords: respiratory, opioid; scope/communication keywords: teach; generated expansion item","A client taking opioid analgesic needs nursing follow-up related to respiratory rate 8/min. Which action is most appropriate?","使用 opioid analgesic 的病人因呼吸 8 次/分需要護理追蹤。哪項行動最合適？","C","Respiratory depression is a priority opioid safety concern.","呼吸抑制是 opioid 的優先安全風險。","","",""
"high","70","review before beta","pending","","","AUTO50_158","pharmacology","question_bank_expansion_50.json","yes","high-risk category: pharmacology; high-risk keywords: hypotension, nitroglycerin; scope/communication keywords: teach; generated expansion item","A client taking nitroglycerin needs nursing follow-up related to use with erectile dysfunction medication. Which action is most appropriate?","使用 nitroglycerin 的病人因與勃起功能障礙藥合用需要護理追蹤。哪項行動最合適？","D","Nitroglycerin and PDE-5 inhibitors can create dangerous hypotension.","Nitroglycerin 與 PDE-5 inhibitor 可造成危險低血壓。","","",""
"high","70","review before beta","pending","","","AUTO50_185","pharmacology","question_bank_expansion_50.json","yes","high-risk category: pharmacology; high-risk keywords: respiratory, opioid; scope/communication keywords: teach; generated expansion item","A client taking opioid analgesic needs nursing follow-up related to respiratory rate 8/min. Which action is most appropriate?","使用 opioid analgesic 的病人因呼吸 8 次/分需要護理追蹤。哪項行動最合適？","C","Respiratory depression is a priority opioid safety concern.","呼吸抑制是 opioid 的優先安全風險。","","",""
"high","70","review before beta","pending","","","AUTO50_194","pharmacology","question_bank_expansion_50.json","yes","high-risk category: pharmacology; high-risk keywords: hypotension, nitroglycerin; scope/communication keywords: teach; generated expansion item","A client taking nitroglycerin needs nursing follow-up related to use with erectile dysfunction medication. Which action is most appropriate?","使用 nitroglycerin 的病人因與勃起功能障礙藥合用需要護理追蹤。哪項行動最合適？","D","Nitroglycerin and PDE-5 inhibitors can create dangerous hypotension.","Nitroglycerin 與 PDE-5 inhibitor 可造成危險低血壓。","","",""
"high","70","review before beta","pending","","","AUTO50_221","pharmacology","question_bank_expansion_50.json","yes","high-risk category: pharmacology; high-risk keywords: respiratory, opioid; scope/communication keywords: teach; generated expansion item","A client taking opioid analgesic needs nursing follow-up related to respiratory rate 8/min. Which action is most appropriate?","使用 opioid analgesic 的病人因呼吸 8 次/分需要護理追蹤。哪項行動最合適？","C","Respiratory depression is a priority opioid safety concern.","呼吸抑制是 opioid 的優先安全風險。","","",""
"high","70","review before beta","pending","","","AUTO50_230","pharmacology","question_bank_expansion_50.json","yes","high-risk category: pharmacology; high-risk keywords: hypotension, nitroglycerin; scope/communication keywords: teach; generated expansion item","A client taking nitroglycerin needs nursing follow-up related to use with erectile dysfunction medication. Which action is most appropriate?","使用 nitroglycerin 的病人因與勃起功能障礙藥合用需要護理追蹤。哪項行動最合適？","D","Nitroglycerin and PDE-5 inhibitors can create dangerous hypotension.","Nitroglycerin 與 PDE-5 inhibitor 可造成危險低血壓。","","",""
"high","68","review before beta","pending","","","MC006","maternal_child","question_bank_expansion_50.json","no","high-risk category: maternal_child; high-risk keywords: saturation, bleeding, postpartum; manual core item","Which postpartum finding should the nurse report promptly?","產後哪個發現應及時回報？","A","Rapid pad saturation suggests excessive bleeding and requires prompt action.","產墊快速浸透提示出血過多，需要及時處理。","","",""
"high","68","review before beta","pending","","","NGN003","ngn","question_bank_expansion_30.json","no","high-risk category: ngn; high-risk keywords: sepsis, hypotension, perfusion; manual core item","Which cues suggest possible sepsis? Select all that apply.","哪些線索提示可能敗血症？可多選。","A|B|C|D","Infection with mental status change, fever, tachycardia and hypotension is concerning for sepsis and poor perfusion.","感染合併意識變化、發燒、心動過速與低血壓提示敗血症與灌流不良風險。","","",""
"high","68","review before beta","pending","","","P009","prioritization","question_bank_expansion_50.json","no","high-risk category: prioritization; high-risk keywords: head injury, intracranial; scope/communication keywords: teach, teaching; manual core item","A client with a head injury becomes increasingly drowsy and vomits. What is the priority?","頭部外傷病人越來越嗜睡並嘔吐。優先處理是？","A","Worsening drowsiness and vomiting after head injury may indicate increased intracranial pressure.","頭傷後嗜睡加重和嘔吐可能提示顱內壓升高。","","",""
"high","68","review before beta","pending","","","PH006","pharmacology","question_bank_expansion_30.json","no","high-risk category: pharmacology; high-risk keywords: blood glucose, prednisone; scope/communication keywords: teach, teaching; manual core item","Which statement by a client taking prednisone requires further teaching?","服用 prednisone 的病人哪句話表示需要進一步教學？","B","Steroids should not be stopped abruptly without provider guidance due to adrenal suppression risk.","類固醇不應未經指示突然停用，因有腎上腺抑制風險。","","",""
"high","68","review before beta","pending","","","PH007","pharmacology","question_bank_expansion_30.json","no","high-risk category: pharmacology; high-risk keywords: hypoglycemia, insulin, hypoglycemia; manual core item","A client with diabetes is prescribed insulin lispro. Which timing instruction is most appropriate?","糖尿病病人使用 insulin lispro。哪項時間指導最合適？","A","Rapid-acting insulin is usually administered close to mealtime to reduce hypoglycemia risk.","速效胰島素通常接近進餐時間使用，以降低低血糖風險。","","",""
"high","68","review before beta","pending","","","PH008","pharmacology","question_bank_expansion_30.json","no","high-risk category: pharmacology; high-risk keywords: hypotension, nitroglycerin; scope/communication keywords: teach, teaching; manual core item","Which client statement about nitroglycerin requires further teaching?","關於 nitroglycerin，病人哪句話表示需要進一步教學？","C","Nitroglycerin should not be combined with PDE-5 inhibitor erectile dysfunction medications due to severe hypotension risk.","Nitroglycerin 不應與 PDE-5 inhibitor 類勃起功能障礙藥合用，因可能造成嚴重低血壓。","","",""
"high","66","review before beta","pending","","","AUTO30_012","safety_infection","question_bank_expansion_30.json","yes","high-risk category: safety_infection; high-risk keywords: airway, seizure; generated expansion item","Which nursing action is most appropriate for seizure in bed when the issue is injury prevention and side positioning when possible?","當問題是防傷並可行時側臥時，對於床上抽搐哪項護理行動最合適？","D","Do not place objects in the mouth during a seizure.","抽搐時不要把物品放入口中。","","",""
"high","66","review before beta","pending","","","AUTO30_028","prioritization","question_bank_expansion_30.json","yes","high-risk category: prioritization; high-risk keywords: blood transfusion; scope/communication keywords: teach, teaching; generated expansion item","The nurse is caring for a client receiving a blood transfusion with chills, fever and back pain. What should the nurse do first?","護理師照護一位輸血中病人，出現寒顫、發燒與背痛。護理師應先做什麼？","D","These findings may indicate a transfusion reaction.","這些發現可能提示輸血反應。","","",""
"high","66","review before beta","pending","","","AUTO30_037","prioritization","question_bank_expansion_30.json","yes","high-risk category: prioritization; high-risk keywords: stroke; scope/communication keywords: teach, teaching; generated expansion item","The nurse is caring for a client with possible stroke with new facial droop and slurred speech. What should the nurse do first?","護理師照護一位疑似中風病人，出現新發臉歪與言語含糊。護理師應先做什麼？","A","Stroke symptoms require rapid time-sensitive response.","中風症狀需要快速且有時間敏感性的處理。","","",""
"high","66","review before beta","pending","","","AUTO30_043","ngn","question_bank_expansion_30.json","yes","high-risk category: ngn; high-risk keywords: aspiration; scope/communication keywords: teach, teaching; generated expansion item","Which action best reflects clinical judgment in this mixed safety case?","在這個混合安全情境中，哪項行動最能體現臨床判斷？","C","Clinical judgment requires recognizing urgent cues, prioritizing safety and applying the relevant protocol-sensitive intervention.","臨床判斷需要辨識緊急線索、排序安全風險，並採取相關且符合流程的干預。","","",""
"high","66","review before beta","pending","","","AUTO30_052","ngn","question_bank_expansion_30.json","yes","high-risk category: ngn; high-risk keywords: potassium; scope/communication keywords: teach, teaching; generated expansion item","Which action best reflects clinical judgment in this mixed safety case?","在這個混合安全情境中，哪項行動最能體現臨床判斷？","D","Clinical judgment requires recognizing urgent cues, prioritizing safety and applying the relevant protocol-sensitive intervention.","臨床判斷需要辨識緊急線索、排序安全風險，並採取相關且符合流程的干預。","","",""
"high","66","review before beta","pending","","","AUTO30_064","prioritization","question_bank_expansion_30.json","yes","high-risk category: prioritization; high-risk keywords: airway; scope/communication keywords: teach, teaching; generated expansion item","The nurse is caring for a client after thyroidectomy with tingling around the mouth and muscle twitching. What should the nurse do first?","護理師照護一位甲狀腺切除後病人，出現口周麻與肌肉抽動。護理師應先做什麼？","D","Tingling and twitching can indicate hypocalcemia after thyroid surgery.","甲狀腺術後口周麻和抽動可能提示低血鈣。","","",""
"high","66","review before beta","pending","","","AUTO30_084","safety_infection","question_bank_expansion_30.json","yes","high-risk category: safety_infection; high-risk keywords: airway, seizure; generated expansion item","Which nursing action is most appropriate for seizure in bed when the issue is injury prevention and side positioning when possible?","當問題是防傷並可行時側臥時，對於床上抽搐哪項護理行動最合適？","D","Do not place objects in the mouth during a seizure.","抽搐時不要把物品放入口中。","","",""
"high","66","review before beta","pending","","","AUTO30_088","ngn","question_bank_expansion_30.json","yes","high-risk category: ngn; high-risk keywords: hypotension; scope/communication keywords: teach, teaching; generated expansion item","Which action best reflects clinical judgment in this mixed safety case?","在這個混合安全情境中，哪項行動最能體現臨床判斷？","D","Clinical judgment requires recognizing urgent cues, prioritizing safety and applying the relevant protocol-sensitive intervention.","臨床判斷需要辨識緊急線索、排序安全風險，並採取相關且符合流程的干預。","","",""
"high","66","review before beta","pending","","","AUTO30_115","ngn","question_bank_expansion_30.json","yes","high-risk category: ngn; high-risk keywords: aspiration; scope/communication keywords: teach, teaching; generated expansion item","Which action best reflects clinical judgment in this mixed safety case?","在這個混合安全情境中，哪項行動最能體現臨床判斷？","C","Clinical judgment requires recognizing urgent cues, prioritizing safety and applying the relevant protocol-sensitive intervention.","臨床判斷需要辨識緊急線索、排序安全風險，並採取相關且符合流程的干預。","","",""
"high","66","review before beta","pending","","","AUTO30_127","prioritization","question_bank_expansion_30.json","yes","high-risk category: prioritization; high-risk keywords: perfusion; scope/communication keywords: teach, teaching; generated expansion item","The nurse is caring for a client with vomiting and diarrhea with dizziness and poor skin turgor. What should the nurse do first?","護理師照護一位嘔吐腹瀉病人，出現頭暈且皮膚彈性差。護理師應先做什麼？","C","Fluid loss can cause dehydration and perfusion problems.","體液流失可造成脫水和灌流問題。","","",""
"high","66","review before beta","pending","","","AUTO30_136","prioritization","question_bank_expansion_30.json","yes","high-risk category: prioritization; high-risk keywords: hypotension; scope/communication keywords: teach, teaching; generated expansion item","The nurse is caring for a client with abdominal pain with rigid abdomen and hypotension. What should the nurse do first?","護理師照護一位腹痛病人，出現腹部僵硬且低血壓。護理師應先做什麼？","D","Rigid abdomen with hypotension suggests acute instability.","腹部僵硬合併低血壓提示急性不穩定。","","",""
"high","66","review before beta","pending","","","AUTO30_142","ngn","question_bank_expansion_30.json","yes","high-risk category: ngn; high-risk keywords: breathing; scope/communication keywords: teach, teaching; generated expansion item","Which action best reflects clinical judgment in this mixed safety case?","在這個混合安全情境中，哪項行動最能體現臨床判斷？","B","Clinical judgment requires recognizing urgent cues, prioritizing safety and applying the relevant protocol-sensitive intervention.","臨床判斷需要辨識緊急線索、排序安全風險，並採取相關且符合流程的干預。","","",""
"high","66","review before beta","pending","","","AUTO50_006","safety_infection","question_bank_expansion_50.json","yes","high-risk category: safety_infection; high-risk keywords: airway, seizure; generated expansion item","Which nursing action is most appropriate for seizure in bed when the issue is injury prevention and side positioning when possible?","當問題是防傷並可行時側臥時，對於床上抽搐哪項護理行動最合適？","D","Do not place objects in the mouth during a seizure.","抽搐時不要把物品放入口中。","","",""
"high","66","review before beta","pending","","","AUTO50_022","prioritization","question_bank_expansion_50.json","yes","high-risk category: prioritization; high-risk keywords: blood transfusion; scope/communication keywords: teach, teaching; generated expansion item","The nurse is caring for a client receiving a blood transfusion with chills, fever and back pain. What should the nurse do first?","護理師照護一位輸血中病人，出現寒顫、發燒與背痛。護理師應先做什麼？","D","These findings may indicate a transfusion reaction.","這些發現可能提示輸血反應。","","",""
"high","66","review before beta","pending","","","AUTO50_031","prioritization","question_bank_expansion_50.json","yes","high-risk category: prioritization; high-risk keywords: stroke; scope/communication keywords: teach, teaching; generated expansion item","The nurse is caring for a client with possible stroke with new facial droop and slurred speech. What should the nurse do first?","護理師照護一位疑似中風病人，出現新發臉歪與言語含糊。護理師應先做什麼？","A","Stroke symptoms require rapid time-sensitive response.","中風症狀需要快速且有時間敏感性的處理。","","",""
"high","66","review before beta","pending","","","AUTO50_037","ngn","question_bank_expansion_50.json","yes","high-risk category: ngn; high-risk keywords: aspiration; scope/communication keywords: teach, teaching; generated expansion item","Which action best reflects clinical judgment in this mixed safety case?","在這個混合安全情境中，哪項行動最能體現臨床判斷？","C","Clinical judgment requires recognizing urgent cues, prioritizing safety and applying the relevant protocol-sensitive intervention.","臨床判斷需要辨識緊急線索、排序安全風險，並採取相關且符合流程的干預。","","",""
"high","66","review before beta","pending","","","AUTO50_046","ngn","question_bank_expansion_50.json","yes","high-risk category: ngn; high-risk keywords: potassium; scope/communication keywords: teach, teaching; generated expansion item","Which action best reflects clinical judgment in this mixed safety case?","在這個混合安全情境中，哪項行動最能體現臨床判斷？","D","Clinical judgment requires recognizing urgent cues, prioritizing safety and applying the relevant protocol-sensitive intervention.","臨床判斷需要辨識緊急線索、排序安全風險，並採取相關且符合流程的干預。","","",""
"high","66","review before beta","pending","","","AUTO50_058","prioritization","question_bank_expansion_50.json","yes","high-risk category: prioritization; high-risk keywords: airway; scope/communication keywords: teach, teaching; generated expansion item","The nurse is caring for a client after thyroidectomy with tingling around the mouth and muscle twitching. What should the nurse do first?","護理師照護一位甲狀腺切除後病人，出現口周麻與肌肉抽動。護理師應先做什麼？","D","Tingling and twitching can indicate hypocalcemia after thyroid surgery.","甲狀腺術後口周麻和抽動可能提示低血鈣。","","",""
"high","66","review before beta","pending","","","AUTO50_078","safety_infection","question_bank_expansion_50.json","yes","high-risk category: safety_infection; high-risk keywords: airway, seizure; generated expansion item","Which nursing action is most appropriate for seizure in bed when the issue is injury prevention and side positioning when possible?","當問題是防傷並可行時側臥時，對於床上抽搐哪項護理行動最合適？","D","Do not place objects in the mouth during a seizure.","抽搐時不要把物品放入口中。","","",""
"high","66","review before beta","pending","","","AUTO50_082","ngn","question_bank_expansion_50.json","yes","high-risk category: ngn; high-risk keywords: hypotension; scope/communication keywords: teach, teaching; generated expansion item","Which action best reflects clinical judgment in this mixed safety case?","在這個混合安全情境中，哪項行動最能體現臨床判斷？","D","Clinical judgment requires recognizing urgent cues, prioritizing safety and applying the relevant protocol-sensitive intervention.","臨床判斷需要辨識緊急線索、排序安全風險，並採取相關且符合流程的干預。","","",""
"high","66","review before beta","pending","","","AUTO50_109","ngn","question_bank_expansion_50.json","yes","high-risk category: ngn; high-risk keywords: aspiration; scope/communication keywords: teach, teaching; generated expansion item","Which action best reflects clinical judgment in this mixed safety case?","在這個混合安全情境中，哪項行動最能體現臨床判斷？","C","Clinical judgment requires recognizing urgent cues, prioritizing safety and applying the relevant protocol-sensitive intervention.","臨床判斷需要辨識緊急線索、排序安全風險，並採取相關且符合流程的干預。","","",""
"high","66","review before beta","pending","","","AUTO50_121","prioritization","question_bank_expansion_50.json","yes","high-risk category: prioritization; high-risk keywords: perfusion; scope/communication keywords: teach, teaching; generated expansion item","The nurse is caring for a client with vomiting and diarrhea with dizziness and poor skin turgor. What should the nurse do first?","護理師照護一位嘔吐腹瀉病人，出現頭暈且皮膚彈性差。護理師應先做什麼？","C","Fluid loss can cause dehydration and perfusion problems.","體液流失可造成脫水和灌流問題。","","",""
"high","66","review before beta","pending","","","AUTO50_130","prioritization","question_bank_expansion_50.json","yes","high-risk category: prioritization; high-risk keywords: hypotension; scope/communication keywords: teach, teaching; generated expansion item","The nurse is caring for a client with abdominal pain with rigid abdomen and hypotension. What should the nurse do first?","護理師照護一位腹痛病人，出現腹部僵硬且低血壓。護理師應先做什麼？","D","Rigid abdomen with hypotension suggests acute instability.","腹部僵硬合併低血壓提示急性不穩定。","","",""
"high","66","review before beta","pending","","","AUTO50_136","ngn","question_bank_expansion_50.json","yes","high-risk category: ngn; high-risk keywords: breathing; scope/communication keywords: teach, teaching; generated expansion item","Which action best reflects clinical judgment in this mixed safety case?","在這個混合安全情境中，哪項行動最能體現臨床判斷？","B","Clinical judgment requires recognizing urgent cues, prioritizing safety and applying the relevant protocol-sensitive intervention.","臨床判斷需要辨識緊急線索、排序安全風險，並採取相關且符合流程的干預。","","",""
"high","66","review before beta","pending","","","AUTO50_150","safety_infection","question_bank_expansion_50.json","yes","high-risk category: safety_infection; high-risk keywords: airway, seizure; generated expansion item","Which nursing action is most appropriate for seizure in bed when the issue is injury prevention and side positioning when possible?","當問題是防傷並可行時側臥時，對於床上抽搐哪項護理行動最合適？","D","Do not place objects in the mouth during a seizure.","抽搐時不要把物品放入口中。","","",""
"high","66","review before beta","pending","","","AUTO50_166","prioritization","question_bank_expansion_50.json","yes","high-risk category: prioritization; high-risk keywords: blood transfusion; scope/communication keywords: teach, teaching; generated expansion item","The nurse is caring for a client receiving a blood transfusion with chills, fever and back pain. What should the nurse do first?","護理師照護一位輸血中病人，出現寒顫、發燒與背痛。護理師應先做什麼？","D","These findings may indicate a transfusion reaction.","這些發現可能提示輸血反應。","","",""
"high","66","review before beta","pending","","","AUTO50_175","prioritization","question_bank_expansion_50.json","yes","high-risk category: prioritization; high-risk keywords: stroke; scope/communication keywords: teach, teaching; generated expansion item","The nurse is caring for a client with possible stroke with new facial droop and slurred speech. What should the nurse do first?","護理師照護一位疑似中風病人，出現新發臉歪與言語含糊。護理師應先做什麼？","A","Stroke symptoms require rapid time-sensitive response.","中風症狀需要快速且有時間敏感性的處理。","","",""
"high","66","review before beta","pending","","","AUTO50_181","ngn","question_bank_expansion_50.json","yes","high-risk category: ngn; high-risk keywords: aspiration; scope/communication keywords: teach, teaching; generated expansion item","Which action best reflects clinical judgment in this mixed safety case?","在這個混合安全情境中，哪項行動最能體現臨床判斷？","C","Clinical judgment requires recognizing urgent cues, prioritizing safety and applying the relevant protocol-sensitive intervention.","臨床判斷需要辨識緊急線索、排序安全風險，並採取相關且符合流程的干預。","","",""
"high","66","review before beta","pending","","","AUTO50_190","ngn","question_bank_expansion_50.json","yes","high-risk category: ngn; high-risk keywords: potassium; scope/communication keywords: teach, teaching; generated expansion item","Which action best reflects clinical judgment in this mixed safety case?","在這個混合安全情境中，哪項行動最能體現臨床判斷？","D","Clinical judgment requires recognizing urgent cues, prioritizing safety and applying the relevant protocol-sensitive intervention.","臨床判斷需要辨識緊急線索、排序安全風險，並採取相關且符合流程的干預。","","",""
"high","66","review before beta","pending","","","AUTO50_202","prioritization","question_bank_expansion_50.json","yes","high-risk category: prioritization; high-risk keywords: airway; scope/communication keywords: teach, teaching; generated expansion item","The nurse is caring for a client after thyroidectomy with tingling around the mouth and muscle twitching. What should the nurse do first?","護理師照護一位甲狀腺切除後病人，出現口周麻與肌肉抽動。護理師應先做什麼？","D","Tingling and twitching can indicate hypocalcemia after thyroid surgery.","甲狀腺術後口周麻和抽動可能提示低血鈣。","","",""
"high","66","review before beta","pending","","","AUTO50_222","safety_infection","question_bank_expansion_50.json","yes","high-risk category: safety_infection; high-risk keywords: airway, seizure; generated expansion item","Which nursing action is most appropriate for seizure in bed when the issue is injury prevention and side positioning when possible?","當問題是防傷並可行時側臥時，對於床上抽搐哪項護理行動最合適？","D","Do not place objects in the mouth during a seizure.","抽搐時不要把物品放入口中。","","",""
"high","66","review before beta","pending","","","AUTO50_226","ngn","question_bank_expansion_50.json","yes","high-risk category: ngn; high-risk keywords: hypotension; scope/communication keywords: teach, teaching; generated expansion item","Which action best reflects clinical judgment in this mixed safety case?","在這個混合安全情境中，哪項行動最能體現臨床判斷？","D","Clinical judgment requires recognizing urgent cues, prioritizing safety and applying the relevant protocol-sensitive intervention.","臨床判斷需要辨識緊急線索、排序安全風險，並採取相關且符合流程的干預。","","",""
"high","64","review before beta","pending","","","MC003","maternal_child","question_bank_expansion_30.json","no","high-risk category: maternal_child; high-risk keywords: respiratory, newborn; scope/communication keywords: assessment; manual core item","Which newborn finding requires immediate follow-up?","下列哪個新生兒發現需要立即追蹤？","B","Grunting and nasal flaring indicate respiratory distress and require immediate assessment.","呼吸呻吟與鼻翼煽動提示呼吸窘迫，需要立即評估。","","",""
"high","64","review before beta","pending","","","NGN004","ngn","question_bank_expansion_30.json","no","high-risk category: ngn; high-risk keywords: respiratory; scope/communication keywords: teach, teaching, assessment; manual core item","Which actions are appropriate first-line nursing actions? Select all that apply.","哪些屬於合適的第一線護理行動？可多選。","A|B|D","Respiratory distress requires positioning, assessment and prescribed/protocol treatment. Teaching is not first priority during distress.","呼吸窘迫需體位、評估與按醫囑/流程處理；教學不是此刻優先。","","",""
"high","64","review before beta","pending","","","P007","prioritization","question_bank_expansion_50.json","no","high-risk category: prioritization; high-risk keywords: airway, tracheostomy; scope/communication keywords: assessment; manual core item","A client with a tracheostomy is making a high-pitched noise and appears anxious. What should the nurse do first?","氣切病人發出高音調聲音並顯得焦慮。護理師應先做什麼？","A","A high-pitched noise with anxiety may indicate airway obstruction. Airway assessment is priority.","高音調聲音合併焦慮可能提示呼吸道阻塞，優先評估 airway。","","",""
"high","64","review before beta","pending","","","P008","prioritization","question_bank_expansion_50.json","no","high-risk category: prioritization; high-risk keywords: potassium, hypokalemia; scope/communication keywords: assessment; manual core item","Which client should the nurse assess first on a medical unit?","內科病房中護理師應先評估哪位病人？","A","Severe hypokalemia can cause dysrhythmias and requires prompt assessment.","嚴重低血鉀可造成心律不整，需要及時評估。","","",""
"high","64","review before beta","pending","","","PH001","pharmacology","question_bank_beta_20.json","no","high-risk category: pharmacology; high-risk keywords: bleeding, warfarin; scope/communication keywords: teach; manual core item","A client taking warfarin reports black, tarry stools. Which action should the nurse take first?","服用 warfarin 的病人回報黑色柏油樣大便。護理師應先做什麼？","C","Black, tarry stools may indicate gastrointestinal bleeding, a serious risk with anticoagulant therapy.","黑色柏油樣便可能提示胃腸道出血，是抗凝治療的重要風險。","","",""
"high","62","review before beta","pending","","","AUTO30_029","pharmacology","question_bank_expansion_30.json","yes","high-risk category: pharmacology; high-risk keywords: gentamicin; scope/communication keywords: teach; generated expansion item","A client taking gentamicin needs nursing follow-up related to ringing in ears. Which action is most appropriate?","使用 gentamicin 的病人因耳鳴需要護理追蹤。哪項行動最合適？","A","Aminoglycosides may be associated with ototoxicity.","Aminoglycoside 可能與耳毒性相關。","","",""
"high","62","review before beta","pending","","","AUTO30_065","pharmacology","question_bank_expansion_30.json","yes","high-risk category: pharmacology; high-risk keywords: gentamicin; scope/communication keywords: teach; generated expansion item","A client taking gentamicin needs nursing follow-up related to ringing in ears. Which action is most appropriate?","使用 gentamicin 的病人因耳鳴需要護理追蹤。哪項行動最合適？","A","Aminoglycosides may be associated with ototoxicity.","Aminoglycoside 可能與耳毒性相關。","","",""
"high","62","review before beta","pending","","","AUTO30_101","pharmacology","question_bank_expansion_30.json","yes","high-risk category: pharmacology; high-risk keywords: gentamicin; scope/communication keywords: teach; generated expansion item","A client taking gentamicin needs nursing follow-up related to ringing in ears. Which action is most appropriate?","使用 gentamicin 的病人因耳鳴需要護理追蹤。哪項行動最合適？","A","Aminoglycosides may be associated with ototoxicity.","Aminoglycoside 可能與耳毒性相關。","","",""
"high","62","review before beta","pending","","","AUTO30_137","pharmacology","question_bank_expansion_30.json","yes","high-risk category: pharmacology; high-risk keywords: gentamicin; scope/communication keywords: teach; generated expansion item","A client taking gentamicin needs nursing follow-up related to ringing in ears. Which action is most appropriate?","使用 gentamicin 的病人因耳鳴需要護理追蹤。哪項行動最合適？","A","Aminoglycosides may be associated with ototoxicity.","Aminoglycoside 可能與耳毒性相關。","","",""
"high","62","review before beta","pending","","","AUTO50_023","pharmacology","question_bank_expansion_50.json","yes","high-risk category: pharmacology; high-risk keywords: gentamicin; scope/communication keywords: teach; generated expansion item","A client taking gentamicin needs nursing follow-up related to ringing in ears. Which action is most appropriate?","使用 gentamicin 的病人因耳鳴需要護理追蹤。哪項行動最合適？","A","Aminoglycosides may be associated with ototoxicity.","Aminoglycoside 可能與耳毒性相關。","","",""
"high","62","review before beta","pending","","","AUTO50_059","pharmacology","question_bank_expansion_50.json","yes","high-risk category: pharmacology; high-risk keywords: gentamicin; scope/communication keywords: teach; generated expansion item","A client taking gentamicin needs nursing follow-up related to ringing in ears. Which action is most appropriate?","使用 gentamicin 的病人因耳鳴需要護理追蹤。哪項行動最合適？","A","Aminoglycosides may be associated with ototoxicity.","Aminoglycoside 可能與耳毒性相關。","","",""
"high","62","review before beta","pending","","","AUTO50_095","pharmacology","question_bank_expansion_50.json","yes","high-risk category: pharmacology; high-risk keywords: gentamicin; scope/communication keywords: teach; generated expansion item","A client taking gentamicin needs nursing follow-up related to ringing in ears. Which action is most appropriate?","使用 gentamicin 的病人因耳鳴需要護理追蹤。哪項行動最合適？","A","Aminoglycosides may be associated with ototoxicity.","Aminoglycoside 可能與耳毒性相關。","","",""
"high","62","review before beta","pending","","","AUTO50_131","pharmacology","question_bank_expansion_50.json","yes","high-risk category: pharmacology; high-risk keywords: gentamicin; scope/communication keywords: teach; generated expansion item","A client taking gentamicin needs nursing follow-up related to ringing in ears. Which action is most appropriate?","使用 gentamicin 的病人因耳鳴需要護理追蹤。哪項行動最合適？","A","Aminoglycosides may be associated with ototoxicity.","Aminoglycoside 可能與耳毒性相關。","","",""
"high","62","review before beta","pending","","","AUTO50_167","pharmacology","question_bank_expansion_50.json","yes","high-risk category: pharmacology; high-risk keywords: gentamicin; scope/communication keywords: teach; generated expansion item","A client taking gentamicin needs nursing follow-up related to ringing in ears. Which action is most appropriate?","使用 gentamicin 的病人因耳鳴需要護理追蹤。哪項行動最合適？","A","Aminoglycosides may be associated with ototoxicity.","Aminoglycoside 可能與耳毒性相關。","","",""
"high","62","review before beta","pending","","","AUTO50_203","pharmacology","question_bank_expansion_50.json","yes","high-risk category: pharmacology; high-risk keywords: gentamicin; scope/communication keywords: teach; generated expansion item","A client taking gentamicin needs nursing follow-up related to ringing in ears. Which action is most appropriate?","使用 gentamicin 的病人因耳鳴需要護理追蹤。哪項行動最合適？","A","Aminoglycosides may be associated with ototoxicity.","Aminoglycoside 可能與耳毒性相關。","","",""
"high","62","review before beta","pending","","","AUTO50_239","pharmacology","question_bank_expansion_50.json","yes","high-risk category: pharmacology; high-risk keywords: gentamicin; scope/communication keywords: teach; generated expansion item","A client taking gentamicin needs nursing follow-up related to ringing in ears. Which action is most appropriate?","使用 gentamicin 的病人因耳鳴需要護理追蹤。哪項行動最合適？","A","Aminoglycosides may be associated with ototoxicity.","Aminoglycoside 可能與耳毒性相關。","","",""
"high","60","review before beta","pending","","","D001","delegation_scope","question_bank_beta_20.json","no","medium-risk category: delegation_scope; high-risk keywords: insulin; scope/communication keywords: delegate, delegation, scope, teach, teaching, evaluate, assessment; manual core item","Which task is most appropriate for the RN to delegate to unlicensed assistive personnel?","下列哪項最適合由 RN 委派給無照護理輔助人員？","C","Routine assistance with ambulation for a stable client is appropriate. Teaching, new symptom assessment and evaluation require RN judgment.","穩定病人的例行行走協助可委派。教學、新症狀評估與療效評價需要 RN 判斷。","","",""
"high","60","review before beta","pending","","","D007","delegation_scope","question_bank_expansion_50.json","no","medium-risk category: delegation_scope; high-risk keywords: respiratory; scope/communication keywords: delegation, LPN, LVN, scope, teach, teaching, assessment; manual core item","Which client is most appropriate for an experienced LPN/LVN under RN supervision?","哪位病人最適合在 RN 監督下由有經驗 LPN/LVN 照護？","A","Stable, predictable care is more appropriate than unstable assessment or complex teaching.","穩定且可預期的照護較合適；不穩定評估和複雜教學不適合。","","",""
"high","60","review before beta","pending","","","NGN002","ngn","question_bank_beta_20.json","no","high-risk category: ngn; high-risk keywords: sepsis, perfusion; manual core item","Which findings are most concerning? Select all that apply.","哪些發現最令人擔心？可多選。","A|B|C|D","Together these cues suggest possible postoperative complication, infection/sepsis or perfusion concern and need urgent attention.","這些線索合併提示可能術後併發症、感染/敗血症或灌流問題，需要緊急關注。","","",""
"high","60","review before beta","pending","","","NGN006","ngn","question_bank_expansion_50.json","no","high-risk category: ngn; high-risk keywords: hypoglycemia, hypoglycemia; manual core item","Which findings indicate possible hypoglycemia? Select all that apply.","哪些發現提示可能低血糖？可多選。","A|B|C","Sweating, trembling and confusion are common hypoglycemia cues.","出汗、顫抖和混亂是常見低血糖線索。","","",""
"high","60","review before beta","pending","","","PH002","pharmacology","question_bank_beta_20.json","no","high-risk category: pharmacology; high-risk keywords: respiratory, opioid; manual core item","Which finding in a client receiving opioid analgesia requires immediate follow-up?","使用 opioid 止痛藥的病人，下列哪個發現需要立即追蹤？","A","Respiratory depression is a priority safety concern with opioids.","呼吸抑制是 opioid 的優先安全風險。","","",""
"high","60","review before beta","pending","","","PH003","pharmacology","question_bank_beta_20.json","no","high-risk category: pharmacology; high-risk keywords: potassium; scope/communication keywords: teach, teaching; manual core item","Which statement by a client taking an ACE inhibitor requires further teaching?","服用 ACE inhibitor 的病人哪句話表示需要進一步教學？","C","Some salt substitutes contain potassium, which can be risky with ACE inhibitors.","部分代鹽含鉀，ACE inhibitor 使用者需謹慎。","","",""
"high","60","review before beta","pending","","","PH009","pharmacology","question_bank_expansion_50.json","no","high-risk category: pharmacology; high-risk keywords: potassium, hyperkalemia; manual core item","A client taking spironolactone asks about diet. Which food should the nurse caution about?","服用 spironolactone 的病人詢問飲食。護理師應提醒哪類食物？","A","Spironolactone is potassium-sparing; excessive potassium intake may increase hyperkalemia risk.","Spironolactone 保鉀，過多鉀攝入可能增加高血鉀風險。","","",""
"high","60","review before beta","pending","","","S002","safety_infection","question_bank_beta_20.json","no","high-risk category: safety_infection; high-risk keywords: respiratory, airborne; manual core item","A client is suspected of having tuberculosis. Which precaution should the nurse anticipate?","病人疑似結核病。護理師應預期哪種隔離措施？","C","Tuberculosis requires airborne precautions with appropriate respiratory protection.","結核病需要空氣隔離及適當呼吸防護。","","",""
"high","60","review before beta","pending","","","S004","safety_infection","question_bank_expansion_30.json","no","high-risk category: safety_infection; high-risk keywords: C. difficile, airborne; manual core item","A client with C. difficile infection is admitted. Which precaution is most appropriate?","C. difficile 感染病人入院。最合適的防護措施是？","A","C. difficile requires contact precautions; soap and water are important because spores are not reliably removed by alcohol hand rub alone.","C. difficile 需接觸隔離；孢子不能單靠酒精乾洗手可靠去除，肥皂水洗手重要。","","",""
"high","60","review before beta","pending","","","S009","safety_infection","question_bank_expansion_50.json","no","high-risk category: safety_infection; high-risk keywords: airway, seizure; manual core item","Which action is best when a client begins to have a seizure in bed?","病人在床上開始抽搐時，哪項最合適？","A","Seizure safety focuses on injury prevention, airway support and not placing objects in the mouth.","癲癇安全重點是防傷、支持 airway，不把物品放入口中。","","",""
"high","58","review before beta","pending","","","AUTO30_007","ngn","question_bank_expansion_30.json","yes","high-risk category: ngn; scope/communication keywords: teach, teaching; generated expansion item","Which action best reflects clinical judgment in this mixed safety case?","在這個混合安全情境中，哪項行動最能體現臨床判斷？","C","Clinical judgment requires recognizing urgent cues, prioritizing safety and applying the relevant protocol-sensitive intervention.","臨床判斷需要辨識緊急線索、排序安全風險，並採取相關且符合流程的干預。","","",""
"high","58","review before beta","pending","","","AUTO30_015","delegation_scope","question_bank_expansion_30.json","yes","medium-risk category: delegation_scope; high-risk keywords: insulin; scope/communication keywords: delegate, delegation, scope, teach, teaching; generated expansion item","The RN is considering delegation of teaching a new insulin injection technique. Which decision is safest?","RN 正在考慮委派教新的胰島素注射技巧。哪個決定最安全？","C","Initial teaching requires RN responsibility.","初始教學屬 RN 職責。","","",""
"high","58","review before beta","pending","","","AUTO30_016","ngn","question_bank_expansion_30.json","yes","high-risk category: ngn; scope/communication keywords: teach, teaching; generated expansion item","Which action best reflects clinical judgment in this mixed safety case?","在這個混合安全情境中，哪項行動最能體現臨床判斷？","D","Clinical judgment requires recognizing urgent cues, prioritizing safety and applying the relevant protocol-sensitive intervention.","臨床判斷需要辨識緊急線索、排序安全風險，並採取相關且符合流程的干預。","","",""
"high","58","review before beta","pending","","","AUTO30_021","safety_infection","question_bank_expansion_30.json","yes","high-risk category: safety_infection; high-risk keywords: oxygen; generated expansion item","Which nursing action is most appropriate for home oxygen when the issue is open flame nearby?","當問題是附近有明火時，對於居家氧氣哪項護理行動最合適？","A","Oxygen supports combustion and creates fire risk.","氧氣助燃並帶來火災風險。","","",""
"high","58","review before beta","pending","","","AUTO30_025","ngn","question_bank_expansion_30.json","yes","high-risk category: ngn; scope/communication keywords: teach, teaching; generated expansion item","Which action best reflects clinical judgment in this mixed safety case?","在這個混合安全情境中，哪項行動最能體現臨床判斷？","A","Clinical judgment requires recognizing urgent cues, prioritizing safety and applying the relevant protocol-sensitive intervention.","臨床判斷需要辨識緊急線索、排序安全風險，並採取相關且符合流程的干預。","","",""
"high","58","review before beta","pending","","","AUTO30_030","safety_infection","question_bank_expansion_30.json","yes","high-risk category: safety_infection; high-risk keywords: aspiration; generated expansion item","Which nursing action is most appropriate for enteral feeding when the issue is aspiration prevention?","當問題是預防誤吸時，對於管灌哪項護理行動最合適？","B","Head elevation helps reduce aspiration risk.","抬高床頭有助降低誤吸風險。","","",""
"high","58","review before beta","pending","","","AUTO30_033","delegation_scope","question_bank_expansion_30.json","yes","medium-risk category: delegation_scope; high-risk keywords: insulin; scope/communication keywords: delegate, delegation, scope, teach, teaching; generated expansion item","The RN is considering delegation of teaching a new insulin injection technique. Which decision is safest?","RN 正在考慮委派教新的胰島素注射技巧。哪個決定最安全？","A","Initial teaching requires RN responsibility.","初始教學屬 RN 職責。","","",""
"high","58","review before beta","pending","","","AUTO30_034","ngn","question_bank_expansion_30.json","yes","high-risk category: ngn; scope/communication keywords: teach, teaching; generated expansion item","Which action best reflects clinical judgment in this mixed safety case?","在這個混合安全情境中，哪項行動最能體現臨床判斷？","B","Clinical judgment requires recognizing urgent cues, prioritizing safety and applying the relevant protocol-sensitive intervention.","臨床判斷需要辨識緊急線索、排序安全風險，並採取相關且符合流程的干預。","","",""
"high","58","review before beta","pending","","","AUTO30_051","delegation_scope","question_bank_expansion_30.json","yes","medium-risk category: delegation_scope; high-risk keywords: insulin; scope/communication keywords: delegate, delegation, scope, teach, teaching; generated expansion item","The RN is considering delegation of teaching a new insulin injection technique. Which decision is safest?","RN 正在考慮委派教新的胰島素注射技巧。哪個決定最安全？","C","Initial teaching requires RN responsibility.","初始教學屬 RN 職責。","","",""
"high","58","review before beta","pending","","","AUTO30_057","safety_infection","question_bank_expansion_30.json","yes","high-risk category: safety_infection; high-risk keywords: C. difficile; generated expansion item","Which nursing action is most appropriate for C. difficile infection when the issue is contact precautions and soap-and-water hand hygiene?","當問題是接觸隔離與肥皂水洗手時，對於C. difficile 感染哪項護理行動最合適？","A","C. difficile spores are not reliably removed by alcohol rub alone.","C. difficile 孢子不能可靠地只靠酒精乾洗手去除。","","",""
"high","58","review before beta","pending","","","AUTO30_061","ngn","question_bank_expansion_30.json","yes","high-risk category: ngn; scope/communication keywords: teach, teaching; generated expansion item","Which action best reflects clinical judgment in this mixed safety case?","在這個混合安全情境中，哪項行動最能體現臨床判斷？","A","Clinical judgment requires recognizing urgent cues, prioritizing safety and applying the relevant protocol-sensitive intervention.","臨床判斷需要辨識緊急線索、排序安全風險，並採取相關且符合流程的干預。","","",""
"high","58","review before beta","pending","","","AUTO30_066","safety_infection","question_bank_expansion_30.json","yes","high-risk category: safety_infection; high-risk keywords: airborne; generated expansion item","Which nursing action is most appropriate for airborne infection concern when the issue is negative-pressure room as available?","當問題是可用時負壓房時，對於空氣傳播感染風險哪項護理行動最合適？","B","Airborne precautions generally require special room ventilation.","空氣隔離通常需要特殊通風安排。","","",""
"high","58","review before beta","pending","","","AUTO30_069","delegation_scope","question_bank_expansion_30.json","yes","medium-risk category: delegation_scope; high-risk keywords: insulin; scope/communication keywords: delegate, delegation, scope, teach, teaching; generated expansion item","The RN is considering delegation of teaching a new insulin injection technique. Which decision is safest?","RN 正在考慮委派教新的胰島素注射技巧。哪個決定最安全？","A","Initial teaching requires RN responsibility.","初始教學屬 RN 職責。","","",""
"high","58","review before beta","pending","","","AUTO30_070","ngn","question_bank_expansion_30.json","yes","high-risk category: ngn; scope/communication keywords: teach, teaching; generated expansion item","Which action best reflects clinical judgment in this mixed safety case?","在這個混合安全情境中，哪項行動最能體現臨床判斷？","B","Clinical judgment requires recognizing urgent cues, prioritizing safety and applying the relevant protocol-sensitive intervention.","臨床判斷需要辨識緊急線索、排序安全風險，並採取相關且符合流程的干預。","","",""
"high","58","review before beta","pending","","","AUTO30_073","prioritization","question_bank_expansion_30.json","yes","high-risk category: prioritization; scope/communication keywords: teach, teaching; generated expansion item","The nurse is caring for a client with chest pressure with diaphoresis and nausea. What should the nurse do first?","護理師照護一位胸部壓迫感病人，出現出汗與噁心。護理師應先做什麼？","A","Chest pressure with diaphoresis and nausea may indicate acute coronary syndrome.","胸部壓迫感合併出汗和噁心可能提示急性冠脈綜合徵。","","",""
"high","58","review before beta","pending","","","AUTO30_079","ngn","question_bank_expansion_30.json","yes","high-risk category: ngn; scope/communication keywords: teach, teaching; generated expansion item","Which action best reflects clinical judgment in this mixed safety case?","在這個混合安全情境中，哪項行動最能體現臨床判斷？","C","Clinical judgment requires recognizing urgent cues, prioritizing safety and applying the relevant protocol-sensitive intervention.","臨床判斷需要辨識緊急線索、排序安全風險，並採取相關且符合流程的干預。","","",""
"high","58","review before beta","pending","","","AUTO30_087","delegation_scope","question_bank_expansion_30.json","yes","medium-risk category: delegation_scope; high-risk keywords: insulin; scope/communication keywords: delegate, delegation, scope, teach, teaching; generated expansion item","The RN is considering delegation of teaching a new insulin injection technique. Which decision is safest?","RN 正在考慮委派教新的胰島素注射技巧。哪個決定最安全？","C","Initial teaching requires RN responsibility.","初始教學屬 RN 職責。","","",""
"high","58","review before beta","pending","","","AUTO30_093","safety_infection","question_bank_expansion_30.json","yes","high-risk category: safety_infection; high-risk keywords: oxygen; generated expansion item","Which nursing action is most appropriate for home oxygen when the issue is open flame nearby?","當問題是附近有明火時，對於居家氧氣哪項護理行動最合適？","A","Oxygen supports combustion and creates fire risk.","氧氣助燃並帶來火災風險。","","",""
"high","58","review before beta","pending","","","AUTO30_102","safety_infection","question_bank_expansion_30.json","yes","high-risk category: safety_infection; high-risk keywords: aspiration; generated expansion item","Which nursing action is most appropriate for enteral feeding when the issue is aspiration prevention?","當問題是預防誤吸時，對於管灌哪項護理行動最合適？","B","Head elevation helps reduce aspiration risk.","抬高床頭有助降低誤吸風險。","","",""
"high","58","review before beta","pending","","","AUTO30_105","delegation_scope","question_bank_expansion_30.json","yes","medium-risk category: delegation_scope; high-risk keywords: insulin; scope/communication keywords: delegate, delegation, scope, teach, teaching; generated expansion item","The RN is considering delegation of teaching a new insulin injection technique. Which decision is safest?","RN 正在考慮委派教新的胰島素注射技巧。哪個決定最安全？","A","Initial teaching requires RN responsibility.","初始教學屬 RN 職責。","","",""
"high","58","review before beta","pending","","","AUTO30_106","ngn","question_bank_expansion_30.json","yes","high-risk category: ngn; scope/communication keywords: teach, teaching; generated expansion item","Which action best reflects clinical judgment in this mixed safety case?","在這個混合安全情境中，哪項行動最能體現臨床判斷？","B","Clinical judgment requires recognizing urgent cues, prioritizing safety and applying the relevant protocol-sensitive intervention.","臨床判斷需要辨識緊急線索、排序安全風險，並採取相關且符合流程的干預。","","",""
"high","58","review before beta","pending","","","AUTO30_118","prioritization","question_bank_expansion_30.json","yes","high-risk category: prioritization; scope/communication keywords: teach, teaching; generated expansion item","The nurse is caring for a client after a fall with new hip pain and external rotation of the leg. What should the nurse do first?","護理師照護一位跌倒後病人，出現新發髖部疼痛且腿部外旋。護理師應先做什麼？","B","The cues may indicate fracture; movement can worsen injury.","這些線索可能提示骨折，移動可能加重傷害。","","",""
"high","58","review before beta","pending","","","AUTO30_123","delegation_scope","question_bank_expansion_30.json","yes","medium-risk category: delegation_scope; high-risk keywords: insulin; scope/communication keywords: delegate, delegation, scope, teach, teaching; generated expansion item","The RN is considering delegation of teaching a new insulin injection technique. Which decision is safest?","RN 正在考慮委派教新的胰島素注射技巧。哪個決定最安全？","C","Initial teaching requires RN responsibility.","初始教學屬 RN 職責。","","",""
"high","58","review before beta","pending","","","AUTO30_124","ngn","question_bank_expansion_30.json","yes","high-risk category: ngn; scope/communication keywords: teach, teaching; generated expansion item","Which action best reflects clinical judgment in this mixed safety case?","在這個混合安全情境中，哪項行動最能體現臨床判斷？","D","Clinical judgment requires recognizing urgent cues, prioritizing safety and applying the relevant protocol-sensitive intervention.","臨床判斷需要辨識緊急線索、排序安全風險，並採取相關且符合流程的干預。","","",""
"high","58","review before beta","pending","","","AUTO30_129","safety_infection","question_bank_expansion_30.json","yes","high-risk category: safety_infection; high-risk keywords: C. difficile; generated expansion item","Which nursing action is most appropriate for C. difficile infection when the issue is contact precautions and soap-and-water hand hygiene?","當問題是接觸隔離與肥皂水洗手時，對於C. difficile 感染哪項護理行動最合適？","A","C. difficile spores are not reliably removed by alcohol rub alone.","C. difficile 孢子不能可靠地只靠酒精乾洗手去除。","","",""
"high","58","review before beta","pending","","","AUTO30_133","ngn","question_bank_expansion_30.json","yes","high-risk category: ngn; scope/communication keywords: teach, teaching; generated expansion item","Which action best reflects clinical judgment in this mixed safety case?","在這個混合安全情境中，哪項行動最能體現臨床判斷？","A","Clinical judgment requires recognizing urgent cues, prioritizing safety and applying the relevant protocol-sensitive intervention.","臨床判斷需要辨識緊急線索、排序安全風險，並採取相關且符合流程的干預。","","",""
"high","58","review before beta","pending","","","AUTO30_138","safety_infection","question_bank_expansion_30.json","yes","high-risk category: safety_infection; high-risk keywords: airborne; generated expansion item","Which nursing action is most appropriate for airborne infection concern when the issue is negative-pressure room as available?","當問題是可用時負壓房時，對於空氣傳播感染風險哪項護理行動最合適？","B","Airborne precautions generally require special room ventilation.","空氣隔離通常需要特殊通風安排。","","",""
"high","58","review before beta","pending","","","AUTO30_141","delegation_scope","question_bank_expansion_30.json","yes","medium-risk category: delegation_scope; high-risk keywords: insulin; scope/communication keywords: delegate, delegation, scope, teach, teaching; generated expansion item","The RN is considering delegation of teaching a new insulin injection technique. Which decision is safest?","RN 正在考慮委派教新的胰島素注射技巧。哪個決定最安全？","A","Initial teaching requires RN responsibility.","初始教學屬 RN 職責。","","",""
"high","58","review before beta","pending","","","AUTO50_001","ngn","question_bank_expansion_50.json","yes","high-risk category: ngn; scope/communication keywords: teach, teaching; generated expansion item","Which action best reflects clinical judgment in this mixed safety case?","在這個混合安全情境中，哪項行動最能體現臨床判斷？","C","Clinical judgment requires recognizing urgent cues, prioritizing safety and applying the relevant protocol-sensitive intervention.","臨床判斷需要辨識緊急線索、排序安全風險，並採取相關且符合流程的干預。","","",""
"high","58","review before beta","pending","","","AUTO50_009","delegation_scope","question_bank_expansion_50.json","yes","medium-risk category: delegation_scope; high-risk keywords: insulin; scope/communication keywords: delegate, delegation, scope, teach, teaching; generated expansion item","The RN is considering delegation of teaching a new insulin injection technique. Which decision is safest?","RN 正在考慮委派教新的胰島素注射技巧。哪個決定最安全？","C","Initial teaching requires RN responsibility.","初始教學屬 RN 職責。","","",""
"high","58","review before beta","pending","","","AUTO50_010","ngn","question_bank_expansion_50.json","yes","high-risk category: ngn; scope/communication keywords: teach, teaching; generated expansion item","Which action best reflects clinical judgment in this mixed safety case?","在這個混合安全情境中，哪項行動最能體現臨床判斷？","D","Clinical judgment requires recognizing urgent cues, prioritizing safety and applying the relevant protocol-sensitive intervention.","臨床判斷需要辨識緊急線索、排序安全風險，並採取相關且符合流程的干預。","","",""
"high","58","review before beta","pending","","","AUTO50_015","safety_infection","question_bank_expansion_50.json","yes","high-risk category: safety_infection; high-risk keywords: oxygen; generated expansion item","Which nursing action is most appropriate for home oxygen when the issue is open flame nearby?","當問題是附近有明火時，對於居家氧氣哪項護理行動最合適？","A","Oxygen supports combustion and creates fire risk.","氧氣助燃並帶來火災風險。","","",""
"high","58","review before beta","pending","","","AUTO50_019","ngn","question_bank_expansion_50.json","yes","high-risk category: ngn; scope/communication keywords: teach, teaching; generated expansion item","Which action best reflects clinical judgment in this mixed safety case?","在這個混合安全情境中，哪項行動最能體現臨床判斷？","A","Clinical judgment requires recognizing urgent cues, prioritizing safety and applying the relevant protocol-sensitive intervention.","臨床判斷需要辨識緊急線索、排序安全風險，並採取相關且符合流程的干預。","","",""
"high","58","review before beta","pending","","","AUTO50_024","safety_infection","question_bank_expansion_50.json","yes","high-risk category: safety_infection; high-risk keywords: aspiration; generated expansion item","Which nursing action is most appropriate for enteral feeding when the issue is aspiration prevention?","當問題是預防誤吸時，對於管灌哪項護理行動最合適？","B","Head elevation helps reduce aspiration risk.","抬高床頭有助降低誤吸風險。","","",""
"high","58","review before beta","pending","","","AUTO50_027","delegation_scope","question_bank_expansion_50.json","yes","medium-risk category: delegation_scope; high-risk keywords: insulin; scope/communication keywords: delegate, delegation, scope, teach, teaching; generated expansion item","The RN is considering delegation of teaching a new insulin injection technique. Which decision is safest?","RN 正在考慮委派教新的胰島素注射技巧。哪個決定最安全？","A","Initial teaching requires RN responsibility.","初始教學屬 RN 職責。","","",""
"high","58","review before beta","pending","","","AUTO50_028","ngn","question_bank_expansion_50.json","yes","high-risk category: ngn; scope/communication keywords: teach, teaching; generated expansion item","Which action best reflects clinical judgment in this mixed safety case?","在這個混合安全情境中，哪項行動最能體現臨床判斷？","B","Clinical judgment requires recognizing urgent cues, prioritizing safety and applying the relevant protocol-sensitive intervention.","臨床判斷需要辨識緊急線索、排序安全風險，並採取相關且符合流程的干預。","","",""
"high","58","review before beta","pending","","","AUTO50_045","delegation_scope","question_bank_expansion_50.json","yes","medium-risk category: delegation_scope; high-risk keywords: insulin; scope/communication keywords: delegate, delegation, scope, teach, teaching; generated expansion item","The RN is considering delegation of teaching a new insulin injection technique. Which decision is safest?","RN 正在考慮委派教新的胰島素注射技巧。哪個決定最安全？","C","Initial teaching requires RN responsibility.","初始教學屬 RN 職責。","","",""
"high","58","review before beta","pending","","","AUTO50_051","safety_infection","question_bank_expansion_50.json","yes","high-risk category: safety_infection; high-risk keywords: C. difficile; generated expansion item","Which nursing action is most appropriate for C. difficile infection when the issue is contact precautions and soap-and-water hand hygiene?","當問題是接觸隔離與肥皂水洗手時，對於C. difficile 感染哪項護理行動最合適？","A","C. difficile spores are not reliably removed by alcohol rub alone.","C. difficile 孢子不能可靠地只靠酒精乾洗手去除。","","",""
"high","58","review before beta","pending","","","AUTO50_055","ngn","question_bank_expansion_50.json","yes","high-risk category: ngn; scope/communication keywords: teach, teaching; generated expansion item","Which action best reflects clinical judgment in this mixed safety case?","在這個混合安全情境中，哪項行動最能體現臨床判斷？","A","Clinical judgment requires recognizing urgent cues, prioritizing safety and applying the relevant protocol-sensitive intervention.","臨床判斷需要辨識緊急線索、排序安全風險，並採取相關且符合流程的干預。","","",""
"high","58","review before beta","pending","","","AUTO50_060","safety_infection","question_bank_expansion_50.json","yes","high-risk category: safety_infection; high-risk keywords: airborne; generated expansion item","Which nursing action is most appropriate for airborne infection concern when the issue is negative-pressure room as available?","當問題是可用時負壓房時，對於空氣傳播感染風險哪項護理行動最合適？","B","Airborne precautions generally require special room ventilation.","空氣隔離通常需要特殊通風安排。","","",""
"high","58","review before beta","pending","","","AUTO50_063","delegation_scope","question_bank_expansion_50.json","yes","medium-risk category: delegation_scope; high-risk keywords: insulin; scope/communication keywords: delegate, delegation, scope, teach, teaching; generated expansion item","The RN is considering delegation of teaching a new insulin injection technique. Which decision is safest?","RN 正在考慮委派教新的胰島素注射技巧。哪個決定最安全？","A","Initial teaching requires RN responsibility.","初始教學屬 RN 職責。","","",""
"high","58","review before beta","pending","","","AUTO50_064","ngn","question_bank_expansion_50.json","yes","high-risk category: ngn; scope/communication keywords: teach, teaching; generated expansion item","Which action best reflects clinical judgment in this mixed safety case?","在這個混合安全情境中，哪項行動最能體現臨床判斷？","B","Clinical judgment requires recognizing urgent cues, prioritizing safety and applying the relevant protocol-sensitive intervention.","臨床判斷需要辨識緊急線索、排序安全風險，並採取相關且符合流程的干預。","","",""
"high","58","review before beta","pending","","","AUTO50_067","prioritization","question_bank_expansion_50.json","yes","high-risk category: prioritization; scope/communication keywords: teach, teaching; generated expansion item","The nurse is caring for a client with chest pressure with diaphoresis and nausea. What should the nurse do first?","護理師照護一位胸部壓迫感病人，出現出汗與噁心。護理師應先做什麼？","A","Chest pressure with diaphoresis and nausea may indicate acute coronary syndrome.","胸部壓迫感合併出汗和噁心可能提示急性冠脈綜合徵。","","",""
"high","58","review before beta","pending","","","AUTO50_073","ngn","question_bank_expansion_50.json","yes","high-risk category: ngn; scope/communication keywords: teach, teaching; generated expansion item","Which action best reflects clinical judgment in this mixed safety case?","在這個混合安全情境中，哪項行動最能體現臨床判斷？","C","Clinical judgment requires recognizing urgent cues, prioritizing safety and applying the relevant protocol-sensitive intervention.","臨床判斷需要辨識緊急線索、排序安全風險，並採取相關且符合流程的干預。","","",""
"high","58","review before beta","pending","","","AUTO50_081","delegation_scope","question_bank_expansion_50.json","yes","medium-risk category: delegation_scope; high-risk keywords: insulin; scope/communication keywords: delegate, delegation, scope, teach, teaching; generated expansion item","The RN is considering delegation of teaching a new insulin injection technique. Which decision is safest?","RN 正在考慮委派教新的胰島素注射技巧。哪個決定最安全？","C","Initial teaching requires RN responsibility.","初始教學屬 RN 職責。","","",""
"high","58","review before beta","pending","","","AUTO50_087","safety_infection","question_bank_expansion_50.json","yes","high-risk category: safety_infection; high-risk keywords: oxygen; generated expansion item","Which nursing action is most appropriate for home oxygen when the issue is open flame nearby?","當問題是附近有明火時，對於居家氧氣哪項護理行動最合適？","A","Oxygen supports combustion and creates fire risk.","氧氣助燃並帶來火災風險。","","",""
"high","58","review before beta","pending","","","AUTO50_096","safety_infection","question_bank_expansion_50.json","yes","high-risk category: safety_infection; high-risk keywords: aspiration; generated expansion item","Which nursing action is most appropriate for enteral feeding when the issue is aspiration prevention?","當問題是預防誤吸時，對於管灌哪項護理行動最合適？","B","Head elevation helps reduce aspiration risk.","抬高床頭有助降低誤吸風險。","","",""
"high","58","review before beta","pending","","","AUTO50_099","delegation_scope","question_bank_expansion_50.json","yes","medium-risk category: delegation_scope; high-risk keywords: insulin; scope/communication keywords: delegate, delegation, scope, teach, teaching; generated expansion item","The RN is considering delegation of teaching a new insulin injection technique. Which decision is safest?","RN 正在考慮委派教新的胰島素注射技巧。哪個決定最安全？","A","Initial teaching requires RN responsibility.","初始教學屬 RN 職責。","","",""
"high","58","review before beta","pending","","","AUTO50_100","ngn","question_bank_expansion_50.json","yes","high-risk category: ngn; scope/communication keywords: teach, teaching; generated expansion item","Which action best reflects clinical judgment in this mixed safety case?","在這個混合安全情境中，哪項行動最能體現臨床判斷？","B","Clinical judgment requires recognizing urgent cues, prioritizing safety and applying the relevant protocol-sensitive intervention.","臨床判斷需要辨識緊急線索、排序安全風險，並採取相關且符合流程的干預。","","",""
"high","58","review before beta","pending","","","AUTO50_112","prioritization","question_bank_expansion_50.json","yes","high-risk category: prioritization; scope/communication keywords: teach, teaching; generated expansion item","The nurse is caring for a client after a fall with new hip pain and external rotation of the leg. What should the nurse do first?","護理師照護一位跌倒後病人，出現新發髖部疼痛且腿部外旋。護理師應先做什麼？","B","The cues may indicate fracture; movement can worsen injury.","這些線索可能提示骨折，移動可能加重傷害。","","",""
"high","58","review before beta","pending","","","AUTO50_117","delegation_scope","question_bank_expansion_50.json","yes","medium-risk category: delegation_scope; high-risk keywords: insulin; scope/communication keywords: delegate, delegation, scope, teach, teaching; generated expansion item","The RN is considering delegation of teaching a new insulin injection technique. Which decision is safest?","RN 正在考慮委派教新的胰島素注射技巧。哪個決定最安全？","C","Initial teaching requires RN responsibility.","初始教學屬 RN 職責。","","",""
"high","58","review before beta","pending","","","AUTO50_118","ngn","question_bank_expansion_50.json","yes","high-risk category: ngn; scope/communication keywords: teach, teaching; generated expansion item","Which action best reflects clinical judgment in this mixed safety case?","在這個混合安全情境中，哪項行動最能體現臨床判斷？","D","Clinical judgment requires recognizing urgent cues, prioritizing safety and applying the relevant protocol-sensitive intervention.","臨床判斷需要辨識緊急線索、排序安全風險，並採取相關且符合流程的干預。","","",""
"high","58","review before beta","pending","","","AUTO50_123","safety_infection","question_bank_expansion_50.json","yes","high-risk category: safety_infection; high-risk keywords: C. difficile; generated expansion item","Which nursing action is most appropriate for C. difficile infection when the issue is contact precautions and soap-and-water hand hygiene?","當問題是接觸隔離與肥皂水洗手時，對於C. difficile 感染哪項護理行動最合適？","A","C. difficile spores are not reliably removed by alcohol rub alone.","C. difficile 孢子不能可靠地只靠酒精乾洗手去除。","","",""
"high","58","review before beta","pending","","","AUTO50_127","ngn","question_bank_expansion_50.json","yes","high-risk category: ngn; scope/communication keywords: teach, teaching; generated expansion item","Which action best reflects clinical judgment in this mixed safety case?","在這個混合安全情境中，哪項行動最能體現臨床判斷？","A","Clinical judgment requires recognizing urgent cues, prioritizing safety and applying the relevant protocol-sensitive intervention.","臨床判斷需要辨識緊急線索、排序安全風險，並採取相關且符合流程的干預。","","",""
"high","58","review before beta","pending","","","AUTO50_132","safety_infection","question_bank_expansion_50.json","yes","high-risk category: safety_infection; high-risk keywords: airborne; generated expansion item","Which nursing action is most appropriate for airborne infection concern when the issue is negative-pressure room as available?","當問題是可用時負壓房時，對於空氣傳播感染風險哪項護理行動最合適？","B","Airborne precautions generally require special room ventilation.","空氣隔離通常需要特殊通風安排。","","",""
"high","58","review before beta","pending","","","AUTO50_135","delegation_scope","question_bank_expansion_50.json","yes","medium-risk category: delegation_scope; high-risk keywords: insulin; scope/communication keywords: delegate, delegation, scope, teach, teaching; generated expansion item","The RN is considering delegation of teaching a new insulin injection technique. Which decision is safest?","RN 正在考慮委派教新的胰島素注射技巧。哪個決定最安全？","A","Initial teaching requires RN responsibility.","初始教學屬 RN 職責。","","",""
"high","58","review before beta","pending","","","AUTO50_145","ngn","question_bank_expansion_50.json","yes","high-risk category: ngn; scope/communication keywords: teach, teaching; generated expansion item","Which action best reflects clinical judgment in this mixed safety case?","在這個混合安全情境中，哪項行動最能體現臨床判斷？","C","Clinical judgment requires recognizing urgent cues, prioritizing safety and applying the relevant protocol-sensitive intervention.","臨床判斷需要辨識緊急線索、排序安全風險，並採取相關且符合流程的干預。","","",""
"high","58","review before beta","pending","","","AUTO50_153","delegation_scope","question_bank_expansion_50.json","yes","medium-risk category: delegation_scope; high-risk keywords: insulin; scope/communication keywords: delegate, delegation, scope, teach, teaching; generated expansion item","The RN is considering delegation of teaching a new insulin injection technique. Which decision is safest?","RN 正在考慮委派教新的胰島素注射技巧。哪個決定最安全？","C","Initial teaching requires RN responsibility.","初始教學屬 RN 職責。","","",""
"high","58","review before beta","pending","","","AUTO50_154","ngn","question_bank_expansion_50.json","yes","high-risk category: ngn; scope/communication keywords: teach, teaching; generated expansion item","Which action best reflects clinical judgment in this mixed safety case?","在這個混合安全情境中，哪項行動最能體現臨床判斷？","D","Clinical judgment requires recognizing urgent cues, prioritizing safety and applying the relevant protocol-sensitive intervention.","臨床判斷需要辨識緊急線索、排序安全風險，並採取相關且符合流程的干預。","","",""
"high","58","review before beta","pending","","","AUTO50_159","safety_infection","question_bank_expansion_50.json","yes","high-risk category: safety_infection; high-risk keywords: oxygen; generated expansion item","Which nursing action is most appropriate for home oxygen when the issue is open flame nearby?","當問題是附近有明火時，對於居家氧氣哪項護理行動最合適？","A","Oxygen supports combustion and creates fire risk.","氧氣助燃並帶來火災風險。","","",""
"high","58","review before beta","pending","","","AUTO50_163","ngn","question_bank_expansion_50.json","yes","high-risk category: ngn; scope/communication keywords: teach, teaching; generated expansion item","Which action best reflects clinical judgment in this mixed safety case?","在這個混合安全情境中，哪項行動最能體現臨床判斷？","A","Clinical judgment requires recognizing urgent cues, prioritizing safety and applying the relevant protocol-sensitive intervention.","臨床判斷需要辨識緊急線索、排序安全風險，並採取相關且符合流程的干預。","","",""
"high","58","review before beta","pending","","","AUTO50_168","safety_infection","question_bank_expansion_50.json","yes","high-risk category: safety_infection; high-risk keywords: aspiration; generated expansion item","Which nursing action is most appropriate for enteral feeding when the issue is aspiration prevention?","當問題是預防誤吸時，對於管灌哪項護理行動最合適？","B","Head elevation helps reduce aspiration risk.","抬高床頭有助降低誤吸風險。","","",""
"high","58","review before beta","pending","","","AUTO50_171","delegation_scope","question_bank_expansion_50.json","yes","medium-risk category: delegation_scope; high-risk keywords: insulin; scope/communication keywords: delegate, delegation, scope, teach, teaching; generated expansion item","The RN is considering delegation of teaching a new insulin injection technique. Which decision is safest?","RN 正在考慮委派教新的胰島素注射技巧。哪個決定最安全？","A","Initial teaching requires RN responsibility.","初始教學屬 RN 職責。","","",""
"high","58","review before beta","pending","","","AUTO50_172","ngn","question_bank_expansion_50.json","yes","high-risk category: ngn; scope/communication keywords: teach, teaching; generated expansion item","Which action best reflects clinical judgment in this mixed safety case?","在這個混合安全情境中，哪項行動最能體現臨床判斷？","B","Clinical judgment requires recognizing urgent cues, prioritizing safety and applying the relevant protocol-sensitive intervention.","臨床判斷需要辨識緊急線索、排序安全風險，並採取相關且符合流程的干預。","","",""
"high","58","review before beta","pending","","","AUTO50_189","delegation_scope","question_bank_expansion_50.json","yes","medium-risk category: delegation_scope; high-risk keywords: insulin; scope/communication keywords: delegate, delegation, scope, teach, teaching; generated expansion item","The RN is considering delegation of teaching a new insulin injection technique. Which decision is safest?","RN 正在考慮委派教新的胰島素注射技巧。哪個決定最安全？","C","Initial teaching requires RN responsibility.","初始教學屬 RN 職責。","","",""
"high","58","review before beta","pending","","","AUTO50_195","safety_infection","question_bank_expansion_50.json","yes","high-risk category: safety_infection; high-risk keywords: C. difficile; generated expansion item","Which nursing action is most appropriate for C. difficile infection when the issue is contact precautions and soap-and-water hand hygiene?","當問題是接觸隔離與肥皂水洗手時，對於C. difficile 感染哪項護理行動最合適？","A","C. difficile spores are not reliably removed by alcohol rub alone.","C. difficile 孢子不能可靠地只靠酒精乾洗手去除。","","",""
"high","58","review before beta","pending","","","AUTO50_199","ngn","question_bank_expansion_50.json","yes","high-risk category: ngn; scope/communication keywords: teach, teaching; generated expansion item","Which action best reflects clinical judgment in this mixed safety case?","在這個混合安全情境中，哪項行動最能體現臨床判斷？","A","Clinical judgment requires recognizing urgent cues, prioritizing safety and applying the relevant protocol-sensitive intervention.","臨床判斷需要辨識緊急線索、排序安全風險，並採取相關且符合流程的干預。","","",""
"high","58","review before beta","pending","","","AUTO50_204","safety_infection","question_bank_expansion_50.json","yes","high-risk category: safety_infection; high-risk keywords: airborne; generated expansion item","Which nursing action is most appropriate for airborne infection concern when the issue is negative-pressure room as available?","當問題是可用時負壓房時，對於空氣傳播感染風險哪項護理行動最合適？","B","Airborne precautions generally require special room ventilation.","空氣隔離通常需要特殊通風安排。","","",""
"high","58","review before beta","pending","","","AUTO50_207","delegation_scope","question_bank_expansion_50.json","yes","medium-risk category: delegation_scope; high-risk keywords: insulin; scope/communication keywords: delegate, delegation, scope, teach, teaching; generated expansion item","The RN is considering delegation of teaching a new insulin injection technique. Which decision is safest?","RN 正在考慮委派教新的胰島素注射技巧。哪個決定最安全？","A","Initial teaching requires RN responsibility.","初始教學屬 RN 職責。","","",""
"high","58","review before beta","pending","","","AUTO50_208","ngn","question_bank_expansion_50.json","yes","high-risk category: ngn; scope/communication keywords: teach, teaching; generated expansion item","Which action best reflects clinical judgment in this mixed safety case?","在這個混合安全情境中，哪項行動最能體現臨床判斷？","B","Clinical judgment requires recognizing urgent cues, prioritizing safety and applying the relevant protocol-sensitive intervention.","臨床判斷需要辨識緊急線索、排序安全風險，並採取相關且符合流程的干預。","","",""
"high","58","review before beta","pending","","","AUTO50_211","prioritization","question_bank_expansion_50.json","yes","high-risk category: prioritization; scope/communication keywords: teach, teaching; generated expansion item","The nurse is caring for a client with chest pressure with diaphoresis and nausea. What should the nurse do first?","護理師照護一位胸部壓迫感病人，出現出汗與噁心。護理師應先做什麼？","A","Chest pressure with diaphoresis and nausea may indicate acute coronary syndrome.","胸部壓迫感合併出汗和噁心可能提示急性冠脈綜合徵。","","",""
"high","58","review before beta","pending","","","AUTO50_217","ngn","question_bank_expansion_50.json","yes","high-risk category: ngn; scope/communication keywords: teach, teaching; generated expansion item","Which action best reflects clinical judgment in this mixed safety case?","在這個混合安全情境中，哪項行動最能體現臨床判斷？","C","Clinical judgment requires recognizing urgent cues, prioritizing safety and applying the relevant protocol-sensitive intervention.","臨床判斷需要辨識緊急線索、排序安全風險，並採取相關且符合流程的干預。","","",""
"high","58","review before beta","pending","","","AUTO50_225","delegation_scope","question_bank_expansion_50.json","yes","medium-risk category: delegation_scope; high-risk keywords: insulin; scope/communication keywords: delegate, delegation, scope, teach, teaching; generated expansion item","The RN is considering delegation of teaching a new insulin injection technique. Which decision is safest?","RN 正在考慮委派教新的胰島素注射技巧。哪個決定最安全？","C","Initial teaching requires RN responsibility.","初始教學屬 RN 職責。","","",""
"high","58","review before beta","pending","","","AUTO50_231","safety_infection","question_bank_expansion_50.json","yes","high-risk category: safety_infection; high-risk keywords: oxygen; generated expansion item","Which nursing action is most appropriate for home oxygen when the issue is open flame nearby?","當問題是附近有明火時，對於居家氧氣哪項護理行動最合適？","A","Oxygen supports combustion and creates fire risk.","氧氣助燃並帶來火災風險。","","",""
"high","58","review before beta","pending","","","AUTO50_240","safety_infection","question_bank_expansion_50.json","yes","high-risk category: safety_infection; high-risk keywords: aspiration; generated expansion item","Which nursing action is most appropriate for enteral feeding when the issue is aspiration prevention?","當問題是預防誤吸時，對於管灌哪項護理行動最合適？","B","Head elevation helps reduce aspiration risk.","抬高床頭有助降低誤吸風險。","","",""
"high","58","review before beta","pending","","","AUTO50_243","delegation_scope","question_bank_expansion_50.json","yes","medium-risk category: delegation_scope; high-risk keywords: insulin; scope/communication keywords: delegate, delegation, scope, teach, teaching; generated expansion item","The RN is considering delegation of teaching a new insulin injection technique. Which decision is safest?","RN 正在考慮委派教新的胰島素注射技巧。哪個決定最安全？","A","Initial teaching requires RN responsibility.","初始教學屬 RN 職責。","","",""
"high","58","review before beta","pending","","","AUTO50_244","ngn","question_bank_expansion_50.json","yes","high-risk category: ngn; scope/communication keywords: teach, teaching; generated expansion item","Which action best reflects clinical judgment in this mixed safety case?","在這個混合安全情境中，哪項行動最能體現臨床判斷？","B","Clinical judgment requires recognizing urgent cues, prioritizing safety and applying the relevant protocol-sensitive intervention.","臨床判斷需要辨識緊急線索、排序安全風險，並採取相關且符合流程的干預。","","",""
"medium","56","review before public release","pending","","","D002","delegation_scope","question_bank_beta_20.json","no","medium-risk category: delegation_scope; scope/communication keywords: delegation, UAP, LPN, LVN, scope, assignment, teach, teaching; manual core item","Which assignment should the charge nurse give to an experienced LPN/LVN rather than UAP?","下列哪項更適合分配給有經驗的 LPN/LVN，而不是 UAP？","B","Depending on jurisdiction and facility policy, LPN/LVN may reinforce teaching after RN instruction; UAP should not teach.","依地區與機構規範，LPN/LVN 可在 RN 教學後補強說明；UAP 不應承擔教學。","","",""
"medium","56","review before public release","pending","","","NGN007","ngn","question_bank_expansion_50.json","no","high-risk category: ngn; high-risk keywords: stroke; scope/communication keywords: assessment; manual core item","Which actions are appropriate for a client with suspected stroke symptoms? Select all that apply.","疑似中風症狀病人，哪些行動合適？可多選。","A|B|D","Stroke care requires time awareness, focused assessment and rapid protocol activation.","中風照護需要掌握時間、重點評估並快速啟動流程。","","",""
"medium","56","review before public release","pending","","","PH004","pharmacology","question_bank_expansion_30.json","no","high-risk category: pharmacology; high-risk keywords: digoxin; scope/communication keywords: assessment; manual core item","Which assessment is most important before administering digoxin?","給 digoxin 前最重要的評估是什麼？","A","Digoxin can affect heart rate and rhythm. The apical pulse should be assessed before administration.","Digoxin 可影響心率與心律，給藥前需評估心尖脈。","","",""
"medium","56","review before public release","pending","","","S007","safety_infection","question_bank_expansion_50.json","no","high-risk category: safety_infection; high-risk keywords: airborne; scope/communication keywords: assignment; manual core item","Which room assignment is best for a client requiring airborne precautions?","需要空氣隔離的病人最適合哪種房間？","A","Airborne precautions commonly require a negative-pressure room according to facility protocol.","空氣隔離通常需按機構流程安排負壓房。","","",""
"medium","54","review before public release","pending","","","AUTO30_003","safety_infection","question_bank_expansion_30.json","yes","high-risk category: safety_infection; scope/communication keywords: assessment; generated expansion item","Which nursing action is most appropriate for confused client trying to climb out of bed when the issue is least restrictive fall-prevention measures?","當問題是限制最少的防跌措施時，對於混亂且試圖下床病人哪項護理行動最合適？","C","Fall prevention starts with assessment and least restrictive interventions.","防跌應從評估與限制最少的措施開始。","","",""
"medium","54","review before public release","pending","","","AUTO30_006","delegation_scope","question_bank_expansion_30.json","yes","medium-risk category: delegation_scope; high-risk keywords: respiratory; scope/communication keywords: delegate, delegation, scope, assessment; generated expansion item","The RN is considering delegation of care of a client with sudden respiratory distress. Which decision is safest?","RN 正在考慮委派突然呼吸窘迫病人的照護。哪個決定最安全？","B","Unstable respiratory status requires RN assessment.","不穩定呼吸狀態需要 RN 評估。","","",""
"medium","54","review before public release","pending","","","AUTO30_024","delegation_scope","question_bank_expansion_30.json","yes","medium-risk category: delegation_scope; high-risk keywords: respiratory; scope/communication keywords: delegate, delegation, scope, assessment; generated expansion item","The RN is considering delegation of care of a client with sudden respiratory distress. Which decision is safest?","RN 正在考慮委派突然呼吸窘迫病人的照護。哪個決定最安全？","D","Unstable respiratory status requires RN assessment.","不穩定呼吸狀態需要 RN 評估。","","",""
"medium","54","review before public release","pending","","","AUTO30_042","delegation_scope","question_bank_expansion_30.json","yes","medium-risk category: delegation_scope; high-risk keywords: respiratory; scope/communication keywords: delegate, delegation, scope, assessment; generated expansion item","The RN is considering delegation of care of a client with sudden respiratory distress. Which decision is safest?","RN 正在考慮委派突然呼吸窘迫病人的照護。哪個決定最安全？","B","Unstable respiratory status requires RN assessment.","不穩定呼吸狀態需要 RN 評估。","","",""
"medium","54","review before public release","pending","","","AUTO30_060","delegation_scope","question_bank_expansion_30.json","yes","medium-risk category: delegation_scope; high-risk keywords: respiratory; scope/communication keywords: delegate, delegation, scope, assessment; generated expansion item","The RN is considering delegation of care of a client with sudden respiratory distress. Which decision is safest?","RN 正在考慮委派突然呼吸窘迫病人的照護。哪個決定最安全？","D","Unstable respiratory status requires RN assessment.","不穩定呼吸狀態需要 RN 評估。","","",""
"medium","54","review before public release","pending","","","AUTO30_075","safety_infection","question_bank_expansion_30.json","yes","high-risk category: safety_infection; scope/communication keywords: assessment; generated expansion item","Which nursing action is most appropriate for confused client trying to climb out of bed when the issue is least restrictive fall-prevention measures?","當問題是限制最少的防跌措施時，對於混亂且試圖下床病人哪項護理行動最合適？","C","Fall prevention starts with assessment and least restrictive interventions.","防跌應從評估與限制最少的措施開始。","","",""
"medium","54","review before public release","pending","","","AUTO30_078","delegation_scope","question_bank_expansion_30.json","yes","medium-risk category: delegation_scope; high-risk keywords: respiratory; scope/communication keywords: delegate, delegation, scope, assessment; generated expansion item","The RN is considering delegation of care of a client with sudden respiratory distress. Which decision is safest?","RN 正在考慮委派突然呼吸窘迫病人的照護。哪個決定最安全？","B","Unstable respiratory status requires RN assessment.","不穩定呼吸狀態需要 RN 評估。","","",""
"medium","54","review before public release","pending","","","AUTO30_096","delegation_scope","question_bank_expansion_30.json","yes","medium-risk category: delegation_scope; high-risk keywords: respiratory; scope/communication keywords: delegate, delegation, scope, assessment; generated expansion item","The RN is considering delegation of care of a client with sudden respiratory distress. Which decision is safest?","RN 正在考慮委派突然呼吸窘迫病人的照護。哪個決定最安全？","D","Unstable respiratory status requires RN assessment.","不穩定呼吸狀態需要 RN 評估。","","",""
"medium","54","review before public release","pending","","","AUTO30_114","delegation_scope","question_bank_expansion_30.json","yes","medium-risk category: delegation_scope; high-risk keywords: respiratory; scope/communication keywords: delegate, delegation, scope, assessment; generated expansion item","The RN is considering delegation of care of a client with sudden respiratory distress. Which decision is safest?","RN 正在考慮委派突然呼吸窘迫病人的照護。哪個決定最安全？","B","Unstable respiratory status requires RN assessment.","不穩定呼吸狀態需要 RN 評估。","","",""
"medium","54","review before public release","pending","","","AUTO30_132","delegation_scope","question_bank_expansion_30.json","yes","medium-risk category: delegation_scope; high-risk keywords: respiratory; scope/communication keywords: delegate, delegation, scope, assessment; generated expansion item","The RN is considering delegation of care of a client with sudden respiratory distress. Which decision is safest?","RN 正在考慮委派突然呼吸窘迫病人的照護。哪個決定最安全？","D","Unstable respiratory status requires RN assessment.","不穩定呼吸狀態需要 RN 評估。","","",""
"medium","54","review before public release","pending","","","AUTO30_147","safety_infection","question_bank_expansion_30.json","yes","high-risk category: safety_infection; scope/communication keywords: assessment; generated expansion item","Which nursing action is most appropriate for confused client trying to climb out of bed when the issue is least restrictive fall-prevention measures?","當問題是限制最少的防跌措施時，對於混亂且試圖下床病人哪項護理行動最合適？","C","Fall prevention starts with assessment and least restrictive interventions.","防跌應從評估與限制最少的措施開始。","","",""
"medium","54","review before public release","pending","","","AUTO30_150","delegation_scope","question_bank_expansion_30.json","yes","medium-risk category: delegation_scope; high-risk keywords: respiratory; scope/communication keywords: delegate, delegation, scope, assessment; generated expansion item","The RN is considering delegation of care of a client with sudden respiratory distress. Which decision is safest?","RN 正在考慮委派突然呼吸窘迫病人的照護。哪個決定最安全？","B","Unstable respiratory status requires RN assessment.","不穩定呼吸狀態需要 RN 評估。","","",""
"medium","54","review before public release","pending","","","AUTO50_018","delegation_scope","question_bank_expansion_50.json","yes","medium-risk category: delegation_scope; high-risk keywords: respiratory; scope/communication keywords: delegate, delegation, scope, assessment; generated expansion item","The RN is considering delegation of care of a client with sudden respiratory distress. Which decision is safest?","RN 正在考慮委派突然呼吸窘迫病人的照護。哪個決定最安全？","D","Unstable respiratory status requires RN assessment.","不穩定呼吸狀態需要 RN 評估。","","",""
"medium","54","review before public release","pending","","","AUTO50_036","delegation_scope","question_bank_expansion_50.json","yes","medium-risk category: delegation_scope; high-risk keywords: respiratory; scope/communication keywords: delegate, delegation, scope, assessment; generated expansion item","The RN is considering delegation of care of a client with sudden respiratory distress. Which decision is safest?","RN 正在考慮委派突然呼吸窘迫病人的照護。哪個決定最安全？","B","Unstable respiratory status requires RN assessment.","不穩定呼吸狀態需要 RN 評估。","","",""
"medium","54","review before public release","pending","","","AUTO50_054","delegation_scope","question_bank_expansion_50.json","yes","medium-risk category: delegation_scope; high-risk keywords: respiratory; scope/communication keywords: delegate, delegation, scope, assessment; generated expansion item","The RN is considering delegation of care of a client with sudden respiratory distress. Which decision is safest?","RN 正在考慮委派突然呼吸窘迫病人的照護。哪個決定最安全？","D","Unstable respiratory status requires RN assessment.","不穩定呼吸狀態需要 RN 評估。","","",""
"medium","54","review before public release","pending","","","AUTO50_069","safety_infection","question_bank_expansion_50.json","yes","high-risk category: safety_infection; scope/communication keywords: assessment; generated expansion item","Which nursing action is most appropriate for confused client trying to climb out of bed when the issue is least restrictive fall-prevention measures?","當問題是限制最少的防跌措施時，對於混亂且試圖下床病人哪項護理行動最合適？","C","Fall prevention starts with assessment and least restrictive interventions.","防跌應從評估與限制最少的措施開始。","","",""
"medium","54","review before public release","pending","","","AUTO50_072","delegation_scope","question_bank_expansion_50.json","yes","medium-risk category: delegation_scope; high-risk keywords: respiratory; scope/communication keywords: delegate, delegation, scope, assessment; generated expansion item","The RN is considering delegation of care of a client with sudden respiratory distress. Which decision is safest?","RN 正在考慮委派突然呼吸窘迫病人的照護。哪個決定最安全？","B","Unstable respiratory status requires RN assessment.","不穩定呼吸狀態需要 RN 評估。","","",""
"medium","54","review before public release","pending","","","AUTO50_090","delegation_scope","question_bank_expansion_50.json","yes","medium-risk category: delegation_scope; high-risk keywords: respiratory; scope/communication keywords: delegate, delegation, scope, assessment; generated expansion item","The RN is considering delegation of care of a client with sudden respiratory distress. Which decision is safest?","RN 正在考慮委派突然呼吸窘迫病人的照護。哪個決定最安全？","D","Unstable respiratory status requires RN assessment.","不穩定呼吸狀態需要 RN 評估。","","",""
"medium","54","review before public release","pending","","","AUTO50_108","delegation_scope","question_bank_expansion_50.json","yes","medium-risk category: delegation_scope; high-risk keywords: respiratory; scope/communication keywords: delegate, delegation, scope, assessment; generated expansion item","The RN is considering delegation of care of a client with sudden respiratory distress. Which decision is safest?","RN 正在考慮委派突然呼吸窘迫病人的照護。哪個決定最安全？","B","Unstable respiratory status requires RN assessment.","不穩定呼吸狀態需要 RN 評估。","","",""
"medium","54","review before public release","pending","","","AUTO50_126","delegation_scope","question_bank_expansion_50.json","yes","medium-risk category: delegation_scope; high-risk keywords: respiratory; scope/communication keywords: delegate, delegation, scope, assessment; generated expansion item","The RN is considering delegation of care of a client with sudden respiratory distress. Which decision is safest?","RN 正在考慮委派突然呼吸窘迫病人的照護。哪個決定最安全？","D","Unstable respiratory status requires RN assessment.","不穩定呼吸狀態需要 RN 評估。","","",""
"medium","54","review before public release","pending","","","AUTO50_141","safety_infection","question_bank_expansion_50.json","yes","high-risk category: safety_infection; scope/communication keywords: assessment; generated expansion item","Which nursing action is most appropriate for confused client trying to climb out of bed when the issue is least restrictive fall-prevention measures?","當問題是限制最少的防跌措施時，對於混亂且試圖下床病人哪項護理行動最合適？","C","Fall prevention starts with assessment and least restrictive interventions.","防跌應從評估與限制最少的措施開始。","","",""
"medium","54","review before public release","pending","","","AUTO50_144","delegation_scope","question_bank_expansion_50.json","yes","medium-risk category: delegation_scope; high-risk keywords: respiratory; scope/communication keywords: delegate, delegation, scope, assessment; generated expansion item","The RN is considering delegation of care of a client with sudden respiratory distress. Which decision is safest?","RN 正在考慮委派突然呼吸窘迫病人的照護。哪個決定最安全？","B","Unstable respiratory status requires RN assessment.","不穩定呼吸狀態需要 RN 評估。","","",""
"medium","54","review before public release","pending","","","AUTO50_162","delegation_scope","question_bank_expansion_50.json","yes","medium-risk category: delegation_scope; high-risk keywords: respiratory; scope/communication keywords: delegate, delegation, scope, assessment; generated expansion item","The RN is considering delegation of care of a client with sudden respiratory distress. Which decision is safest?","RN 正在考慮委派突然呼吸窘迫病人的照護。哪個決定最安全？","D","Unstable respiratory status requires RN assessment.","不穩定呼吸狀態需要 RN 評估。","","",""
"medium","54","review before public release","pending","","","AUTO50_180","delegation_scope","question_bank_expansion_50.json","yes","medium-risk category: delegation_scope; high-risk keywords: respiratory; scope/communication keywords: delegate, delegation, scope, assessment; generated expansion item","The RN is considering delegation of care of a client with sudden respiratory distress. Which decision is safest?","RN 正在考慮委派突然呼吸窘迫病人的照護。哪個決定最安全？","B","Unstable respiratory status requires RN assessment.","不穩定呼吸狀態需要 RN 評估。","","",""
"medium","54","review before public release","pending","","","AUTO50_198","delegation_scope","question_bank_expansion_50.json","yes","medium-risk category: delegation_scope; high-risk keywords: respiratory; scope/communication keywords: delegate, delegation, scope, assessment; generated expansion item","The RN is considering delegation of care of a client with sudden respiratory distress. Which decision is safest?","RN 正在考慮委派突然呼吸窘迫病人的照護。哪個決定最安全？","D","Unstable respiratory status requires RN assessment.","不穩定呼吸狀態需要 RN 評估。","","",""
"medium","54","review before public release","pending","","","AUTO50_213","safety_infection","question_bank_expansion_50.json","yes","high-risk category: safety_infection; scope/communication keywords: assessment; generated expansion item","Which nursing action is most appropriate for confused client trying to climb out of bed when the issue is least restrictive fall-prevention measures?","當問題是限制最少的防跌措施時，對於混亂且試圖下床病人哪項護理行動最合適？","C","Fall prevention starts with assessment and least restrictive interventions.","防跌應從評估與限制最少的措施開始。","","",""
"medium","54","review before public release","pending","","","AUTO50_216","delegation_scope","question_bank_expansion_50.json","yes","medium-risk category: delegation_scope; high-risk keywords: respiratory; scope/communication keywords: delegate, delegation, scope, assessment; generated expansion item","The RN is considering delegation of care of a client with sudden respiratory distress. Which decision is safest?","RN 正在考慮委派突然呼吸窘迫病人的照護。哪個決定最安全？","B","Unstable respiratory status requires RN assessment.","不穩定呼吸狀態需要 RN 評估。","","",""
"medium","54","review before public release","pending","","","AUTO50_234","delegation_scope","question_bank_expansion_50.json","yes","medium-risk category: delegation_scope; high-risk keywords: respiratory; scope/communication keywords: delegate, delegation, scope, assessment; generated expansion item","The RN is considering delegation of care of a client with sudden respiratory distress. Which decision is safest?","RN 正在考慮委派突然呼吸窘迫病人的照護。哪個決定最安全？","D","Unstable respiratory status requires RN assessment.","不穩定呼吸狀態需要 RN 評估。","","",""
"medium","52","review before public release","pending","","","D003","delegation_scope","question_bank_expansion_30.json","no","medium-risk category: delegation_scope; high-risk keywords: stroke; scope/communication keywords: delegation, LPN, LVN, scope, assessment; manual core item","Which client should the RN assign to another RN rather than to an LPN/LVN?","下列哪位病人應由 RN 接手，而不是分配給 LPN/LVN？","B","A newly admitted unstable client with neurologic changes requires RN assessment and judgment.","新入院且有神經變化的不穩定病人需要 RN 評估與判斷。","","",""
"medium","52","review before public release","pending","","","D004","delegation_scope","question_bank_expansion_30.json","no","medium-risk category: delegation_scope; scope/communication keywords: delegate, delegation, UAP, scope, teach, teaching, assessment; manual core item","Which instruction should the RN give to UAP when delegating care?","RN 委派照護給 UAP 時，哪項指示最合適？","B","UAP may report observations during a delegated routine task; assessment, medication decisions and teaching remain RN responsibilities.","UAP 可在例行任務中回報觀察；評估、藥物決策與教學屬 RN 職責。","","",""
"medium","52","review before public release","pending","","","D006","delegation_scope","question_bank_expansion_50.json","no","medium-risk category: delegation_scope; scope/communication keywords: delegate, delegation, UAP, scope, teach, teaching, assessment; manual core item","The RN delegates vital signs to UAP. Which instruction is best?","RN 委派 UAP 量生命徵象。哪項指示最好？","A","Delegated tasks should include clear reporting parameters. Medication decisions, assessment and teaching remain RN functions.","委派任務應有明確回報標準；藥物決策、評估與教學屬 RN 職責。","","",""
"medium","52","review before public release","pending","","","MC002","maternal_child","question_bank_beta_20.json","no","high-risk category: maternal_child; high-risk keywords: preeclampsia; manual core item","Which prenatal finding should the nurse report immediately?","下列哪個產前發現應立即回報？","B","Severe headache with visual changes may indicate preeclampsia and requires prompt follow-up.","嚴重頭痛合併視覺變化可能提示子癲前症，需要立即追蹤。","","",""
"medium","52","review before public release","pending","","","MC009","maternal_child","question_bank_expansion_50.json","no","high-risk category: maternal_child; high-risk keywords: newborn; manual core item","Which newborn temperature requires nursing intervention?","哪個新生兒體溫需要護理處理？","A","Low temperature with poor feeding may indicate newborn instability and requires intervention.","低體溫合併餵食差可能提示新生兒不穩定，需要處理。","","",""
"medium","52","review before public release","pending","","","MC010","maternal_child","question_bank_expansion_50.json","no","high-risk category: maternal_child; high-risk keywords: breathing; manual core item","A parent asks when to seek help for an infant. Which statement indicates understanding?","家長詢問何時需為嬰兒求助。哪句話表示理解？","A","Difficulty breathing is an urgent infant warning sign.","呼吸困難是嬰兒緊急警訊。","","",""
"medium","52","review before public release","pending","","","P001","prioritization","question_bank_beta_20.json","no","high-risk category: prioritization; high-risk keywords: potassium; manual core item","The nurse receives reports on four clients. Which client should the nurse assess first?","護理師收到四位病人的情況回報。應先評估哪一位？","B","Furosemide can contribute to potassium loss. New muscle weakness may signal an electrolyte problem with cardiac risk.","Furosemide 可能造成鉀流失。新的肌肉無力可能提示電解質問題並帶有心律風險。","","",""
"medium","52","review before public release","pending","","","P006","prioritization","question_bank_expansion_30.json","no","high-risk category: prioritization; high-risk keywords: blood transfusion; manual core item","A client receiving a blood transfusion develops chills, fever and back pain. What is the priority action?","輸血中的病人出現寒顫、發燒和背痛。優先行動是？","B","These signs may indicate a transfusion reaction. Stop the transfusion and follow protocol.","這些徵象可能提示輸血反應，應停止輸血並按流程處理。","","",""
"medium","52","review before public release","pending","","","P010","prioritization","question_bank_expansion_50.json","no","high-risk category: prioritization; high-risk keywords: perfusion; manual core item","Which postoperative finding requires immediate follow-up?","術後哪個發現需要立即追蹤？","A","Low urine output may indicate poor perfusion or fluid imbalance and requires prompt follow-up.","尿量低可能提示灌流不足或液體失衡，需要及時追蹤。","","",""
"medium","52","review before public release","pending","","","PH010","pharmacology","question_bank_expansion_50.json","no","high-risk category: pharmacology; high-risk keywords: gentamicin; manual core item","Which finding should the nurse monitor for a client taking gentamicin?","使用 gentamicin 的病人應監測哪項發現？","A","Aminoglycosides such as gentamicin can be associated with ototoxicity and nephrotoxicity.","Gentamicin 等 aminoglycoside 可能與耳毒性和腎毒性相關。","","",""
"medium","52","review before public release","pending","","","PH011","pharmacology","question_bank_expansion_50.json","no","high-risk category: pharmacology; high-risk keywords: metformin; manual core item","Which client statement about metformin requires follow-up before a contrast study?","使用 metformin 的病人在造影檢查前哪句話需要追蹤？","A","Metformin use around contrast studies may require provider instructions due to kidney/lactic acidosis concerns.","Metformin 在造影檢查前後可能需特殊指示，涉及腎功能/乳酸酸中毒風險。","","",""
"medium","52","review before public release","pending","","","PH012","pharmacology","question_bank_expansion_50.json","no","high-risk category: pharmacology; high-risk keywords: lithium; manual core item","A client taking lithium reports vomiting, diarrhea and tremor. What should the nurse suspect?","服用 lithium 的病人回報嘔吐、腹瀉和顫抖。護理師應懷疑什麼？","A","Gastrointestinal symptoms and tremor may indicate lithium toxicity and require prompt follow-up.","胃腸症狀與顫抖可能提示 lithium 中毒，需要及時追蹤。","","",""
"medium","52","review before public release","pending","","","PH014","pharmacology","question_bank_expansion_50.json","no","high-risk category: pharmacology; high-risk keywords: vancomycin; manual core item","Which finding suggests possible vancomycin infusion reaction?","哪個發現提示可能 vancomycin 輸注反應？","A","Flushing and itching during vancomycin infusion may indicate infusion reaction and requires follow-up per protocol.","Vancomycin 輸注中潮紅和瘙癢可能提示輸注反應，需按流程追蹤。","","",""
"medium","52","review before public release","pending","","","S005","safety_infection","question_bank_expansion_30.json","no","high-risk category: safety_infection; high-risk keywords: aspiration; manual core item","Which action reduces aspiration risk for a client receiving enteral feeding?","哪項措施可降低管灌病人誤吸風險？","A","Elevating the head of bed helps reduce aspiration risk during enteral feeding.","抬高床頭有助於降低管灌時誤吸風險。","","",""
"medium","52","review before public release","pending","","","S010","safety_infection","question_bank_expansion_50.json","no","high-risk category: safety_infection; high-risk keywords: oxygen; manual core item","Which action supports oxygen safety at home?","哪項支持居家氧氣安全？","A","Oxygen supports combustion; keep it away from flames and heat sources.","氧氣助燃，應遠離火源與熱源。","","",""
"medium","50","review before public release","pending","","","AUTO30_039","safety_infection","question_bank_expansion_30.json","yes","high-risk category: safety_infection; generated expansion item","Which nursing action is most appropriate for needlestick injury when the issue is exposure response?","當問題是暴露處理時，對於針刺傷哪項護理行動最合適？","C","Occupational exposure requires prompt reporting and protocol-based follow-up.","職業暴露需要及時報告與按流程追蹤。","","",""
"medium","50","review before public release","pending","","","AUTO30_048","safety_infection","question_bank_expansion_30.json","yes","high-risk category: safety_infection; generated expansion item","Which nursing action is most appropriate for pressure injury prevention when the issue is immobility?","當問題是不能活動時，對於壓傷預防哪項護理行動最合適？","D","Regular repositioning reduces prolonged pressure.","定期翻身可減少長時間受壓。","","",""
"medium","50","review before public release","pending","","","AUTO30_111","safety_infection","question_bank_expansion_30.json","yes","high-risk category: safety_infection; generated expansion item","Which nursing action is most appropriate for needlestick injury when the issue is exposure response?","當問題是暴露處理時，對於針刺傷哪項護理行動最合適？","C","Occupational exposure requires prompt reporting and protocol-based follow-up.","職業暴露需要及時報告與按流程追蹤。","","",""
"medium","50","review before public release","pending","","","AUTO30_120","safety_infection","question_bank_expansion_30.json","yes","high-risk category: safety_infection; generated expansion item","Which nursing action is most appropriate for pressure injury prevention when the issue is immobility?","當問題是不能活動時，對於壓傷預防哪項護理行動最合適？","D","Regular repositioning reduces prolonged pressure.","定期翻身可減少長時間受壓。","","",""
"medium","50","review before public release","pending","","","AUTO50_033","safety_infection","question_bank_expansion_50.json","yes","high-risk category: safety_infection; generated expansion item","Which nursing action is most appropriate for needlestick injury when the issue is exposure response?","當問題是暴露處理時，對於針刺傷哪項護理行動最合適？","C","Occupational exposure requires prompt reporting and protocol-based follow-up.","職業暴露需要及時報告與按流程追蹤。","","",""
"medium","50","review before public release","pending","","","AUTO50_042","safety_infection","question_bank_expansion_50.json","yes","high-risk category: safety_infection; generated expansion item","Which nursing action is most appropriate for pressure injury prevention when the issue is immobility?","當問題是不能活動時，對於壓傷預防哪項護理行動最合適？","D","Regular repositioning reduces prolonged pressure.","定期翻身可減少長時間受壓。","","",""
"medium","50","review before public release","pending","","","AUTO50_105","safety_infection","question_bank_expansion_50.json","yes","high-risk category: safety_infection; generated expansion item","Which nursing action is most appropriate for needlestick injury when the issue is exposure response?","當問題是暴露處理時，對於針刺傷哪項護理行動最合適？","C","Occupational exposure requires prompt reporting and protocol-based follow-up.","職業暴露需要及時報告與按流程追蹤。","","",""
"medium","50","review before public release","pending","","","AUTO50_114","safety_infection","question_bank_expansion_50.json","yes","high-risk category: safety_infection; generated expansion item","Which nursing action is most appropriate for pressure injury prevention when the issue is immobility?","當問題是不能活動時，對於壓傷預防哪項護理行動最合適？","D","Regular repositioning reduces prolonged pressure.","定期翻身可減少長時間受壓。","","",""
"medium","50","review before public release","pending","","","AUTO50_177","safety_infection","question_bank_expansion_50.json","yes","high-risk category: safety_infection; generated expansion item","Which nursing action is most appropriate for needlestick injury when the issue is exposure response?","當問題是暴露處理時，對於針刺傷哪項護理行動最合適？","C","Occupational exposure requires prompt reporting and protocol-based follow-up.","職業暴露需要及時報告與按流程追蹤。","","",""
"medium","50","review before public release","pending","","","AUTO50_186","safety_infection","question_bank_expansion_50.json","yes","high-risk category: safety_infection; generated expansion item","Which nursing action is most appropriate for pressure injury prevention when the issue is immobility?","當問題是不能活動時，對於壓傷預防哪項護理行動最合適？","D","Regular repositioning reduces prolonged pressure.","定期翻身可減少長時間受壓。","","",""
"medium","50","review before public release","pending","","","AUTO50_249","safety_infection","question_bank_expansion_50.json","yes","high-risk category: safety_infection; generated expansion item","Which nursing action is most appropriate for needlestick injury when the issue is exposure response?","當問題是暴露處理時，對於針刺傷哪項護理行動最合適？","C","Occupational exposure requires prompt reporting and protocol-based follow-up.","職業暴露需要及時報告與按流程追蹤。","","",""
"medium","48","review before public release","pending","","","MIX007","mixed_review","question_bank_expansion_50.json","no","medium-risk category: mixed_review; high-risk keywords: hypoglycemia, blood glucose, hypoglycemia; manual core item","Which finding in a client with diabetes requires immediate action?","糖尿病病人哪個發現需要立即處理？","A","Symptomatic hypoglycemia requires immediate treatment.","有症狀低血糖需要立即處理。","","",""
"medium","48","review before public release","pending","","","OS001","osce_transition","question_bank_beta_20.json","no","medium-risk category: osce_transition; high-risk keywords: oxygen, saturation; scope/communication keywords: OSCE, escalation; manual core item","Which phrase is most appropriate when escalating a concerning change in a client's condition?","當病人狀況出現令人擔心的變化，需要升級通報時，哪句話最合適？","C","Escalation should be specific, objective and linked to clinical concern.","升級通報應具體、客觀，並連到臨床風險。","","",""
"medium","48","review before public release","pending","","","P003","prioritization","question_bank_beta_20.json","no","high-risk category: prioritization; scope/communication keywords: assessment; manual core item","A client 6 hours after thyroidectomy reports tingling around the mouth. What should the nurse do first?","甲狀腺切除術後 6 小時病人回報口周麻刺感。護理師應先做什麼？","B","Tingling after thyroidectomy may indicate hypocalcemia from parathyroid disruption and requires prompt assessment.","甲狀腺術後口周麻刺可能提示副甲狀腺受影響導致低血鈣，需要及時評估。","","",""
"medium","48","review before public release","pending","","","S006","safety_infection","question_bank_expansion_30.json","no","high-risk category: safety_infection; scope/communication keywords: assessment; manual core item","Which action is most important before transferring a client from bed to chair for the first time after surgery?","術後第一次協助病人從床移到椅子前，哪項最重要？","A","First transfer after surgery requires safety assessment to reduce fall and orthostatic risk.","術後第一次轉移需先做安全評估，以降低跌倒與姿勢性低血壓風險。","","",""
"medium","48","review before public release","pending","","","S008","safety_infection","question_bank_expansion_50.json","no","high-risk category: safety_infection; scope/communication keywords: assessment; manual core item","A confused client pulls at IV tubing. Which action is best first?","混亂病人拉扯 IV 管路。最先合適的行動是？","A","Safety care should assess causes and use least restrictive interventions before restraints unless immediate danger requires otherwise.","安全處理應先評估原因並採用限制最少措施，除非有立即危險。","","",""
"medium","48","review before public release","pending","","","S012","safety_infection","question_bank_expansion_50.json","no","high-risk category: safety_infection; scope/communication keywords: assessment; manual core item","Which intervention helps prevent pressure injury?","哪項干預有助於預防壓傷？","A","Regular repositioning reduces prolonged pressure and pressure-injury risk.","定期翻身可減少長時間受壓與壓傷風險。","","",""
"medium","44","review before public release","pending","","","D008","delegation_scope","question_bank_expansion_50.json","no","medium-risk category: delegation_scope; scope/communication keywords: delegation, UAP, scope, teach, teaching; manual core item","Which statement by UAP requires RN follow-up?","UAP 哪句話需要 RN 追蹤？","B","Teaching requires RN responsibility and should not be performed by UAP.","教學屬 RN 職責，不應由 UAP 執行。","","",""
"medium","44","review before public release","pending","","","MC004","maternal_child","question_bank_expansion_30.json","no","high-risk category: maternal_child; manual core item","A pregnant client reports decreased fetal movement. What should the nurse do?","孕婦回報胎動減少。護理師應怎麼做？","B","Decreased fetal movement may indicate fetal well-being concern and requires timely evaluation.","胎動減少可能提示胎兒狀況問題，需要及時評估。","","",""
"medium","44","review before public release","pending","","","MC008","maternal_child","question_bank_expansion_50.json","no","high-risk category: maternal_child; manual core item","Which instruction is important for a parent placing an infant to sleep?","家長安置嬰兒睡眠時哪項指導重要？","A","Back-to-sleep positioning reduces sleep-related infant risk.","仰睡可降低嬰兒睡眠相關風險。","","",""
"medium","44","review before public release","pending","","","NGN005","ngn","question_bank_expansion_50.json","no","high-risk category: ngn; manual core item","Which cues suggest fluid volume overload? Select all that apply.","哪些線索提示液體負荷過多？可多選。","A|B|C","Crackles, sudden weight gain and edema are consistent with fluid overload.","肺部 crackles、體重突然增加與水腫符合液體負荷過多。","","",""
"medium","44","review before public release","pending","","","P012","prioritization","question_bank_expansion_50.json","no","high-risk category: prioritization; manual core item","A client with a new arteriovenous fistula has no bruit or thrill. What should the nurse do?","新建動靜脈瘻病人聽不到 bruit、摸不到 thrill。護理師應怎麼做？","A","Absence of bruit/thrill may indicate fistula occlusion and requires prompt follow-up. Protect the fistula arm: do not use it for blood pressure, venepuncture or tight compression.","bruit/thrill 消失可能提示瘻管阻塞，需要及時追蹤。保護瘻管側手臂：不要在該側量血壓、抽血/穿刺或施加緊壓。","","",""
"medium","44","review before public release","pending","","","PH013","pharmacology","question_bank_expansion_50.json","no","high-risk category: pharmacology; manual core item","A client taking levothyroxine asks when to take it. Which instruction is best?","服用 levothyroxine 的病人詢問何時服用。哪項指導最好？","A","Levothyroxine is typically taken consistently before breakfast; consistency supports absorption and dosing.","Levothyroxine 通常固定早餐前服用；固定方式有助於吸收與劑量穩定。","","",""
"medium","44","review before public release","pending","","","S001","safety_infection","question_bank_beta_20.json","no","high-risk category: safety_infection; manual core item","Which action should the nurse take before administering medication to a client?","給藥前護理師應先做哪件事？","B","Medication safety requires two approved identifiers. Room number is not sufficient.","給藥安全需要兩項核准身份識別，房號不足以確認身份。","","",""
"medium","44","review before public release","pending","","","S003","safety_infection","question_bank_expansion_30.json","no","high-risk category: safety_infection; manual core item","Which client should be placed near the nurses' station for safety?","哪位病人基於安全考量應安排靠近護理站？","A","Confusion and repeated attempts to get out of bed increase fall risk and require safety planning.","混亂且反覆下床增加跌倒風險，需要安全安排。","","",""
"medium","44","review before public release","pending","","","S011","safety_infection","question_bank_expansion_50.json","no","high-risk category: safety_infection; manual core item","Which action is best after a needlestick injury?","針刺傷後哪項行動最佳？","A","Needlestick injuries require immediate first aid and reporting according to exposure protocol.","針刺傷需要立即初步處理並按暴露流程報告。","","",""
"medium","42","review before public release","pending","","","AUTO30_017","osce_transition","question_bank_expansion_30.json","yes","medium-risk category: osce_transition; scope/communication keywords: assessment, OSCE, consent; generated expansion item","Which phrase best demonstrates consent before wound assessment in an OSCE-style interaction?","在 OSCE 式互動中，哪句話最能展現傷口評估前徵求同意？","A","Permission and explanation support dignity and consent.","徵求同意與解釋有助尊嚴和同意。","","",""
"medium","42","review before public release","pending","","","AUTO30_044","osce_transition","question_bank_expansion_30.json","yes","medium-risk category: osce_transition; scope/communication keywords: OSCE, SBAR, escalation; generated expansion item","Which phrase best demonstrates SBAR escalation in an OSCE-style interaction?","在 OSCE 式互動中，哪句話最能展現SBAR 升級通報？","D","Objective data makes escalation clearer.","客觀資料讓升級通報更清楚。","","",""
"medium","42","review before public release","pending","","","AUTO30_062","osce_transition","question_bank_expansion_30.json","yes","medium-risk category: osce_transition; scope/communication keywords: assessment, OSCE, consent; generated expansion item","Which phrase best demonstrates consent before wound assessment in an OSCE-style interaction?","在 OSCE 式互動中，哪句話最能展現傷口評估前徵求同意？","B","Permission and explanation support dignity and consent.","徵求同意與解釋有助尊嚴和同意。","","",""
"medium","42","review before public release","pending","","","AUTO30_089","osce_transition","question_bank_expansion_30.json","yes","medium-risk category: osce_transition; scope/communication keywords: OSCE, SBAR, escalation; generated expansion item","Which phrase best demonstrates SBAR escalation in an OSCE-style interaction?","在 OSCE 式互動中，哪句話最能展現SBAR 升級通報？","A","Objective data makes escalation clearer.","客觀資料讓升級通報更清楚。","","",""
"medium","42","review before public release","pending","","","AUTO30_107","osce_transition","question_bank_expansion_30.json","yes","medium-risk category: osce_transition; scope/communication keywords: assessment, OSCE, consent; generated expansion item","Which phrase best demonstrates consent before wound assessment in an OSCE-style interaction?","在 OSCE 式互動中，哪句話最能展現傷口評估前徵求同意？","C","Permission and explanation support dignity and consent.","徵求同意與解釋有助尊嚴和同意。","","",""
"medium","42","review before public release","pending","","","AUTO30_134","osce_transition","question_bank_expansion_30.json","yes","medium-risk category: osce_transition; scope/communication keywords: OSCE, SBAR, escalation; generated expansion item","Which phrase best demonstrates SBAR escalation in an OSCE-style interaction?","在 OSCE 式互動中，哪句話最能展現SBAR 升級通報？","B","Objective data makes escalation clearer.","客觀資料讓升級通報更清楚。","","",""
"medium","42","review before public release","pending","","","AUTO50_002","osce_transition","question_bank_expansion_50.json","yes","medium-risk category: osce_transition; scope/communication keywords: assessment, OSCE, consent; generated expansion item","Which phrase best demonstrates consent before wound assessment in an OSCE-style interaction?","在 OSCE 式互動中，哪句話最能展現傷口評估前徵求同意？","D","Permission and explanation support dignity and consent.","徵求同意與解釋有助尊嚴和同意。","","",""
"medium","42","review before public release","pending","","","AUTO50_029","osce_transition","question_bank_expansion_50.json","yes","medium-risk category: osce_transition; scope/communication keywords: OSCE, SBAR, escalation; generated expansion item","Which phrase best demonstrates SBAR escalation in an OSCE-style interaction?","在 OSCE 式互動中，哪句話最能展現SBAR 升級通報？","C","Objective data makes escalation clearer.","客觀資料讓升級通報更清楚。","","",""
"medium","42","review before public release","pending","","","AUTO50_047","osce_transition","question_bank_expansion_50.json","yes","medium-risk category: osce_transition; scope/communication keywords: assessment, OSCE, consent; generated expansion item","Which phrase best demonstrates consent before wound assessment in an OSCE-style interaction?","在 OSCE 式互動中，哪句話最能展現傷口評估前徵求同意？","A","Permission and explanation support dignity and consent.","徵求同意與解釋有助尊嚴和同意。","","",""
"medium","42","review before public release","pending","","","AUTO50_074","osce_transition","question_bank_expansion_50.json","yes","medium-risk category: osce_transition; scope/communication keywords: OSCE, SBAR, escalation; generated expansion item","Which phrase best demonstrates SBAR escalation in an OSCE-style interaction?","在 OSCE 式互動中，哪句話最能展現SBAR 升級通報？","D","Objective data makes escalation clearer.","客觀資料讓升級通報更清楚。","","",""
"medium","42","review before public release","pending","","","AUTO50_092","osce_transition","question_bank_expansion_50.json","yes","medium-risk category: osce_transition; scope/communication keywords: assessment, OSCE, consent; generated expansion item","Which phrase best demonstrates consent before wound assessment in an OSCE-style interaction?","在 OSCE 式互動中，哪句話最能展現傷口評估前徵求同意？","B","Permission and explanation support dignity and consent.","徵求同意與解釋有助尊嚴和同意。","","",""
"medium","42","review before public release","pending","","","AUTO50_119","osce_transition","question_bank_expansion_50.json","yes","medium-risk category: osce_transition; scope/communication keywords: OSCE, SBAR, escalation; generated expansion item","Which phrase best demonstrates SBAR escalation in an OSCE-style interaction?","在 OSCE 式互動中，哪句話最能展現SBAR 升級通報？","A","Objective data makes escalation clearer.","客觀資料讓升級通報更清楚。","","",""
"medium","42","review before public release","pending","","","AUTO50_137","osce_transition","question_bank_expansion_50.json","yes","medium-risk category: osce_transition; scope/communication keywords: assessment, OSCE, consent; generated expansion item","Which phrase best demonstrates consent before wound assessment in an OSCE-style interaction?","在 OSCE 式互動中，哪句話最能展現傷口評估前徵求同意？","C","Permission and explanation support dignity and consent.","徵求同意與解釋有助尊嚴和同意。","","",""
"medium","42","review before public release","pending","","","AUTO50_164","osce_transition","question_bank_expansion_50.json","yes","medium-risk category: osce_transition; scope/communication keywords: OSCE, SBAR, escalation; generated expansion item","Which phrase best demonstrates SBAR escalation in an OSCE-style interaction?","在 OSCE 式互動中，哪句話最能展現SBAR 升級通報？","B","Objective data makes escalation clearer.","客觀資料讓升級通報更清楚。","","",""
"medium","42","review before public release","pending","","","AUTO50_182","osce_transition","question_bank_expansion_50.json","yes","medium-risk category: osce_transition; scope/communication keywords: assessment, OSCE, consent; generated expansion item","Which phrase best demonstrates consent before wound assessment in an OSCE-style interaction?","在 OSCE 式互動中，哪句話最能展現傷口評估前徵求同意？","D","Permission and explanation support dignity and consent.","徵求同意與解釋有助尊嚴和同意。","","",""
"medium","42","review before public release","pending","","","AUTO50_209","osce_transition","question_bank_expansion_50.json","yes","medium-risk category: osce_transition; scope/communication keywords: OSCE, SBAR, escalation; generated expansion item","Which phrase best demonstrates SBAR escalation in an OSCE-style interaction?","在 OSCE 式互動中，哪句話最能展現SBAR 升級通報？","C","Objective data makes escalation clearer.","客觀資料讓升級通報更清楚。","","",""
"medium","42","review before public release","pending","","","AUTO50_227","osce_transition","question_bank_expansion_50.json","yes","medium-risk category: osce_transition; scope/communication keywords: assessment, OSCE, consent; generated expansion item","Which phrase best demonstrates consent before wound assessment in an OSCE-style interaction?","在 OSCE 式互動中，哪句話最能展現傷口評估前徵求同意？","A","Permission and explanation support dignity and consent.","徵求同意與解釋有助尊嚴和同意。","","",""
"medium","40","review before public release","pending","","","D005","delegation_scope","question_bank_expansion_50.json","no","medium-risk category: delegation_scope; scope/communication keywords: delegate, delegation, scope, assessment; manual core item","Which task should the RN keep rather than delegate?","哪項任務應由 RN 保留而不是委派？","A","Initial assessment requires RN judgment and should not be delegated.","初始評估需要 RN 判斷，不應委派。","","",""
"medium","40","review before public release","pending","","","MH001","therapeutic_communication","question_bank_beta_20.json","no","medium-risk category: therapeutic_communication; high-risk keywords: harm yourself; scope/communication keywords: assessment, therapeutic; manual core item","A client says, 'I cannot go on anymore. I have been thinking about ending my life.' Which response is best?","病人說：『我撐不下去了，一直在想結束生命。』最佳回應是？","B","Direct suicide risk assessment is required and therapeutic when safety is at risk.","有自殺意念時需要直接評估風險，這是安全且治療性的做法。","","",""
"medium","40","review before public release","pending","","","MIX001","mixed_review","question_bank_expansion_30.json","no","medium-risk category: mixed_review; high-risk keywords: respiratory, shortness of breath; manual core item","Which finding in a client with heart failure requires the most immediate follow-up?","心衰病人下列哪個發現最需要立即追蹤？","A","Sudden weight gain with worsening dyspnea suggests fluid overload and respiratory compromise.","體重突然增加合併呼吸困難加重提示液體負荷與呼吸風險。","","",""
"medium","40","review before public release","pending","","","MIX002","mixed_review","question_bank_expansion_30.json","no","medium-risk category: mixed_review; high-risk keywords: stroke; scope/communication keywords: teach, teaching; manual core item","Which client statement after stroke discharge teaching indicates understanding?","中風出院教學後，病人哪句話表示理解？","A","Facial droop, slurred speech or unilateral weakness may signal stroke and require emergency response.","臉歪、語言含糊或單側無力可能提示中風，需要緊急處理。","","",""
"medium","40","review before public release","pending","","","MIX003","mixed_review","question_bank_expansion_30.json","no","medium-risk category: mixed_review; high-risk keywords: potassium, hyperkalemia; manual core item","A client with chronic kidney disease reports palpitations and weakness. Which lab value is most concerning?","慢性腎病病人回報心悸和無力。哪個化驗值最令人擔心？","A","Hyperkalemia can cause life-threatening dysrhythmias and is a priority concern.","高血鉀可造成危及生命的心律不整，是優先風險。","","",""
"medium","40","review before public release","pending","","","MIX004","mixed_review","question_bank_expansion_50.json","no","medium-risk category: mixed_review; high-risk keywords: hypotension, perfusion; manual core item","Which client with abdominal pain should be assessed first?","腹痛病人中哪位應先評估？","A","Rigid abdomen with hypotension suggests possible acute abdomen/perfusion concern.","腹部僵硬合併低血壓提示可能急腹症/灌流風險。","","",""
"medium","40","review before public release","pending","","","MIX008","mixed_review","question_bank_expansion_50.json","no","medium-risk category: mixed_review; high-risk keywords: breathing; scope/communication keywords: teach, teaching; manual core item","Which client statement about antibiotics requires further teaching?","關於抗生素，病人哪句話表示需要進一步教學？","C","Stopping antibiotics early can contribute to treatment failure and resistance concerns.","過早停用抗生素可能導致治療失敗並增加耐藥風險。","","",""
"medium","38","review before public release","pending","","","AUTO30_008","osce_transition","question_bank_expansion_30.json","yes","medium-risk category: osce_transition; scope/communication keywords: assessment, OSCE; generated expansion item","Which phrase best demonstrates pain assessment in an OSCE-style interaction?","在 OSCE 式互動中，哪句話最能展現疼痛評估？","D","A clear pain scale supports focused assessment.","清楚的疼痛量表有助重點評估。","","",""
"medium","38","review before public release","pending","","","AUTO30_053","osce_transition","question_bank_expansion_30.json","yes","medium-risk category: osce_transition; scope/communication keywords: assessment, OSCE; generated expansion item","Which phrase best demonstrates pain assessment in an OSCE-style interaction?","在 OSCE 式互動中，哪句話最能展現疼痛評估？","A","A clear pain scale supports focused assessment.","清楚的疼痛量表有助重點評估。","","",""
"medium","38","review before public release","pending","","","AUTO30_098","osce_transition","question_bank_expansion_30.json","yes","medium-risk category: osce_transition; scope/communication keywords: assessment, OSCE; generated expansion item","Which phrase best demonstrates pain assessment in an OSCE-style interaction?","在 OSCE 式互動中，哪句話最能展現疼痛評估？","B","A clear pain scale supports focused assessment.","清楚的疼痛量表有助重點評估。","","",""
"medium","38","review before public release","pending","","","AUTO30_143","osce_transition","question_bank_expansion_30.json","yes","medium-risk category: osce_transition; scope/communication keywords: assessment, OSCE; generated expansion item","Which phrase best demonstrates pain assessment in an OSCE-style interaction?","在 OSCE 式互動中，哪句話最能展現疼痛評估？","C","A clear pain scale supports focused assessment.","清楚的疼痛量表有助重點評估。","","",""
"medium","38","review before public release","pending","","","AUTO50_038","osce_transition","question_bank_expansion_50.json","yes","medium-risk category: osce_transition; scope/communication keywords: assessment, OSCE; generated expansion item","Which phrase best demonstrates pain assessment in an OSCE-style interaction?","在 OSCE 式互動中，哪句話最能展現疼痛評估？","D","A clear pain scale supports focused assessment.","清楚的疼痛量表有助重點評估。","","",""
"medium","38","review before public release","pending","","","AUTO50_083","osce_transition","question_bank_expansion_50.json","yes","medium-risk category: osce_transition; scope/communication keywords: assessment, OSCE; generated expansion item","Which phrase best demonstrates pain assessment in an OSCE-style interaction?","在 OSCE 式互動中，哪句話最能展現疼痛評估？","A","A clear pain scale supports focused assessment.","清楚的疼痛量表有助重點評估。","","",""
"medium","38","review before public release","pending","","","AUTO50_128","osce_transition","question_bank_expansion_50.json","yes","medium-risk category: osce_transition; scope/communication keywords: assessment, OSCE; generated expansion item","Which phrase best demonstrates pain assessment in an OSCE-style interaction?","在 OSCE 式互動中，哪句話最能展現疼痛評估？","B","A clear pain scale supports focused assessment.","清楚的疼痛量表有助重點評估。","","",""
"medium","38","review before public release","pending","","","AUTO50_173","osce_transition","question_bank_expansion_50.json","yes","medium-risk category: osce_transition; scope/communication keywords: assessment, OSCE; generated expansion item","Which phrase best demonstrates pain assessment in an OSCE-style interaction?","在 OSCE 式互動中，哪句話最能展現疼痛評估？","C","A clear pain scale supports focused assessment.","清楚的疼痛量表有助重點評估。","","",""
"medium","38","review before public release","pending","","","AUTO50_218","osce_transition","question_bank_expansion_50.json","yes","medium-risk category: osce_transition; scope/communication keywords: assessment, OSCE; generated expansion item","Which phrase best demonstrates pain assessment in an OSCE-style interaction?","在 OSCE 式互動中，哪句話最能展現疼痛評估？","D","A clear pain scale supports focused assessment.","清楚的疼痛量表有助重點評估。","","",""
"medium","36","review before public release","pending","","","MH007","therapeutic_communication","question_bank_expansion_50.json","no","medium-risk category: therapeutic_communication; scope/communication keywords: teach, teaching, therapeutic; manual core item","Which response is best for a client expressing fear before a procedure?","病人在操作前表達恐懼，哪個回應最佳？","A","Assessing understanding helps identify concerns and supports teaching.","評估理解有助於找出擔憂並支持教學。","","",""
"medium","36","review before public release","pending","","","OS006","osce_transition","question_bank_expansion_50.json","no","medium-risk category: osce_transition; scope/communication keywords: assessment, OSCE, consent; manual core item","Which phrase best asks permission before assessment?","評估前哪句話最能表達徵求同意？","A","Permission and explanation support dignity, consent and OSCE communication.","徵求同意與解釋有助於尊嚴、同意與 OSCE 溝通。","","",""
"medium","34","review before public release","pending","","","AUTO30_005","therapeutic_communication","question_bank_expansion_30.json","yes","medium-risk category: therapeutic_communication; scope/communication keywords: therapeutic; generated expansion item","A client says, ""I feel ashamed that I need help."" Which response is most therapeutic?","病人說：「我覺得需要幫助很丟臉。」哪個回應最具治療性？","A","The response normalizes support and explores feelings.","此回應正常化支持並探索感受。","","",""
"medium","34","review before public release","pending","","","AUTO30_014","therapeutic_communication","question_bank_expansion_30.json","yes","medium-risk category: therapeutic_communication; scope/communication keywords: therapeutic; generated expansion item","A client says, ""No one listens to me."" Which response is most therapeutic?","病人說：「沒有人聽我說。」哪個回應最具治療性？","B","Acknowledging feeling and inviting expression is therapeutic.","承認感受並邀請表達具有治療性。","","",""
"medium","34","review before public release","pending","","","AUTO30_023","therapeutic_communication","question_bank_expansion_30.json","yes","medium-risk category: therapeutic_communication; scope/communication keywords: therapeutic; generated expansion item","A client says, ""I feel ashamed that I need help."" Which response is most therapeutic?","病人說：「我覺得需要幫助很丟臉。」哪個回應最具治療性？","C","The response normalizes support and explores feelings.","此回應正常化支持並探索感受。","","",""
"medium","34","review before public release","pending","","","AUTO30_026","osce_transition","question_bank_expansion_30.json","yes","medium-risk category: osce_transition; scope/communication keywords: OSCE; generated expansion item","Which phrase best demonstrates patient identification in an OSCE-style interaction?","在 OSCE 式互動中，哪句話最能展現病人身份確認？","B","Two identifiers support safety before care.","兩項身份識別有助照護前安全。","","",""
"medium","34","review before public release","pending","","","AUTO30_032","therapeutic_communication","question_bank_expansion_30.json","yes","medium-risk category: therapeutic_communication; scope/communication keywords: therapeutic; generated expansion item","A client says, ""No one listens to me."" Which response is most therapeutic?","病人說：「沒有人聽我說。」哪個回應最具治療性？","D","Acknowledging feeling and inviting expression is therapeutic.","承認感受並邀請表達具有治療性。","","",""
"medium","34","review before public release","pending","","","AUTO30_035","osce_transition","question_bank_expansion_30.json","yes","medium-risk category: osce_transition; scope/communication keywords: OSCE; generated expansion item","Which phrase best demonstrates hand hygiene explanation in an OSCE-style interaction?","在 OSCE 式互動中，哪句話最能展現手部衛生解釋？","C","The explanation links the action to patient safety.","此解釋將行動與病人安全連結。","","",""
"medium","34","review before public release","pending","","","AUTO30_041","therapeutic_communication","question_bank_expansion_30.json","yes","medium-risk category: therapeutic_communication; scope/communication keywords: therapeutic; generated expansion item","A client says, ""I feel ashamed that I need help."" Which response is most therapeutic?","病人說：「我覺得需要幫助很丟臉。」哪個回應最具治療性？","A","The response normalizes support and explores feelings.","此回應正常化支持並探索感受。","","",""
"medium","34","review before public release","pending","","","AUTO30_050","therapeutic_communication","question_bank_expansion_30.json","yes","medium-risk category: therapeutic_communication; scope/communication keywords: therapeutic; generated expansion item","A client says, ""No one listens to me."" Which response is most therapeutic?","病人說：「沒有人聽我說。」哪個回應最具治療性？","B","Acknowledging feeling and inviting expression is therapeutic.","承認感受並邀請表達具有治療性。","","",""
"medium","34","review before public release","pending","","","AUTO30_059","therapeutic_communication","question_bank_expansion_30.json","yes","medium-risk category: therapeutic_communication; scope/communication keywords: therapeutic; generated expansion item","A client says, ""I feel ashamed that I need help."" Which response is most therapeutic?","病人說：「我覺得需要幫助很丟臉。」哪個回應最具治療性？","C","The response normalizes support and explores feelings.","此回應正常化支持並探索感受。","","",""
"medium","34","review before public release","pending","","","AUTO30_068","therapeutic_communication","question_bank_expansion_30.json","yes","medium-risk category: therapeutic_communication; scope/communication keywords: therapeutic; generated expansion item","A client says, ""No one listens to me."" Which response is most therapeutic?","病人說：「沒有人聽我說。」哪個回應最具治療性？","D","Acknowledging feeling and inviting expression is therapeutic.","承認感受並邀請表達具有治療性。","","",""
"medium","34","review before public release","pending","","","AUTO30_071","osce_transition","question_bank_expansion_30.json","yes","medium-risk category: osce_transition; scope/communication keywords: OSCE; generated expansion item","Which phrase best demonstrates patient identification in an OSCE-style interaction?","在 OSCE 式互動中，哪句話最能展現病人身份確認？","C","Two identifiers support safety before care.","兩項身份識別有助照護前安全。","","",""
"medium","34","review before public release","pending","","","AUTO30_077","therapeutic_communication","question_bank_expansion_30.json","yes","medium-risk category: therapeutic_communication; scope/communication keywords: therapeutic; generated expansion item","A client says, ""I feel ashamed that I need help."" Which response is most therapeutic?","病人說：「我覺得需要幫助很丟臉。」哪個回應最具治療性？","A","The response normalizes support and explores feelings.","此回應正常化支持並探索感受。","","",""
"medium","34","review before public release","pending","","","AUTO30_080","osce_transition","question_bank_expansion_30.json","yes","medium-risk category: osce_transition; scope/communication keywords: OSCE; generated expansion item","Which phrase best demonstrates hand hygiene explanation in an OSCE-style interaction?","在 OSCE 式互動中，哪句話最能展現手部衛生解釋？","D","The explanation links the action to patient safety.","此解釋將行動與病人安全連結。","","",""
"medium","34","review before public release","pending","","","AUTO30_086","therapeutic_communication","question_bank_expansion_30.json","yes","medium-risk category: therapeutic_communication; scope/communication keywords: therapeutic; generated expansion item","A client says, ""No one listens to me."" Which response is most therapeutic?","病人說：「沒有人聽我說。」哪個回應最具治療性？","B","Acknowledging feeling and inviting expression is therapeutic.","承認感受並邀請表達具有治療性。","","",""
"medium","34","review before public release","pending","","","AUTO30_095","therapeutic_communication","question_bank_expansion_30.json","yes","medium-risk category: therapeutic_communication; scope/communication keywords: therapeutic; generated expansion item","A client says, ""I feel ashamed that I need help."" Which response is most therapeutic?","病人說：「我覺得需要幫助很丟臉。」哪個回應最具治療性？","C","The response normalizes support and explores feelings.","此回應正常化支持並探索感受。","","",""
"medium","34","review before public release","pending","","","AUTO30_104","therapeutic_communication","question_bank_expansion_30.json","yes","medium-risk category: therapeutic_communication; scope/communication keywords: therapeutic; generated expansion item","A client says, ""No one listens to me."" Which response is most therapeutic?","病人說：「沒有人聽我說。」哪個回應最具治療性？","D","Acknowledging feeling and inviting expression is therapeutic.","承認感受並邀請表達具有治療性。","","",""
"medium","34","review before public release","pending","","","AUTO30_113","therapeutic_communication","question_bank_expansion_30.json","yes","medium-risk category: therapeutic_communication; scope/communication keywords: therapeutic; generated expansion item","A client says, ""I feel ashamed that I need help."" Which response is most therapeutic?","病人說：「我覺得需要幫助很丟臉。」哪個回應最具治療性？","A","The response normalizes support and explores feelings.","此回應正常化支持並探索感受。","","",""
"medium","34","review before public release","pending","","","AUTO30_116","osce_transition","question_bank_expansion_30.json","yes","medium-risk category: osce_transition; scope/communication keywords: OSCE; generated expansion item","Which phrase best demonstrates patient identification in an OSCE-style interaction?","在 OSCE 式互動中，哪句話最能展現病人身份確認？","D","Two identifiers support safety before care.","兩項身份識別有助照護前安全。","","",""
"medium","34","review before public release","pending","","","AUTO30_122","therapeutic_communication","question_bank_expansion_30.json","yes","medium-risk category: therapeutic_communication; scope/communication keywords: therapeutic; generated expansion item","A client says, ""No one listens to me."" Which response is most therapeutic?","病人說：「沒有人聽我說。」哪個回應最具治療性？","B","Acknowledging feeling and inviting expression is therapeutic.","承認感受並邀請表達具有治療性。","","",""
"medium","34","review before public release","pending","","","AUTO30_125","osce_transition","question_bank_expansion_30.json","yes","medium-risk category: osce_transition; scope/communication keywords: OSCE; generated expansion item","Which phrase best demonstrates hand hygiene explanation in an OSCE-style interaction?","在 OSCE 式互動中，哪句話最能展現手部衛生解釋？","A","The explanation links the action to patient safety.","此解釋將行動與病人安全連結。","","",""
"medium","34","review before public release","pending","","","AUTO30_131","therapeutic_communication","question_bank_expansion_30.json","yes","medium-risk category: therapeutic_communication; scope/communication keywords: therapeutic; generated expansion item","A client says, ""I feel ashamed that I need help."" Which response is most therapeutic?","病人說：「我覺得需要幫助很丟臉。」哪個回應最具治療性？","C","The response normalizes support and explores feelings.","此回應正常化支持並探索感受。","","",""
"medium","34","review before public release","pending","","","AUTO30_140","therapeutic_communication","question_bank_expansion_30.json","yes","medium-risk category: therapeutic_communication; scope/communication keywords: therapeutic; generated expansion item","A client says, ""No one listens to me."" Which response is most therapeutic?","病人說：「沒有人聽我說。」哪個回應最具治療性？","D","Acknowledging feeling and inviting expression is therapeutic.","承認感受並邀請表達具有治療性。","","",""
"medium","34","review before public release","pending","","","AUTO30_149","therapeutic_communication","question_bank_expansion_30.json","yes","medium-risk category: therapeutic_communication; scope/communication keywords: therapeutic; generated expansion item","A client says, ""I feel ashamed that I need help."" Which response is most therapeutic?","病人說：「我覺得需要幫助很丟臉。」哪個回應最具治療性？","A","The response normalizes support and explores feelings.","此回應正常化支持並探索感受。","","",""
"medium","34","review before public release","pending","","","AUTO50_008","therapeutic_communication","question_bank_expansion_50.json","yes","medium-risk category: therapeutic_communication; scope/communication keywords: therapeutic; generated expansion item","A client says, ""No one listens to me."" Which response is most therapeutic?","病人說：「沒有人聽我說。」哪個回應最具治療性？","B","Acknowledging feeling and inviting expression is therapeutic.","承認感受並邀請表達具有治療性。","","",""
"medium","34","review before public release","pending","","","AUTO50_011","osce_transition","question_bank_expansion_50.json","yes","medium-risk category: osce_transition; scope/communication keywords: OSCE; generated expansion item","Which phrase best demonstrates patient identification in an OSCE-style interaction?","在 OSCE 式互動中，哪句話最能展現病人身份確認？","A","Two identifiers support safety before care.","兩項身份識別有助照護前安全。","","",""
"medium","34","review before public release","pending","","","AUTO50_017","therapeutic_communication","question_bank_expansion_50.json","yes","medium-risk category: therapeutic_communication; scope/communication keywords: therapeutic; generated expansion item","A client says, ""I feel ashamed that I need help."" Which response is most therapeutic?","病人說：「我覺得需要幫助很丟臉。」哪個回應最具治療性？","C","The response normalizes support and explores feelings.","此回應正常化支持並探索感受。","","",""
"medium","34","review before public release","pending","","","AUTO50_020","osce_transition","question_bank_expansion_50.json","yes","medium-risk category: osce_transition; scope/communication keywords: OSCE; generated expansion item","Which phrase best demonstrates hand hygiene explanation in an OSCE-style interaction?","在 OSCE 式互動中，哪句話最能展現手部衛生解釋？","B","The explanation links the action to patient safety.","此解釋將行動與病人安全連結。","","",""
"medium","34","review before public release","pending","","","AUTO50_026","therapeutic_communication","question_bank_expansion_50.json","yes","medium-risk category: therapeutic_communication; scope/communication keywords: therapeutic; generated expansion item","A client says, ""No one listens to me."" Which response is most therapeutic?","病人說：「沒有人聽我說。」哪個回應最具治療性？","D","Acknowledging feeling and inviting expression is therapeutic.","承認感受並邀請表達具有治療性。","","",""
"medium","34","review before public release","pending","","","AUTO50_035","therapeutic_communication","question_bank_expansion_50.json","yes","medium-risk category: therapeutic_communication; scope/communication keywords: therapeutic; generated expansion item","A client says, ""I feel ashamed that I need help."" Which response is most therapeutic?","病人說：「我覺得需要幫助很丟臉。」哪個回應最具治療性？","A","The response normalizes support and explores feelings.","此回應正常化支持並探索感受。","","",""
"medium","34","review before public release","pending","","","AUTO50_044","therapeutic_communication","question_bank_expansion_50.json","yes","medium-risk category: therapeutic_communication; scope/communication keywords: therapeutic; generated expansion item","A client says, ""No one listens to me."" Which response is most therapeutic?","病人說：「沒有人聽我說。」哪個回應最具治療性？","B","Acknowledging feeling and inviting expression is therapeutic.","承認感受並邀請表達具有治療性。","","",""
"medium","34","review before public release","pending","","","AUTO50_053","therapeutic_communication","question_bank_expansion_50.json","yes","medium-risk category: therapeutic_communication; scope/communication keywords: therapeutic; generated expansion item","A client says, ""I feel ashamed that I need help."" Which response is most therapeutic?","病人說：「我覺得需要幫助很丟臉。」哪個回應最具治療性？","C","The response normalizes support and explores feelings.","此回應正常化支持並探索感受。","","",""
"medium","34","review before public release","pending","","","AUTO50_056","osce_transition","question_bank_expansion_50.json","yes","medium-risk category: osce_transition; scope/communication keywords: OSCE; generated expansion item","Which phrase best demonstrates patient identification in an OSCE-style interaction?","在 OSCE 式互動中，哪句話最能展現病人身份確認？","B","Two identifiers support safety before care.","兩項身份識別有助照護前安全。","","",""
"medium","34","review before public release","pending","","","AUTO50_062","therapeutic_communication","question_bank_expansion_50.json","yes","medium-risk category: therapeutic_communication; scope/communication keywords: therapeutic; generated expansion item","A client says, ""No one listens to me."" Which response is most therapeutic?","病人說：「沒有人聽我說。」哪個回應最具治療性？","D","Acknowledging feeling and inviting expression is therapeutic.","承認感受並邀請表達具有治療性。","","",""
"medium","34","review before public release","pending","","","AUTO50_065","osce_transition","question_bank_expansion_50.json","yes","medium-risk category: osce_transition; scope/communication keywords: OSCE; generated expansion item","Which phrase best demonstrates hand hygiene explanation in an OSCE-style interaction?","在 OSCE 式互動中，哪句話最能展現手部衛生解釋？","C","The explanation links the action to patient safety.","此解釋將行動與病人安全連結。","","",""
"medium","34","review before public release","pending","","","AUTO50_071","therapeutic_communication","question_bank_expansion_50.json","yes","medium-risk category: therapeutic_communication; scope/communication keywords: therapeutic; generated expansion item","A client says, ""I feel ashamed that I need help."" Which response is most therapeutic?","病人說：「我覺得需要幫助很丟臉。」哪個回應最具治療性？","A","The response normalizes support and explores feelings.","此回應正常化支持並探索感受。","","",""
"medium","34","review before public release","pending","","","AUTO50_080","therapeutic_communication","question_bank_expansion_50.json","yes","medium-risk category: therapeutic_communication; scope/communication keywords: therapeutic; generated expansion item","A client says, ""No one listens to me."" Which response is most therapeutic?","病人說：「沒有人聽我說。」哪個回應最具治療性？","B","Acknowledging feeling and inviting expression is therapeutic.","承認感受並邀請表達具有治療性。","","",""
"medium","34","review before public release","pending","","","AUTO50_089","therapeutic_communication","question_bank_expansion_50.json","yes","medium-risk category: therapeutic_communication; scope/communication keywords: therapeutic; generated expansion item","A client says, ""I feel ashamed that I need help."" Which response is most therapeutic?","病人說：「我覺得需要幫助很丟臉。」哪個回應最具治療性？","C","The response normalizes support and explores feelings.","此回應正常化支持並探索感受。","","",""
"medium","34","review before public release","pending","","","AUTO50_098","therapeutic_communication","question_bank_expansion_50.json","yes","medium-risk category: therapeutic_communication; scope/communication keywords: therapeutic; generated expansion item","A client says, ""No one listens to me."" Which response is most therapeutic?","病人說：「沒有人聽我說。」哪個回應最具治療性？","D","Acknowledging feeling and inviting expression is therapeutic.","承認感受並邀請表達具有治療性。","","",""
"medium","34","review before public release","pending","","","AUTO50_101","osce_transition","question_bank_expansion_50.json","yes","medium-risk category: osce_transition; scope/communication keywords: OSCE; generated expansion item","Which phrase best demonstrates patient identification in an OSCE-style interaction?","在 OSCE 式互動中，哪句話最能展現病人身份確認？","C","Two identifiers support safety before care.","兩項身份識別有助照護前安全。","","",""
"medium","34","review before public release","pending","","","AUTO50_107","therapeutic_communication","question_bank_expansion_50.json","yes","medium-risk category: therapeutic_communication; scope/communication keywords: therapeutic; generated expansion item","A client says, ""I feel ashamed that I need help."" Which response is most therapeutic?","病人說：「我覺得需要幫助很丟臉。」哪個回應最具治療性？","A","The response normalizes support and explores feelings.","此回應正常化支持並探索感受。","","",""
"medium","34","review before public release","pending","","","AUTO50_110","osce_transition","question_bank_expansion_50.json","yes","medium-risk category: osce_transition; scope/communication keywords: OSCE; generated expansion item","Which phrase best demonstrates hand hygiene explanation in an OSCE-style interaction?","在 OSCE 式互動中，哪句話最能展現手部衛生解釋？","D","The explanation links the action to patient safety.","此解釋將行動與病人安全連結。","","",""
"medium","34","review before public release","pending","","","AUTO50_116","therapeutic_communication","question_bank_expansion_50.json","yes","medium-risk category: therapeutic_communication; scope/communication keywords: therapeutic; generated expansion item","A client says, ""No one listens to me."" Which response is most therapeutic?","病人說：「沒有人聽我說。」哪個回應最具治療性？","B","Acknowledging feeling and inviting expression is therapeutic.","承認感受並邀請表達具有治療性。","","",""
"medium","34","review before public release","pending","","","AUTO50_125","therapeutic_communication","question_bank_expansion_50.json","yes","medium-risk category: therapeutic_communication; scope/communication keywords: therapeutic; generated expansion item","A client says, ""I feel ashamed that I need help."" Which response is most therapeutic?","病人說：「我覺得需要幫助很丟臉。」哪個回應最具治療性？","C","The response normalizes support and explores feelings.","此回應正常化支持並探索感受。","","",""
"medium","34","review before public release","pending","","","AUTO50_134","therapeutic_communication","question_bank_expansion_50.json","yes","medium-risk category: therapeutic_communication; scope/communication keywords: therapeutic; generated expansion item","A client says, ""No one listens to me."" Which response is most therapeutic?","病人說：「沒有人聽我說。」哪個回應最具治療性？","D","Acknowledging feeling and inviting expression is therapeutic.","承認感受並邀請表達具有治療性。","","",""
"medium","34","review before public release","pending","","","AUTO50_143","therapeutic_communication","question_bank_expansion_50.json","yes","medium-risk category: therapeutic_communication; scope/communication keywords: therapeutic; generated expansion item","A client says, ""I feel ashamed that I need help."" Which response is most therapeutic?","病人說：「我覺得需要幫助很丟臉。」哪個回應最具治療性？","A","The response normalizes support and explores feelings.","此回應正常化支持並探索感受。","","",""
"medium","34","review before public release","pending","","","AUTO50_146","osce_transition","question_bank_expansion_50.json","yes","medium-risk category: osce_transition; scope/communication keywords: OSCE; generated expansion item","Which phrase best demonstrates patient identification in an OSCE-style interaction?","在 OSCE 式互動中，哪句話最能展現病人身份確認？","D","Two identifiers support safety before care.","兩項身份識別有助照護前安全。","","",""
"medium","34","review before public release","pending","","","AUTO50_152","therapeutic_communication","question_bank_expansion_50.json","yes","medium-risk category: therapeutic_communication; scope/communication keywords: therapeutic; generated expansion item","A client says, ""No one listens to me."" Which response is most therapeutic?","病人說：「沒有人聽我說。」哪個回應最具治療性？","B","Acknowledging feeling and inviting expression is therapeutic.","承認感受並邀請表達具有治療性。","","",""
"medium","34","review before public release","pending","","","AUTO50_155","osce_transition","question_bank_expansion_50.json","yes","medium-risk category: osce_transition; scope/communication keywords: OSCE; generated expansion item","Which phrase best demonstrates hand hygiene explanation in an OSCE-style interaction?","在 OSCE 式互動中，哪句話最能展現手部衛生解釋？","A","The explanation links the action to patient safety.","此解釋將行動與病人安全連結。","","",""
"medium","34","review before public release","pending","","","AUTO50_161","therapeutic_communication","question_bank_expansion_50.json","yes","medium-risk category: therapeutic_communication; scope/communication keywords: therapeutic; generated expansion item","A client says, ""I feel ashamed that I need help."" Which response is most therapeutic?","病人說：「我覺得需要幫助很丟臉。」哪個回應最具治療性？","C","The response normalizes support and explores feelings.","此回應正常化支持並探索感受。","","",""
"medium","34","review before public release","pending","","","AUTO50_170","therapeutic_communication","question_bank_expansion_50.json","yes","medium-risk category: therapeutic_communication; scope/communication keywords: therapeutic; generated expansion item","A client says, ""No one listens to me."" Which response is most therapeutic?","病人說：「沒有人聽我說。」哪個回應最具治療性？","D","Acknowledging feeling and inviting expression is therapeutic.","承認感受並邀請表達具有治療性。","","",""
"medium","34","review before public release","pending","","","AUTO50_179","therapeutic_communication","question_bank_expansion_50.json","yes","medium-risk category: therapeutic_communication; scope/communication keywords: therapeutic; generated expansion item","A client says, ""I feel ashamed that I need help."" Which response is most therapeutic?","病人說：「我覺得需要幫助很丟臉。」哪個回應最具治療性？","A","The response normalizes support and explores feelings.","此回應正常化支持並探索感受。","","",""
"medium","34","review before public release","pending","","","AUTO50_188","therapeutic_communication","question_bank_expansion_50.json","yes","medium-risk category: therapeutic_communication; scope/communication keywords: therapeutic; generated expansion item","A client says, ""No one listens to me."" Which response is most therapeutic?","病人說：「沒有人聽我說。」哪個回應最具治療性？","B","Acknowledging feeling and inviting expression is therapeutic.","承認感受並邀請表達具有治療性。","","",""
"medium","34","review before public release","pending","","","AUTO50_191","osce_transition","question_bank_expansion_50.json","yes","medium-risk category: osce_transition; scope/communication keywords: OSCE; generated expansion item","Which phrase best demonstrates patient identification in an OSCE-style interaction?","在 OSCE 式互動中，哪句話最能展現病人身份確認？","A","Two identifiers support safety before care.","兩項身份識別有助照護前安全。","","",""
"medium","34","review before public release","pending","","","AUTO50_197","therapeutic_communication","question_bank_expansion_50.json","yes","medium-risk category: therapeutic_communication; scope/communication keywords: therapeutic; generated expansion item","A client says, ""I feel ashamed that I need help."" Which response is most therapeutic?","病人說：「我覺得需要幫助很丟臉。」哪個回應最具治療性？","C","The response normalizes support and explores feelings.","此回應正常化支持並探索感受。","","",""
"medium","34","review before public release","pending","","","AUTO50_200","osce_transition","question_bank_expansion_50.json","yes","medium-risk category: osce_transition; scope/communication keywords: OSCE; generated expansion item","Which phrase best demonstrates hand hygiene explanation in an OSCE-style interaction?","在 OSCE 式互動中，哪句話最能展現手部衛生解釋？","B","The explanation links the action to patient safety.","此解釋將行動與病人安全連結。","","",""
"medium","34","review before public release","pending","","","AUTO50_206","therapeutic_communication","question_bank_expansion_50.json","yes","medium-risk category: therapeutic_communication; scope/communication keywords: therapeutic; generated expansion item","A client says, ""No one listens to me."" Which response is most therapeutic?","病人說：「沒有人聽我說。」哪個回應最具治療性？","D","Acknowledging feeling and inviting expression is therapeutic.","承認感受並邀請表達具有治療性。","","",""
"medium","34","review before public release","pending","","","AUTO50_215","therapeutic_communication","question_bank_expansion_50.json","yes","medium-risk category: therapeutic_communication; scope/communication keywords: therapeutic; generated expansion item","A client says, ""I feel ashamed that I need help."" Which response is most therapeutic?","病人說：「我覺得需要幫助很丟臉。」哪個回應最具治療性？","A","The response normalizes support and explores feelings.","此回應正常化支持並探索感受。","","",""
"medium","34","review before public release","pending","","","AUTO50_224","therapeutic_communication","question_bank_expansion_50.json","yes","medium-risk category: therapeutic_communication; scope/communication keywords: therapeutic; generated expansion item","A client says, ""No one listens to me."" Which response is most therapeutic?","病人說：「沒有人聽我說。」哪個回應最具治療性？","B","Acknowledging feeling and inviting expression is therapeutic.","承認感受並邀請表達具有治療性。","","",""
"medium","34","review before public release","pending","","","AUTO50_233","therapeutic_communication","question_bank_expansion_50.json","yes","medium-risk category: therapeutic_communication; scope/communication keywords: therapeutic; generated expansion item","A client says, ""I feel ashamed that I need help."" Which response is most therapeutic?","病人說：「我覺得需要幫助很丟臉。」哪個回應最具治療性？","C","The response normalizes support and explores feelings.","此回應正常化支持並探索感受。","","",""
"medium","34","review before public release","pending","","","AUTO50_236","osce_transition","question_bank_expansion_50.json","yes","medium-risk category: osce_transition; scope/communication keywords: OSCE; generated expansion item","Which phrase best demonstrates patient identification in an OSCE-style interaction?","在 OSCE 式互動中，哪句話最能展現病人身份確認？","B","Two identifiers support safety before care.","兩項身份識別有助照護前安全。","","",""
"medium","34","review before public release","pending","","","AUTO50_242","therapeutic_communication","question_bank_expansion_50.json","yes","medium-risk category: therapeutic_communication; scope/communication keywords: therapeutic; generated expansion item","A client says, ""No one listens to me."" Which response is most therapeutic?","病人說：「沒有人聽我說。」哪個回應最具治療性？","D","Acknowledging feeling and inviting expression is therapeutic.","承認感受並邀請表達具有治療性。","","",""
"medium","34","review before public release","pending","","","AUTO50_245","osce_transition","question_bank_expansion_50.json","yes","medium-risk category: osce_transition; scope/communication keywords: OSCE; generated expansion item","Which phrase best demonstrates hand hygiene explanation in an OSCE-style interaction?","在 OSCE 式互動中，哪句話最能展現手部衛生解釋？","C","The explanation links the action to patient safety.","此解釋將行動與病人安全連結。","","",""
"medium","32","review before public release","pending","","","MH004","therapeutic_communication","question_bank_expansion_30.json","no","medium-risk category: therapeutic_communication; scope/communication keywords: therapeutic, mania; manual core item","A client with mania is pacing and speaking rapidly. Which nursing approach is best?","躁症病人來回踱步、語速很快。最佳護理方式是？","B","A calm, low-stimulation environment and brief directions support safety and communication.","安靜低刺激環境與簡短指令有助於安全與溝通。","","",""
"medium","32","review before public release","pending","","","MH008","therapeutic_communication","question_bank_expansion_50.json","no","medium-risk category: therapeutic_communication; scope/communication keywords: therapeutic, panic; manual core item","A client with panic reports feeling unable to breathe. Which action is best?","恐慌病人表示覺得無法呼吸。哪項行動最佳？","A","Presence and calm simple communication support safety during panic.","陪伴與簡短平靜溝通有助於恐慌時的安全。","","",""
"medium","32","review before public release","pending","","","MIX005","mixed_review","question_bank_expansion_50.json","no","medium-risk category: mixed_review; scope/communication keywords: teach, teaching; manual core item","Which discharge statement after heart failure teaching requires further teaching?","心衰出院教學後哪句話表示需要進一步教學？","C","Stopping medication without provider guidance shows misunderstanding.","未經指示自行停藥表示理解錯誤。","","",""
"medium","32","review before public release","pending","","","OS004","osce_transition","question_bank_expansion_50.json","no","medium-risk category: osce_transition; scope/communication keywords: assessment, OSCE; manual core item","Which phrase best explains a pain assessment?","哪句話最能解釋疼痛評估？","B","The phrase is clear, patient-centered and clinically useful.","此句清楚、以病人為中心且具臨床用途。","","",""
"medium","32","review before public release","pending","","","OS005","osce_transition","question_bank_expansion_50.json","no","medium-risk category: osce_transition; scope/communication keywords: OSCE, escalation; manual core item","Which phrase best shows escalation using objective data?","哪句話最能用客觀資料做升級通報？","C","Objective vital-sign data makes escalation clearer and safer.","客觀生命徵象讓升級通報更清楚且安全。","","",""
"medium","28","review before public release","pending","","","MH002","therapeutic_communication","question_bank_beta_20.json","no","medium-risk category: therapeutic_communication; scope/communication keywords: therapeutic; manual core item","A client with hallucinations says, 'The voices are telling me I am worthless.' Which response is best?","有幻聽的病人說：『那些聲音說我一文不值。』最佳回應是？","C","The response acknowledges the client's experience without arguing with the hallucination.","此回應承認病人的感受，但不與幻聽內容爭辯。","","",""
"medium","28","review before public release","pending","","","MH003","therapeutic_communication","question_bank_expansion_30.json","no","medium-risk category: therapeutic_communication; scope/communication keywords: therapeutic; manual core item","A client is crying after receiving a serious diagnosis. Which response is most therapeutic?","病人收到嚴重診斷後哭泣。哪個回應最具治療性？","C","The response acknowledges emotion and offers presence without false reassurance or changing the subject.","此回應承認情緒並提供陪伴，沒有虛假安慰或轉移話題。","","",""
"medium","28","review before public release","pending","","","MH005","therapeutic_communication","question_bank_expansion_30.json","no","medium-risk category: therapeutic_communication; scope/communication keywords: therapeutic; manual core item","A client says, 'No one understands how scared I am before surgery.' Which response is most therapeutic?","病人說：『沒有人理解我手術前有多害怕。』哪個回應最具治療性？","C","Open-ended exploration acknowledges fear and invites expression.","開放式探索承認恐懼並鼓勵表達。","","",""
"medium","28","review before public release","pending","","","MH006","therapeutic_communication","question_bank_expansion_50.json","no","medium-risk category: therapeutic_communication; scope/communication keywords: therapeutic; manual core item","A client says, 'I am angry that no one listens.' Which response is best?","病人說：『我很生氣，沒有人聽我說。』最佳回應是？","B","The response acknowledges emotion and invites expression.","此回應承認情緒並邀請表達。","","",""
"medium","28","review before public release","pending","","","MH009","therapeutic_communication","question_bank_expansion_50.json","no","medium-risk category: therapeutic_communication; scope/communication keywords: therapeutic; manual core item","A client refuses medication and says, 'You are trying to poison me.' Which response is most therapeutic?","病人拒藥並說：『你們想毒害我。』哪個回應最具治療性？","B","The response does not argue with the belief and explores the client's concern.","此回應不與信念爭辯，並探索病人擔憂。","","",""
"medium","28","review before public release","pending","","","MIX006","mixed_review","question_bank_expansion_50.json","no","medium-risk category: mixed_review; scope/communication keywords: assessment; manual core item","Which client with chest discomfort requires immediate assessment?","胸部不適病人中哪位需要立即評估？","A","Chest pressure with diaphoresis and nausea may indicate acute coronary syndrome.","胸部壓迫感合併出汗和噁心可能提示急性冠脈綜合徵。","","",""
"medium","28","review before public release","pending","","","OS002","osce_transition","question_bank_expansion_30.json","no","medium-risk category: osce_transition; scope/communication keywords: OSCE; manual core item","Which sentence best demonstrates patient identification before a procedure?","哪句話最能展現操作前確認病人身份？","B","Using two identifiers such as full name and date of birth supports patient safety before procedures.","使用全名與出生日期等兩項身份識別有助於操作前病人安全。","","",""
"medium","28","review before public release","pending","","","OS003","osce_transition","question_bank_expansion_30.json","no","medium-risk category: osce_transition; scope/communication keywords: OSCE; manual core item","Which phrase is best when explaining hand hygiene to a patient?","向病人解釋手部衛生時，哪句話最合適？","B","The phrase is clear, respectful and links the action to infection risk reduction.","此句清楚、尊重，並把行動連到降低感染風險。","","",""
"low","18","spot-check","pending","","","AUTO30_009","english_wording","question_bank_expansion_30.json","yes","scope/communication keywords: teach, teaching; generated expansion item","In an NCLEX-style stem, the phrase ""further teaching"" most closely means:","在 NCLEX 式題幹中，「further teaching」最接近的意思是：","A","The command phrase ""further teaching"" directs what kind of answer the learner should select.","指令詞「further teaching」會決定考生應選哪一類答案。","","",""
"low","18","spot-check","pending","","","AUTO30_054","english_wording","question_bank_expansion_30.json","yes","scope/communication keywords: teach, teaching; generated expansion item","In an NCLEX-style stem, the phrase ""further teaching"" most closely means:","在 NCLEX 式題幹中，「further teaching」最接近的意思是：","B","The command phrase ""further teaching"" directs what kind of answer the learner should select.","指令詞「further teaching」會決定考生應選哪一類答案。","","",""
"low","18","spot-check","pending","","","AUTO30_099","english_wording","question_bank_expansion_30.json","yes","scope/communication keywords: teach, teaching; generated expansion item","In an NCLEX-style stem, the phrase ""further teaching"" most closely means:","在 NCLEX 式題幹中，「further teaching」最接近的意思是：","C","The command phrase ""further teaching"" directs what kind of answer the learner should select.","指令詞「further teaching」會決定考生應選哪一類答案。","","",""
"low","18","spot-check","pending","","","AUTO30_144","english_wording","question_bank_expansion_30.json","yes","scope/communication keywords: teach, teaching; generated expansion item","In an NCLEX-style stem, the phrase ""further teaching"" most closely means:","在 NCLEX 式題幹中，「further teaching」最接近的意思是：","D","The command phrase ""further teaching"" directs what kind of answer the learner should select.","指令詞「further teaching」會決定考生應選哪一類答案。","","",""
"low","18","spot-check","pending","","","AUTO50_039","english_wording","question_bank_expansion_50.json","yes","scope/communication keywords: teach, teaching; generated expansion item","In an NCLEX-style stem, the phrase ""further teaching"" most closely means:","在 NCLEX 式題幹中，「further teaching」最接近的意思是：","A","The command phrase ""further teaching"" directs what kind of answer the learner should select.","指令詞「further teaching」會決定考生應選哪一類答案。","","",""
"low","18","spot-check","pending","","","AUTO50_084","english_wording","question_bank_expansion_50.json","yes","scope/communication keywords: teach, teaching; generated expansion item","In an NCLEX-style stem, the phrase ""further teaching"" most closely means:","在 NCLEX 式題幹中，「further teaching」最接近的意思是：","B","The command phrase ""further teaching"" directs what kind of answer the learner should select.","指令詞「further teaching」會決定考生應選哪一類答案。","","",""
"low","18","spot-check","pending","","","AUTO50_129","english_wording","question_bank_expansion_50.json","yes","scope/communication keywords: teach, teaching; generated expansion item","In an NCLEX-style stem, the phrase ""further teaching"" most closely means:","在 NCLEX 式題幹中，「further teaching」最接近的意思是：","C","The command phrase ""further teaching"" directs what kind of answer the learner should select.","指令詞「further teaching」會決定考生應選哪一類答案。","","",""
"low","18","spot-check","pending","","","AUTO50_174","english_wording","question_bank_expansion_50.json","yes","scope/communication keywords: teach, teaching; generated expansion item","In an NCLEX-style stem, the phrase ""further teaching"" most closely means:","在 NCLEX 式題幹中，「further teaching」最接近的意思是：","D","The command phrase ""further teaching"" directs what kind of answer the learner should select.","指令詞「further teaching」會決定考生應選哪一類答案。","","",""
"low","18","spot-check","pending","","","AUTO50_219","english_wording","question_bank_expansion_50.json","yes","scope/communication keywords: teach, teaching; generated expansion item","In an NCLEX-style stem, the phrase ""further teaching"" most closely means:","在 NCLEX 式題幹中，「further teaching」最接近的意思是：","A","The command phrase ""further teaching"" directs what kind of answer the learner should select.","指令詞「further teaching」會決定考生應選哪一類答案。","","",""
"low","14","spot-check","pending","","","AUTO30_045","english_wording","question_bank_expansion_30.json","yes","scope/communication keywords: therapeutic; generated expansion item","In an NCLEX-style stem, the phrase ""best response"" most closely means:","在 NCLEX 式題幹中，「best response」最接近的意思是：","A","The command phrase ""best response"" directs what kind of answer the learner should select.","指令詞「best response」會決定考生應選哪一類答案。","","",""
"low","14","spot-check","pending","","","AUTO30_090","english_wording","question_bank_expansion_30.json","yes","scope/communication keywords: therapeutic; generated expansion item","In an NCLEX-style stem, the phrase ""best response"" most closely means:","在 NCLEX 式題幹中，「best response」最接近的意思是：","B","The command phrase ""best response"" directs what kind of answer the learner should select.","指令詞「best response」會決定考生應選哪一類答案。","","",""
"low","14","spot-check","pending","","","AUTO30_135","english_wording","question_bank_expansion_30.json","yes","scope/communication keywords: therapeutic; generated expansion item","In an NCLEX-style stem, the phrase ""best response"" most closely means:","在 NCLEX 式題幹中，「best response」最接近的意思是：","C","The command phrase ""best response"" directs what kind of answer the learner should select.","指令詞「best response」會決定考生應選哪一類答案。","","",""
"low","14","spot-check","pending","","","AUTO50_030","english_wording","question_bank_expansion_50.json","yes","scope/communication keywords: therapeutic; generated expansion item","In an NCLEX-style stem, the phrase ""best response"" most closely means:","在 NCLEX 式題幹中，「best response」最接近的意思是：","D","The command phrase ""best response"" directs what kind of answer the learner should select.","指令詞「best response」會決定考生應選哪一類答案。","","",""
"low","14","spot-check","pending","","","AUTO50_075","english_wording","question_bank_expansion_50.json","yes","scope/communication keywords: therapeutic; generated expansion item","In an NCLEX-style stem, the phrase ""best response"" most closely means:","在 NCLEX 式題幹中，「best response」最接近的意思是：","A","The command phrase ""best response"" directs what kind of answer the learner should select.","指令詞「best response」會決定考生應選哪一類答案。","","",""
"low","14","spot-check","pending","","","AUTO50_120","english_wording","question_bank_expansion_50.json","yes","scope/communication keywords: therapeutic; generated expansion item","In an NCLEX-style stem, the phrase ""best response"" most closely means:","在 NCLEX 式題幹中，「best response」最接近的意思是：","B","The command phrase ""best response"" directs what kind of answer the learner should select.","指令詞「best response」會決定考生應選哪一類答案。","","",""
"low","14","spot-check","pending","","","AUTO50_165","english_wording","question_bank_expansion_50.json","yes","scope/communication keywords: therapeutic; generated expansion item","In an NCLEX-style stem, the phrase ""best response"" most closely means:","在 NCLEX 式題幹中，「best response」最接近的意思是：","C","The command phrase ""best response"" directs what kind of answer the learner should select.","指令詞「best response」會決定考生應選哪一類答案。","","",""
"low","14","spot-check","pending","","","AUTO50_210","english_wording","question_bank_expansion_50.json","yes","scope/communication keywords: therapeutic; generated expansion item","In an NCLEX-style stem, the phrase ""best response"" most closely means:","在 NCLEX 式題幹中，「best response」最接近的意思是：","D","The command phrase ""best response"" directs what kind of answer the learner should select.","指令詞「best response」會決定考生應選哪一類答案。","","",""
"low","12","spot-check","pending","","","E001","english_wording","question_bank_beta_20.json","no","scope/communication keywords: teach, teaching; manual core item","The question asks which statement by the client indicates a need for further teaching. What is the question asking you to find?","題目問病人哪句話 indicates a need for further teaching。這是在問你找什麼？","B","Further teaching means the client has misunderstood or needs more instruction.","Further teaching 表示病人有誤解或仍需更多教學。","","",""
"low","12","spot-check","pending","","","T002","test_strategy","question_bank_expansion_30.json","no","scope/communication keywords: teach, teaching; manual core item","A learner's wrong-answer log shows repeated 'English wording' mistakes. Which action is most useful?","學員錯題紀錄反覆出現 English wording 錯誤。哪項最有用？","B","Repeated wording mistakes need targeted command-phrase training, not only more random practice.","反覆題幹理解錯誤需要針對指令詞訓練，而不只是多做隨機題。","","",""
"low","12","spot-check","pending","","","T004","test_strategy","question_bank_expansion_50.json","no","scope/communication keywords: teach, teaching; manual core item","Which approach is best after missing multiple pharmacology questions?","連續錯多道藥理題後，哪種方法最好？","A","Class-based medication cards help organize purpose, risks, monitoring and teaching.","按類別整理藥卡有助於組織用途、風險、監測與教學。","","",""
"low","10","spot-check","pending","","","AUTO30_018","english_wording","question_bank_expansion_30.json","yes","generated expansion item","In an NCLEX-style stem, the phrase ""priority action"" most closely means:","在 NCLEX 式題幹中，「priority action」最接近的意思是：","B","The command phrase ""priority action"" directs what kind of answer the learner should select.","指令詞「priority action」會決定考生應選哪一類答案。","","",""
"low","10","spot-check","pending","","","AUTO30_027","english_wording","question_bank_expansion_30.json","yes","generated expansion item","In an NCLEX-style stem, the phrase ""expected finding"" most closely means:","在 NCLEX 式題幹中，「expected finding」最接近的意思是：","C","The command phrase ""expected finding"" directs what kind of answer the learner should select.","指令詞「expected finding」會決定考生應選哪一類答案。","","",""
"low","10","spot-check","pending","","","AUTO30_036","english_wording","question_bank_expansion_30.json","yes","generated expansion item","In an NCLEX-style stem, the phrase ""requires follow-up"" most closely means:","在 NCLEX 式題幹中，「requires follow-up」最接近的意思是：","D","The command phrase ""requires follow-up"" directs what kind of answer the learner should select.","指令詞「requires follow-up」會決定考生應選哪一類答案。","","",""
"low","10","spot-check","pending","","","AUTO30_063","english_wording","question_bank_expansion_30.json","yes","generated expansion item","In an NCLEX-style stem, the phrase ""priority action"" most closely means:","在 NCLEX 式題幹中，「priority action」最接近的意思是：","C","The command phrase ""priority action"" directs what kind of answer the learner should select.","指令詞「priority action」會決定考生應選哪一類答案。","","",""
"low","10","spot-check","pending","","","AUTO30_072","english_wording","question_bank_expansion_30.json","yes","generated expansion item","In an NCLEX-style stem, the phrase ""expected finding"" most closely means:","在 NCLEX 式題幹中，「expected finding」最接近的意思是：","D","The command phrase ""expected finding"" directs what kind of answer the learner should select.","指令詞「expected finding」會決定考生應選哪一類答案。","","",""
"low","10","spot-check","pending","","","AUTO30_081","english_wording","question_bank_expansion_30.json","yes","generated expansion item","In an NCLEX-style stem, the phrase ""requires follow-up"" most closely means:","在 NCLEX 式題幹中，「requires follow-up」最接近的意思是：","A","The command phrase ""requires follow-up"" directs what kind of answer the learner should select.","指令詞「requires follow-up」會決定考生應選哪一類答案。","","",""
"low","10","spot-check","pending","","","AUTO30_108","english_wording","question_bank_expansion_30.json","yes","generated expansion item","In an NCLEX-style stem, the phrase ""priority action"" most closely means:","在 NCLEX 式題幹中，「priority action」最接近的意思是：","D","The command phrase ""priority action"" directs what kind of answer the learner should select.","指令詞「priority action」會決定考生應選哪一類答案。","","",""
"low","10","spot-check","pending","","","AUTO30_117","english_wording","question_bank_expansion_30.json","yes","generated expansion item","In an NCLEX-style stem, the phrase ""expected finding"" most closely means:","在 NCLEX 式題幹中，「expected finding」最接近的意思是：","A","The command phrase ""expected finding"" directs what kind of answer the learner should select.","指令詞「expected finding」會決定考生應選哪一類答案。","","",""
"low","10","spot-check","pending","","","AUTO30_126","english_wording","question_bank_expansion_30.json","yes","generated expansion item","In an NCLEX-style stem, the phrase ""requires follow-up"" most closely means:","在 NCLEX 式題幹中，「requires follow-up」最接近的意思是：","B","The command phrase ""requires follow-up"" directs what kind of answer the learner should select.","指令詞「requires follow-up」會決定考生應選哪一類答案。","","",""
"low","10","spot-check","pending","","","AUTO50_003","english_wording","question_bank_expansion_50.json","yes","generated expansion item","In an NCLEX-style stem, the phrase ""priority action"" most closely means:","在 NCLEX 式題幹中，「priority action」最接近的意思是：","A","The command phrase ""priority action"" directs what kind of answer the learner should select.","指令詞「priority action」會決定考生應選哪一類答案。","","",""
"low","10","spot-check","pending","","","AUTO50_012","english_wording","question_bank_expansion_50.json","yes","generated expansion item","In an NCLEX-style stem, the phrase ""expected finding"" most closely means:","在 NCLEX 式題幹中，「expected finding」最接近的意思是：","B","The command phrase ""expected finding"" directs what kind of answer the learner should select.","指令詞「expected finding」會決定考生應選哪一類答案。","","",""
"low","10","spot-check","pending","","","AUTO50_021","english_wording","question_bank_expansion_50.json","yes","generated expansion item","In an NCLEX-style stem, the phrase ""requires follow-up"" most closely means:","在 NCLEX 式題幹中，「requires follow-up」最接近的意思是：","C","The command phrase ""requires follow-up"" directs what kind of answer the learner should select.","指令詞「requires follow-up」會決定考生應選哪一類答案。","","",""
"low","10","spot-check","pending","","","AUTO50_048","english_wording","question_bank_expansion_50.json","yes","generated expansion item","In an NCLEX-style stem, the phrase ""priority action"" most closely means:","在 NCLEX 式題幹中，「priority action」最接近的意思是：","B","The command phrase ""priority action"" directs what kind of answer the learner should select.","指令詞「priority action」會決定考生應選哪一類答案。","","",""
"low","10","spot-check","pending","","","AUTO50_057","english_wording","question_bank_expansion_50.json","yes","generated expansion item","In an NCLEX-style stem, the phrase ""expected finding"" most closely means:","在 NCLEX 式題幹中，「expected finding」最接近的意思是：","C","The command phrase ""expected finding"" directs what kind of answer the learner should select.","指令詞「expected finding」會決定考生應選哪一類答案。","","",""
"low","10","spot-check","pending","","","AUTO50_066","english_wording","question_bank_expansion_50.json","yes","generated expansion item","In an NCLEX-style stem, the phrase ""requires follow-up"" most closely means:","在 NCLEX 式題幹中，「requires follow-up」最接近的意思是：","D","The command phrase ""requires follow-up"" directs what kind of answer the learner should select.","指令詞「requires follow-up」會決定考生應選哪一類答案。","","",""
"low","10","spot-check","pending","","","AUTO50_093","english_wording","question_bank_expansion_50.json","yes","generated expansion item","In an NCLEX-style stem, the phrase ""priority action"" most closely means:","在 NCLEX 式題幹中，「priority action」最接近的意思是：","C","The command phrase ""priority action"" directs what kind of answer the learner should select.","指令詞「priority action」會決定考生應選哪一類答案。","","",""
"low","10","spot-check","pending","","","AUTO50_102","english_wording","question_bank_expansion_50.json","yes","generated expansion item","In an NCLEX-style stem, the phrase ""expected finding"" most closely means:","在 NCLEX 式題幹中，「expected finding」最接近的意思是：","D","The command phrase ""expected finding"" directs what kind of answer the learner should select.","指令詞「expected finding」會決定考生應選哪一類答案。","","",""
"low","10","spot-check","pending","","","AUTO50_111","english_wording","question_bank_expansion_50.json","yes","generated expansion item","In an NCLEX-style stem, the phrase ""requires follow-up"" most closely means:","在 NCLEX 式題幹中，「requires follow-up」最接近的意思是：","A","The command phrase ""requires follow-up"" directs what kind of answer the learner should select.","指令詞「requires follow-up」會決定考生應選哪一類答案。","","",""
"low","10","spot-check","pending","","","AUTO50_138","english_wording","question_bank_expansion_50.json","yes","generated expansion item","In an NCLEX-style stem, the phrase ""priority action"" most closely means:","在 NCLEX 式題幹中，「priority action」最接近的意思是：","D","The command phrase ""priority action"" directs what kind of answer the learner should select.","指令詞「priority action」會決定考生應選哪一類答案。","","",""
"low","10","spot-check","pending","","","AUTO50_147","english_wording","question_bank_expansion_50.json","yes","generated expansion item","In an NCLEX-style stem, the phrase ""expected finding"" most closely means:","在 NCLEX 式題幹中，「expected finding」最接近的意思是：","A","The command phrase ""expected finding"" directs what kind of answer the learner should select.","指令詞「expected finding」會決定考生應選哪一類答案。","","",""
"low","10","spot-check","pending","","","AUTO50_156","english_wording","question_bank_expansion_50.json","yes","generated expansion item","In an NCLEX-style stem, the phrase ""requires follow-up"" most closely means:","在 NCLEX 式題幹中，「requires follow-up」最接近的意思是：","B","The command phrase ""requires follow-up"" directs what kind of answer the learner should select.","指令詞「requires follow-up」會決定考生應選哪一類答案。","","",""
"low","10","spot-check","pending","","","AUTO50_183","english_wording","question_bank_expansion_50.json","yes","generated expansion item","In an NCLEX-style stem, the phrase ""priority action"" most closely means:","在 NCLEX 式題幹中，「priority action」最接近的意思是：","A","The command phrase ""priority action"" directs what kind of answer the learner should select.","指令詞「priority action」會決定考生應選哪一類答案。","","",""
"low","10","spot-check","pending","","","AUTO50_192","english_wording","question_bank_expansion_50.json","yes","generated expansion item","In an NCLEX-style stem, the phrase ""expected finding"" most closely means:","在 NCLEX 式題幹中，「expected finding」最接近的意思是：","B","The command phrase ""expected finding"" directs what kind of answer the learner should select.","指令詞「expected finding」會決定考生應選哪一類答案。","","",""
"low","10","spot-check","pending","","","AUTO50_201","english_wording","question_bank_expansion_50.json","yes","generated expansion item","In an NCLEX-style stem, the phrase ""requires follow-up"" most closely means:","在 NCLEX 式題幹中，「requires follow-up」最接近的意思是：","C","The command phrase ""requires follow-up"" directs what kind of answer the learner should select.","指令詞「requires follow-up」會決定考生應選哪一類答案。","","",""
"low","10","spot-check","pending","","","AUTO50_228","english_wording","question_bank_expansion_50.json","yes","generated expansion item","In an NCLEX-style stem, the phrase ""priority action"" most closely means:","在 NCLEX 式題幹中，「priority action」最接近的意思是：","B","The command phrase ""priority action"" directs what kind of answer the learner should select.","指令詞「priority action」會決定考生應選哪一類答案。","","",""
"low","10","spot-check","pending","","","AUTO50_237","english_wording","question_bank_expansion_50.json","yes","generated expansion item","In an NCLEX-style stem, the phrase ""expected finding"" most closely means:","在 NCLEX 式題幹中，「expected finding」最接近的意思是：","C","The command phrase ""expected finding"" directs what kind of answer the learner should select.","指令詞「expected finding」會決定考生應選哪一類答案。","","",""
"low","10","spot-check","pending","","","AUTO50_246","english_wording","question_bank_expansion_50.json","yes","generated expansion item","In an NCLEX-style stem, the phrase ""requires follow-up"" most closely means:","在 NCLEX 式題幹中，「requires follow-up」最接近的意思是：","D","The command phrase ""requires follow-up"" directs what kind of answer the learner should select.","指令詞「requires follow-up」會決定考生應選哪一類答案。","","",""
"low","8","spot-check","pending","","","E004","english_wording","question_bank_expansion_30.json","no","scope/communication keywords: therapeutic; manual core item","When a question asks for the 'best' response, the learner should choose the option that is:","當題目問 best response 時，考生應選：","B","Best asks for the most appropriate response in context, often combining safety and therapeutic communication.","Best 問的是情境中最合適的回應，常結合安全與治療性溝通。","","",""
"low","8","spot-check","pending","","","E005","english_wording","question_bank_expansion_50.json","no","scope/communication keywords: assessment; manual core item","When an option says 'notify the provider,' what should the learner check first?","選項寫 notify the provider 時，考生應先檢查什麼？","A","Notification may be correct, but the nurse often needs focused assessment or immediate safety intervention first.","通知可能正確，但護理師常需先做重點評估或立即安全處理。","","",""
"low","4","spot-check","pending","","","E002","english_wording","question_bank_beta_20.json","no","manual core item","In an NCLEX question, the word 'priority' usually means:","NCLEX 題目中的 priority 通常表示：","B","Priority asks for the safest or most urgent nursing action in context.","Priority 問的是該情境中最安全或最緊急的護理行動。","","",""
"low","4","spot-check","pending","","","E003","english_wording","question_bank_expansion_30.json","no","manual core item","The phrase 'expected finding' in a question usually asks the learner to identify:","題目中的 expected finding 通常要求考生辨識：","A","Expected finding means anticipated or consistent with the condition/treatment, not necessarily urgent.","Expected finding 表示與情況/治療一致或可預期，不一定緊急。","","",""
"low","4","spot-check","pending","","","E006","english_wording","question_bank_expansion_50.json","no","manual core item","The phrase 'requires immediate intervention' most closely means:","requires immediate intervention 最接近的意思是：","A","Immediate intervention means prompt action is needed for safety or clinical risk.","Immediate intervention 表示因安全或臨床風險需要及時處理。","","",""
"low","4","spot-check","pending","","","E007","english_wording","question_bank_expansion_50.json","no","manual core item","The phrase 'no further action is needed' is safest only when:","no further action is needed 只有在什麼情況下才安全？","A","No further action is appropriate only when the finding is expected and safe.","只有當發現可預期且安全時，才適合不需進一步行動。","","",""
"low","4","spot-check","pending","","","T001","test_strategy","question_bank_beta_20.json","no","manual core item","A learner often changes correct answers to wrong answers without new evidence. Which strategy is best?","學員常在沒有新證據時把正確答案改成錯誤答案。最佳策略是？","C","Answer changes should be evidence-based, not anxiety-based.","改答案應基於證據，而不是焦慮。","","",""
"low","4","spot-check","pending","","","T003","test_strategy","question_bank_expansion_30.json","no","manual core item","Which study behavior is most likely to improve clinical judgment consistency?","哪種學習行為最可能提升臨床判斷穩定性？","A","Error tagging reveals patterns and makes future review targeted.","錯因標記能揭示模式，讓後續複習更有針對性。","","",""
"low","4","spot-check","pending","","","T005","test_strategy","question_bank_expansion_50.json","no","manual core item","Which behavior best supports timed-practice improvement?","哪種行為最能支持限時練習進步？","A","Understanding distractors improves reasoning and reduces repeat mistakes.","理解干擾選項能提升推理並減少重複錯誤。","","",""
"low","4","spot-check","pending","","","T006","test_strategy","question_bank_expansion_50.json","no","manual core item","Which review method is best for NGN case studies?","NGN case studies 最佳複習方法是？","A","NGN improvement depends on cue recognition and reasoning, not answer memorization only.","NGN 進步取決於線索辨識和推理，而不只是背答案。","","",""
