page_unit,domain,risk,title,tags,terms,learning_focus
001,Priority and Delegation,medium-review,Page Unit 001: 優先順序與委派 / Priority and Delegation,prioritization; delegation_scope; safety,priority; first action; unstable client; RN assessment; delegate,這類題的核心不是哪個選項也正確，而是哪個行動最先保護安全。看到 first、priority、new、sudden、worsening，要先找不穩定線索。
002,Question Language,medium-review,Page Unit 002: 題幹語言 / Question Language,english_wording; test_strategy,requires follow-up; further teaching; expected finding; contraindicated; most appropriate,題幹詞控制答題方向。requires follow-up 是找異常或不安全；needs further teaching 是找病人錯誤理解；first 是找最先行動。
003,Pharmacology Safety,high-review,Page Unit 003: 藥理安全 / Pharmacology Safety,pharmacology; knowledge_gap; safety,adverse effect; toxicity; monitor; bleeding risk; patient teaching,藥理題不要只背用途。先問這個藥最怕什麼 harm，需要監測什麼，病人哪句話顯示危險誤解。
004,Maternal-Child Safety,high-review,Page Unit 004: 產兒安全 / Maternal-Child Safety,maternal_safety; cue_recognition; prioritization,heavy lochia; boggy uterus; late decelerations; newborn distress; per protocol,產兒題不是只背週數。先看母體、胎兒或新生兒是否正在失去穩定：出血、胎心、呼吸、血糖、感染與高血壓危象。
005,Mental Health Communication,high-review,Page Unit 005: 精神健康與溝通 / Mental Health Communication,therapeutic_communication; mental_health; safety,therapeutic communication; false reassurance; suicidal ideation; reflection; open-ended question,治療性溝通不是日常安慰。遇到自傷他傷風險，直接評估安全；遇到妄想，不爭辯也不強化妄想。
006,Safety and Infection Control,high-review,Page Unit 006: 安全與感染控制 / Safety and Infection Control,safety_infection; cue_recognition,standard precautions; airborne; contact; aspiration; sepsis,安全題先問 harm 來源：跌倒、誤吸、出血、感染傳播、低氧、敗血症或管路損傷。感染控制先問傳播途徑。
007,NGN Case Reasoning,high-review,Page Unit 007: NGN 病例推理 / NGN Case Reasoning,ngn; clinical_judgment; cue_recognition,recognize cues; analyze cues; take action; evaluate outcomes; trend,NGN 長病例要讀成時間線。不要把所有資料看成同等重要，先找變化，再找主要風險，再選行動與評估結果。
008,OSCE Transition,medium-review,Page Unit 008: OSCE 轉換 / OSCE Transition,osce_transition; communication; clinical_judgment,assessment; escalation; handover; reassessment; documentation,"如果能選對但說不出理由，OSCE 仍有風險。每道錯題都要練一句英文：I am concerned about..., I would assess..., I would escalate..."
009,Priority and Delegation,medium-review,Page Unit 009: 優先順序與委派 / Priority and Delegation,prioritization; delegation_scope; safety,priority; first action; unstable client; RN assessment; delegate,這類題的核心不是哪個選項也正確，而是哪個行動最先保護安全。看到 first、priority、new、sudden、worsening，要先找不穩定線索。
010,Question Language,medium-review,Page Unit 010: 題幹語言 / Question Language,english_wording; test_strategy,requires follow-up; further teaching; expected finding; contraindicated; most appropriate,題幹詞控制答題方向。requires follow-up 是找異常或不安全；needs further teaching 是找病人錯誤理解；first 是找最先行動。
011,Pharmacology Safety,high-review,Page Unit 011: 藥理安全 / Pharmacology Safety,pharmacology; knowledge_gap; safety,adverse effect; toxicity; monitor; bleeding risk; patient teaching,藥理題不要只背用途。先問這個藥最怕什麼 harm，需要監測什麼，病人哪句話顯示危險誤解。
012,Maternal-Child Safety,high-review,Page Unit 012: 產兒安全 / Maternal-Child Safety,maternal_safety; cue_recognition; prioritization,heavy lochia; boggy uterus; late decelerations; newborn distress; per protocol,產兒題不是只背週數。先看母體、胎兒或新生兒是否正在失去穩定：出血、胎心、呼吸、血糖、感染與高血壓危象。
013,Mental Health Communication,high-review,Page Unit 013: 精神健康與溝通 / Mental Health Communication,therapeutic_communication; mental_health; safety,therapeutic communication; false reassurance; suicidal ideation; reflection; open-ended question,治療性溝通不是日常安慰。遇到自傷他傷風險，直接評估安全；遇到妄想，不爭辯也不強化妄想。
014,Safety and Infection Control,high-review,Page Unit 014: 安全與感染控制 / Safety and Infection Control,safety_infection; cue_recognition,standard precautions; airborne; contact; aspiration; sepsis,安全題先問 harm 來源：跌倒、誤吸、出血、感染傳播、低氧、敗血症或管路損傷。感染控制先問傳播途徑。
015,NGN Case Reasoning,high-review,Page Unit 015: NGN 病例推理 / NGN Case Reasoning,ngn; clinical_judgment; cue_recognition,recognize cues; analyze cues; take action; evaluate outcomes; trend,NGN 長病例要讀成時間線。不要把所有資料看成同等重要，先找變化，再找主要風險，再選行動與評估結果。
016,OSCE Transition,medium-review,Page Unit 016: OSCE 轉換 / OSCE Transition,osce_transition; communication; clinical_judgment,assessment; escalation; handover; reassessment; documentation,"如果能選對但說不出理由，OSCE 仍有風險。每道錯題都要練一句英文：I am concerned about..., I would assess..., I would escalate..."
017,Priority and Delegation,medium-review,Page Unit 017: 優先順序與委派 / Priority and Delegation,prioritization; delegation_scope; safety,priority; first action; unstable client; RN assessment; delegate,這類題的核心不是哪個選項也正確，而是哪個行動最先保護安全。看到 first、priority、new、sudden、worsening，要先找不穩定線索。
018,Question Language,medium-review,Page Unit 018: 題幹語言 / Question Language,english_wording; test_strategy,requires follow-up; further teaching; expected finding; contraindicated; most appropriate,題幹詞控制答題方向。requires follow-up 是找異常或不安全；needs further teaching 是找病人錯誤理解；first 是找最先行動。
019,Pharmacology Safety,high-review,Page Unit 019: 藥理安全 / Pharmacology Safety,pharmacology; knowledge_gap; safety,adverse effect; toxicity; monitor; bleeding risk; patient teaching,藥理題不要只背用途。先問這個藥最怕什麼 harm，需要監測什麼，病人哪句話顯示危險誤解。
020,Maternal-Child Safety,high-review,Page Unit 020: 產兒安全 / Maternal-Child Safety,maternal_safety; cue_recognition; prioritization,heavy lochia; boggy uterus; late decelerations; newborn distress; per protocol,產兒題不是只背週數。先看母體、胎兒或新生兒是否正在失去穩定：出血、胎心、呼吸、血糖、感染與高血壓危象。
021,Mental Health Communication,high-review,Page Unit 021: 精神健康與溝通 / Mental Health Communication,therapeutic_communication; mental_health; safety,therapeutic communication; false reassurance; suicidal ideation; reflection; open-ended question,治療性溝通不是日常安慰。遇到自傷他傷風險，直接評估安全；遇到妄想，不爭辯也不強化妄想。
022,Safety and Infection Control,high-review,Page Unit 022: 安全與感染控制 / Safety and Infection Control,safety_infection; cue_recognition,standard precautions; airborne; contact; aspiration; sepsis,安全題先問 harm 來源：跌倒、誤吸、出血、感染傳播、低氧、敗血症或管路損傷。感染控制先問傳播途徑。
023,NGN Case Reasoning,high-review,Page Unit 023: NGN 病例推理 / NGN Case Reasoning,ngn; clinical_judgment; cue_recognition,recognize cues; analyze cues; take action; evaluate outcomes; trend,NGN 長病例要讀成時間線。不要把所有資料看成同等重要，先找變化，再找主要風險，再選行動與評估結果。
024,OSCE Transition,medium-review,Page Unit 024: OSCE 轉換 / OSCE Transition,osce_transition; communication; clinical_judgment,assessment; escalation; handover; reassessment; documentation,"如果能選對但說不出理由，OSCE 仍有風險。每道錯題都要練一句英文：I am concerned about..., I would assess..., I would escalate..."
025,Priority and Delegation,medium-review,Page Unit 025: 優先順序與委派 / Priority and Delegation,prioritization; delegation_scope; safety,priority; first action; unstable client; RN assessment; delegate,這類題的核心不是哪個選項也正確，而是哪個行動最先保護安全。看到 first、priority、new、sudden、worsening，要先找不穩定線索。
026,Question Language,medium-review,Page Unit 026: 題幹語言 / Question Language,english_wording; test_strategy,requires follow-up; further teaching; expected finding; contraindicated; most appropriate,題幹詞控制答題方向。requires follow-up 是找異常或不安全；needs further teaching 是找病人錯誤理解；first 是找最先行動。
027,Pharmacology Safety,high-review,Page Unit 027: 藥理安全 / Pharmacology Safety,pharmacology; knowledge_gap; safety,adverse effect; toxicity; monitor; bleeding risk; patient teaching,藥理題不要只背用途。先問這個藥最怕什麼 harm，需要監測什麼，病人哪句話顯示危險誤解。
028,Maternal-Child Safety,high-review,Page Unit 028: 產兒安全 / Maternal-Child Safety,maternal_safety; cue_recognition; prioritization,heavy lochia; boggy uterus; late decelerations; newborn distress; per protocol,產兒題不是只背週數。先看母體、胎兒或新生兒是否正在失去穩定：出血、胎心、呼吸、血糖、感染與高血壓危象。
029,Mental Health Communication,high-review,Page Unit 029: 精神健康與溝通 / Mental Health Communication,therapeutic_communication; mental_health; safety,therapeutic communication; false reassurance; suicidal ideation; reflection; open-ended question,治療性溝通不是日常安慰。遇到自傷他傷風險，直接評估安全；遇到妄想，不爭辯也不強化妄想。
030,Safety and Infection Control,high-review,Page Unit 030: 安全與感染控制 / Safety and Infection Control,safety_infection; cue_recognition,standard precautions; airborne; contact; aspiration; sepsis,安全題先問 harm 來源：跌倒、誤吸、出血、感染傳播、低氧、敗血症或管路損傷。感染控制先問傳播途徑。
031,NGN Case Reasoning,high-review,Page Unit 031: NGN 病例推理 / NGN Case Reasoning,ngn; clinical_judgment; cue_recognition,recognize cues; analyze cues; take action; evaluate outcomes; trend,NGN 長病例要讀成時間線。不要把所有資料看成同等重要，先找變化，再找主要風險，再選行動與評估結果。
032,OSCE Transition,medium-review,Page Unit 032: OSCE 轉換 / OSCE Transition,osce_transition; communication; clinical_judgment,assessment; escalation; handover; reassessment; documentation,"如果能選對但說不出理由，OSCE 仍有風險。每道錯題都要練一句英文：I am concerned about..., I would assess..., I would escalate..."
033,Priority and Delegation,medium-review,Page Unit 033: 優先順序與委派 / Priority and Delegation,prioritization; delegation_scope; safety,priority; first action; unstable client; RN assessment; delegate,這類題的核心不是哪個選項也正確，而是哪個行動最先保護安全。看到 first、priority、new、sudden、worsening，要先找不穩定線索。
034,Question Language,medium-review,Page Unit 034: 題幹語言 / Question Language,english_wording; test_strategy,requires follow-up; further teaching; expected finding; contraindicated; most appropriate,題幹詞控制答題方向。requires follow-up 是找異常或不安全；needs further teaching 是找病人錯誤理解；first 是找最先行動。
035,Pharmacology Safety,high-review,Page Unit 035: 藥理安全 / Pharmacology Safety,pharmacology; knowledge_gap; safety,adverse effect; toxicity; monitor; bleeding risk; patient teaching,藥理題不要只背用途。先問這個藥最怕什麼 harm，需要監測什麼，病人哪句話顯示危險誤解。
036,Maternal-Child Safety,high-review,Page Unit 036: 產兒安全 / Maternal-Child Safety,maternal_safety; cue_recognition; prioritization,heavy lochia; boggy uterus; late decelerations; newborn distress; per protocol,產兒題不是只背週數。先看母體、胎兒或新生兒是否正在失去穩定：出血、胎心、呼吸、血糖、感染與高血壓危象。
037,Mental Health Communication,high-review,Page Unit 037: 精神健康與溝通 / Mental Health Communication,therapeutic_communication; mental_health; safety,therapeutic communication; false reassurance; suicidal ideation; reflection; open-ended question,治療性溝通不是日常安慰。遇到自傷他傷風險，直接評估安全；遇到妄想，不爭辯也不強化妄想。
038,Safety and Infection Control,high-review,Page Unit 038: 安全與感染控制 / Safety and Infection Control,safety_infection; cue_recognition,standard precautions; airborne; contact; aspiration; sepsis,安全題先問 harm 來源：跌倒、誤吸、出血、感染傳播、低氧、敗血症或管路損傷。感染控制先問傳播途徑。
039,NGN Case Reasoning,high-review,Page Unit 039: NGN 病例推理 / NGN Case Reasoning,ngn; clinical_judgment; cue_recognition,recognize cues; analyze cues; take action; evaluate outcomes; trend,NGN 長病例要讀成時間線。不要把所有資料看成同等重要，先找變化，再找主要風險，再選行動與評估結果。
040,OSCE Transition,medium-review,Page Unit 040: OSCE 轉換 / OSCE Transition,osce_transition; communication; clinical_judgment,assessment; escalation; handover; reassessment; documentation,"如果能選對但說不出理由，OSCE 仍有風險。每道錯題都要練一句英文：I am concerned about..., I would assess..., I would escalate..."
041,Priority and Delegation,medium-review,Page Unit 041: 優先順序與委派 / Priority and Delegation,prioritization; delegation_scope; safety,priority; first action; unstable client; RN assessment; delegate,這類題的核心不是哪個選項也正確，而是哪個行動最先保護安全。看到 first、priority、new、sudden、worsening，要先找不穩定線索。
042,Question Language,medium-review,Page Unit 042: 題幹語言 / Question Language,english_wording; test_strategy,requires follow-up; further teaching; expected finding; contraindicated; most appropriate,題幹詞控制答題方向。requires follow-up 是找異常或不安全；needs further teaching 是找病人錯誤理解；first 是找最先行動。
043,Pharmacology Safety,high-review,Page Unit 043: 藥理安全 / Pharmacology Safety,pharmacology; knowledge_gap; safety,adverse effect; toxicity; monitor; bleeding risk; patient teaching,藥理題不要只背用途。先問這個藥最怕什麼 harm，需要監測什麼，病人哪句話顯示危險誤解。
044,Maternal-Child Safety,high-review,Page Unit 044: 產兒安全 / Maternal-Child Safety,maternal_safety; cue_recognition; prioritization,heavy lochia; boggy uterus; late decelerations; newborn distress; per protocol,產兒題不是只背週數。先看母體、胎兒或新生兒是否正在失去穩定：出血、胎心、呼吸、血糖、感染與高血壓危象。
045,Mental Health Communication,high-review,Page Unit 045: 精神健康與溝通 / Mental Health Communication,therapeutic_communication; mental_health; safety,therapeutic communication; false reassurance; suicidal ideation; reflection; open-ended question,治療性溝通不是日常安慰。遇到自傷他傷風險，直接評估安全；遇到妄想，不爭辯也不強化妄想。
046,Safety and Infection Control,high-review,Page Unit 046: 安全與感染控制 / Safety and Infection Control,safety_infection; cue_recognition,standard precautions; airborne; contact; aspiration; sepsis,安全題先問 harm 來源：跌倒、誤吸、出血、感染傳播、低氧、敗血症或管路損傷。感染控制先問傳播途徑。
047,NGN Case Reasoning,high-review,Page Unit 047: NGN 病例推理 / NGN Case Reasoning,ngn; clinical_judgment; cue_recognition,recognize cues; analyze cues; take action; evaluate outcomes; trend,NGN 長病例要讀成時間線。不要把所有資料看成同等重要，先找變化，再找主要風險，再選行動與評估結果。
048,OSCE Transition,medium-review,Page Unit 048: OSCE 轉換 / OSCE Transition,osce_transition; communication; clinical_judgment,assessment; escalation; handover; reassessment; documentation,"如果能選對但說不出理由，OSCE 仍有風險。每道錯題都要練一句英文：I am concerned about..., I would assess..., I would escalate..."
049,Priority and Delegation,medium-review,Page Unit 049: 優先順序與委派 / Priority and Delegation,prioritization; delegation_scope; safety,priority; first action; unstable client; RN assessment; delegate,這類題的核心不是哪個選項也正確，而是哪個行動最先保護安全。看到 first、priority、new、sudden、worsening，要先找不穩定線索。
050,Question Language,medium-review,Page Unit 050: 題幹語言 / Question Language,english_wording; test_strategy,requires follow-up; further teaching; expected finding; contraindicated; most appropriate,題幹詞控制答題方向。requires follow-up 是找異常或不安全；needs further teaching 是找病人錯誤理解；first 是找最先行動。
051,Pharmacology Safety,high-review,Page Unit 051: 藥理安全 / Pharmacology Safety,pharmacology; knowledge_gap; safety,adverse effect; toxicity; monitor; bleeding risk; patient teaching,藥理題不要只背用途。先問這個藥最怕什麼 harm，需要監測什麼，病人哪句話顯示危險誤解。
052,Maternal-Child Safety,high-review,Page Unit 052: 產兒安全 / Maternal-Child Safety,maternal_safety; cue_recognition; prioritization,heavy lochia; boggy uterus; late decelerations; newborn distress; per protocol,產兒題不是只背週數。先看母體、胎兒或新生兒是否正在失去穩定：出血、胎心、呼吸、血糖、感染與高血壓危象。
053,Mental Health Communication,high-review,Page Unit 053: 精神健康與溝通 / Mental Health Communication,therapeutic_communication; mental_health; safety,therapeutic communication; false reassurance; suicidal ideation; reflection; open-ended question,治療性溝通不是日常安慰。遇到自傷他傷風險，直接評估安全；遇到妄想，不爭辯也不強化妄想。
054,Safety and Infection Control,high-review,Page Unit 054: 安全與感染控制 / Safety and Infection Control,safety_infection; cue_recognition,standard precautions; airborne; contact; aspiration; sepsis,安全題先問 harm 來源：跌倒、誤吸、出血、感染傳播、低氧、敗血症或管路損傷。感染控制先問傳播途徑。
055,NGN Case Reasoning,high-review,Page Unit 055: NGN 病例推理 / NGN Case Reasoning,ngn; clinical_judgment; cue_recognition,recognize cues; analyze cues; take action; evaluate outcomes; trend,NGN 長病例要讀成時間線。不要把所有資料看成同等重要，先找變化，再找主要風險，再選行動與評估結果。
056,OSCE Transition,medium-review,Page Unit 056: OSCE 轉換 / OSCE Transition,osce_transition; communication; clinical_judgment,assessment; escalation; handover; reassessment; documentation,"如果能選對但說不出理由，OSCE 仍有風險。每道錯題都要練一句英文：I am concerned about..., I would assess..., I would escalate..."
057,Priority and Delegation,medium-review,Page Unit 057: 優先順序與委派 / Priority and Delegation,prioritization; delegation_scope; safety,priority; first action; unstable client; RN assessment; delegate,這類題的核心不是哪個選項也正確，而是哪個行動最先保護安全。看到 first、priority、new、sudden、worsening，要先找不穩定線索。
058,Question Language,medium-review,Page Unit 058: 題幹語言 / Question Language,english_wording; test_strategy,requires follow-up; further teaching; expected finding; contraindicated; most appropriate,題幹詞控制答題方向。requires follow-up 是找異常或不安全；needs further teaching 是找病人錯誤理解；first 是找最先行動。
059,Pharmacology Safety,high-review,Page Unit 059: 藥理安全 / Pharmacology Safety,pharmacology; knowledge_gap; safety,adverse effect; toxicity; monitor; bleeding risk; patient teaching,藥理題不要只背用途。先問這個藥最怕什麼 harm，需要監測什麼，病人哪句話顯示危險誤解。
060,Maternal-Child Safety,high-review,Page Unit 060: 產兒安全 / Maternal-Child Safety,maternal_safety; cue_recognition; prioritization,heavy lochia; boggy uterus; late decelerations; newborn distress; per protocol,產兒題不是只背週數。先看母體、胎兒或新生兒是否正在失去穩定：出血、胎心、呼吸、血糖、感染與高血壓危象。
061,Mental Health Communication,high-review,Page Unit 061: 精神健康與溝通 / Mental Health Communication,therapeutic_communication; mental_health; safety,therapeutic communication; false reassurance; suicidal ideation; reflection; open-ended question,治療性溝通不是日常安慰。遇到自傷他傷風險，直接評估安全；遇到妄想，不爭辯也不強化妄想。
062,Safety and Infection Control,high-review,Page Unit 062: 安全與感染控制 / Safety and Infection Control,safety_infection; cue_recognition,standard precautions; airborne; contact; aspiration; sepsis,安全題先問 harm 來源：跌倒、誤吸、出血、感染傳播、低氧、敗血症或管路損傷。感染控制先問傳播途徑。
063,NGN Case Reasoning,high-review,Page Unit 063: NGN 病例推理 / NGN Case Reasoning,ngn; clinical_judgment; cue_recognition,recognize cues; analyze cues; take action; evaluate outcomes; trend,NGN 長病例要讀成時間線。不要把所有資料看成同等重要，先找變化，再找主要風險，再選行動與評估結果。
064,OSCE Transition,medium-review,Page Unit 064: OSCE 轉換 / OSCE Transition,osce_transition; communication; clinical_judgment,assessment; escalation; handover; reassessment; documentation,"如果能選對但說不出理由，OSCE 仍有風險。每道錯題都要練一句英文：I am concerned about..., I would assess..., I would escalate..."
065,Priority and Delegation,medium-review,Page Unit 065: 優先順序與委派 / Priority and Delegation,prioritization; delegation_scope; safety,priority; first action; unstable client; RN assessment; delegate,這類題的核心不是哪個選項也正確，而是哪個行動最先保護安全。看到 first、priority、new、sudden、worsening，要先找不穩定線索。
066,Question Language,medium-review,Page Unit 066: 題幹語言 / Question Language,english_wording; test_strategy,requires follow-up; further teaching; expected finding; contraindicated; most appropriate,題幹詞控制答題方向。requires follow-up 是找異常或不安全；needs further teaching 是找病人錯誤理解；first 是找最先行動。
067,Pharmacology Safety,high-review,Page Unit 067: 藥理安全 / Pharmacology Safety,pharmacology; knowledge_gap; safety,adverse effect; toxicity; monitor; bleeding risk; patient teaching,藥理題不要只背用途。先問這個藥最怕什麼 harm，需要監測什麼，病人哪句話顯示危險誤解。
068,Maternal-Child Safety,high-review,Page Unit 068: 產兒安全 / Maternal-Child Safety,maternal_safety; cue_recognition; prioritization,heavy lochia; boggy uterus; late decelerations; newborn distress; per protocol,產兒題不是只背週數。先看母體、胎兒或新生兒是否正在失去穩定：出血、胎心、呼吸、血糖、感染與高血壓危象。
069,Mental Health Communication,high-review,Page Unit 069: 精神健康與溝通 / Mental Health Communication,therapeutic_communication; mental_health; safety,therapeutic communication; false reassurance; suicidal ideation; reflection; open-ended question,治療性溝通不是日常安慰。遇到自傷他傷風險，直接評估安全；遇到妄想，不爭辯也不強化妄想。
070,Safety and Infection Control,high-review,Page Unit 070: 安全與感染控制 / Safety and Infection Control,safety_infection; cue_recognition,standard precautions; airborne; contact; aspiration; sepsis,安全題先問 harm 來源：跌倒、誤吸、出血、感染傳播、低氧、敗血症或管路損傷。感染控制先問傳播途徑。
071,NGN Case Reasoning,high-review,Page Unit 071: NGN 病例推理 / NGN Case Reasoning,ngn; clinical_judgment; cue_recognition,recognize cues; analyze cues; take action; evaluate outcomes; trend,NGN 長病例要讀成時間線。不要把所有資料看成同等重要，先找變化，再找主要風險，再選行動與評估結果。
072,OSCE Transition,medium-review,Page Unit 072: OSCE 轉換 / OSCE Transition,osce_transition; communication; clinical_judgment,assessment; escalation; handover; reassessment; documentation,"如果能選對但說不出理由，OSCE 仍有風險。每道錯題都要練一句英文：I am concerned about..., I would assess..., I would escalate..."
073,Priority and Delegation,medium-review,Page Unit 073: 優先順序與委派 / Priority and Delegation,prioritization; delegation_scope; safety,priority; first action; unstable client; RN assessment; delegate,這類題的核心不是哪個選項也正確，而是哪個行動最先保護安全。看到 first、priority、new、sudden、worsening，要先找不穩定線索。
074,Question Language,medium-review,Page Unit 074: 題幹語言 / Question Language,english_wording; test_strategy,requires follow-up; further teaching; expected finding; contraindicated; most appropriate,題幹詞控制答題方向。requires follow-up 是找異常或不安全；needs further teaching 是找病人錯誤理解；first 是找最先行動。
075,Pharmacology Safety,high-review,Page Unit 075: 藥理安全 / Pharmacology Safety,pharmacology; knowledge_gap; safety,adverse effect; toxicity; monitor; bleeding risk; patient teaching,藥理題不要只背用途。先問這個藥最怕什麼 harm，需要監測什麼，病人哪句話顯示危險誤解。
076,Maternal-Child Safety,high-review,Page Unit 076: 產兒安全 / Maternal-Child Safety,maternal_safety; cue_recognition; prioritization,heavy lochia; boggy uterus; late decelerations; newborn distress; per protocol,產兒題不是只背週數。先看母體、胎兒或新生兒是否正在失去穩定：出血、胎心、呼吸、血糖、感染與高血壓危象。
077,Mental Health Communication,high-review,Page Unit 077: 精神健康與溝通 / Mental Health Communication,therapeutic_communication; mental_health; safety,therapeutic communication; false reassurance; suicidal ideation; reflection; open-ended question,治療性溝通不是日常安慰。遇到自傷他傷風險，直接評估安全；遇到妄想，不爭辯也不強化妄想。
078,Safety and Infection Control,high-review,Page Unit 078: 安全與感染控制 / Safety and Infection Control,safety_infection; cue_recognition,standard precautions; airborne; contact; aspiration; sepsis,安全題先問 harm 來源：跌倒、誤吸、出血、感染傳播、低氧、敗血症或管路損傷。感染控制先問傳播途徑。
079,NGN Case Reasoning,high-review,Page Unit 079: NGN 病例推理 / NGN Case Reasoning,ngn; clinical_judgment; cue_recognition,recognize cues; analyze cues; take action; evaluate outcomes; trend,NGN 長病例要讀成時間線。不要把所有資料看成同等重要，先找變化，再找主要風險，再選行動與評估結果。
080,OSCE Transition,medium-review,Page Unit 080: OSCE 轉換 / OSCE Transition,osce_transition; communication; clinical_judgment,assessment; escalation; handover; reassessment; documentation,"如果能選對但說不出理由，OSCE 仍有風險。每道錯題都要練一句英文：I am concerned about..., I would assess..., I would escalate..."
081,Priority and Delegation,medium-review,Page Unit 081: 優先順序與委派 / Priority and Delegation,prioritization; delegation_scope; safety,priority; first action; unstable client; RN assessment; delegate,這類題的核心不是哪個選項也正確，而是哪個行動最先保護安全。看到 first、priority、new、sudden、worsening，要先找不穩定線索。
082,Question Language,medium-review,Page Unit 082: 題幹語言 / Question Language,english_wording; test_strategy,requires follow-up; further teaching; expected finding; contraindicated; most appropriate,題幹詞控制答題方向。requires follow-up 是找異常或不安全；needs further teaching 是找病人錯誤理解；first 是找最先行動。
083,Pharmacology Safety,high-review,Page Unit 083: 藥理安全 / Pharmacology Safety,pharmacology; knowledge_gap; safety,adverse effect; toxicity; monitor; bleeding risk; patient teaching,藥理題不要只背用途。先問這個藥最怕什麼 harm，需要監測什麼，病人哪句話顯示危險誤解。
084,Maternal-Child Safety,high-review,Page Unit 084: 產兒安全 / Maternal-Child Safety,maternal_safety; cue_recognition; prioritization,heavy lochia; boggy uterus; late decelerations; newborn distress; per protocol,產兒題不是只背週數。先看母體、胎兒或新生兒是否正在失去穩定：出血、胎心、呼吸、血糖、感染與高血壓危象。
085,Mental Health Communication,high-review,Page Unit 085: 精神健康與溝通 / Mental Health Communication,therapeutic_communication; mental_health; safety,therapeutic communication; false reassurance; suicidal ideation; reflection; open-ended question,治療性溝通不是日常安慰。遇到自傷他傷風險，直接評估安全；遇到妄想，不爭辯也不強化妄想。
086,Safety and Infection Control,high-review,Page Unit 086: 安全與感染控制 / Safety and Infection Control,safety_infection; cue_recognition,standard precautions; airborne; contact; aspiration; sepsis,安全題先問 harm 來源：跌倒、誤吸、出血、感染傳播、低氧、敗血症或管路損傷。感染控制先問傳播途徑。
087,NGN Case Reasoning,high-review,Page Unit 087: NGN 病例推理 / NGN Case Reasoning,ngn; clinical_judgment; cue_recognition,recognize cues; analyze cues; take action; evaluate outcomes; trend,NGN 長病例要讀成時間線。不要把所有資料看成同等重要，先找變化，再找主要風險，再選行動與評估結果。
088,OSCE Transition,medium-review,Page Unit 088: OSCE 轉換 / OSCE Transition,osce_transition; communication; clinical_judgment,assessment; escalation; handover; reassessment; documentation,"如果能選對但說不出理由，OSCE 仍有風險。每道錯題都要練一句英文：I am concerned about..., I would assess..., I would escalate..."
089,Priority and Delegation,medium-review,Page Unit 089: 優先順序與委派 / Priority and Delegation,prioritization; delegation_scope; safety,priority; first action; unstable client; RN assessment; delegate,這類題的核心不是哪個選項也正確，而是哪個行動最先保護安全。看到 first、priority、new、sudden、worsening，要先找不穩定線索。
090,Question Language,medium-review,Page Unit 090: 題幹語言 / Question Language,english_wording; test_strategy,requires follow-up; further teaching; expected finding; contraindicated; most appropriate,題幹詞控制答題方向。requires follow-up 是找異常或不安全；needs further teaching 是找病人錯誤理解；first 是找最先行動。
091,Pharmacology Safety,high-review,Page Unit 091: 藥理安全 / Pharmacology Safety,pharmacology; knowledge_gap; safety,adverse effect; toxicity; monitor; bleeding risk; patient teaching,藥理題不要只背用途。先問這個藥最怕什麼 harm，需要監測什麼，病人哪句話顯示危險誤解。
092,Maternal-Child Safety,high-review,Page Unit 092: 產兒安全 / Maternal-Child Safety,maternal_safety; cue_recognition; prioritization,heavy lochia; boggy uterus; late decelerations; newborn distress; per protocol,產兒題不是只背週數。先看母體、胎兒或新生兒是否正在失去穩定：出血、胎心、呼吸、血糖、感染與高血壓危象。
093,Mental Health Communication,high-review,Page Unit 093: 精神健康與溝通 / Mental Health Communication,therapeutic_communication; mental_health; safety,therapeutic communication; false reassurance; suicidal ideation; reflection; open-ended question,治療性溝通不是日常安慰。遇到自傷他傷風險，直接評估安全；遇到妄想，不爭辯也不強化妄想。
094,Safety and Infection Control,high-review,Page Unit 094: 安全與感染控制 / Safety and Infection Control,safety_infection; cue_recognition,standard precautions; airborne; contact; aspiration; sepsis,安全題先問 harm 來源：跌倒、誤吸、出血、感染傳播、低氧、敗血症或管路損傷。感染控制先問傳播途徑。
095,NGN Case Reasoning,high-review,Page Unit 095: NGN 病例推理 / NGN Case Reasoning,ngn; clinical_judgment; cue_recognition,recognize cues; analyze cues; take action; evaluate outcomes; trend,NGN 長病例要讀成時間線。不要把所有資料看成同等重要，先找變化，再找主要風險，再選行動與評估結果。
096,OSCE Transition,medium-review,Page Unit 096: OSCE 轉換 / OSCE Transition,osce_transition; communication; clinical_judgment,assessment; escalation; handover; reassessment; documentation,"如果能選對但說不出理由，OSCE 仍有風險。每道錯題都要練一句英文：I am concerned about..., I would assess..., I would escalate..."
097,Priority and Delegation,medium-review,Page Unit 097: 優先順序與委派 / Priority and Delegation,prioritization; delegation_scope; safety,priority; first action; unstable client; RN assessment; delegate,這類題的核心不是哪個選項也正確，而是哪個行動最先保護安全。看到 first、priority、new、sudden、worsening，要先找不穩定線索。
098,Question Language,medium-review,Page Unit 098: 題幹語言 / Question Language,english_wording; test_strategy,requires follow-up; further teaching; expected finding; contraindicated; most appropriate,題幹詞控制答題方向。requires follow-up 是找異常或不安全；needs further teaching 是找病人錯誤理解；first 是找最先行動。
099,Pharmacology Safety,high-review,Page Unit 099: 藥理安全 / Pharmacology Safety,pharmacology; knowledge_gap; safety,adverse effect; toxicity; monitor; bleeding risk; patient teaching,藥理題不要只背用途。先問這個藥最怕什麼 harm，需要監測什麼，病人哪句話顯示危險誤解。
100,Maternal-Child Safety,high-review,Page Unit 100: 產兒安全 / Maternal-Child Safety,maternal_safety; cue_recognition; prioritization,heavy lochia; boggy uterus; late decelerations; newborn distress; per protocol,產兒題不是只背週數。先看母體、胎兒或新生兒是否正在失去穩定：出血、胎心、呼吸、血糖、感染與高血壓危象。
101,Mental Health Communication,high-review,Page Unit 101: 精神健康與溝通 / Mental Health Communication,therapeutic_communication; mental_health; safety,therapeutic communication; false reassurance; suicidal ideation; reflection; open-ended question,治療性溝通不是日常安慰。遇到自傷他傷風險，直接評估安全；遇到妄想，不爭辯也不強化妄想。
102,Safety and Infection Control,high-review,Page Unit 102: 安全與感染控制 / Safety and Infection Control,safety_infection; cue_recognition,standard precautions; airborne; contact; aspiration; sepsis,安全題先問 harm 來源：跌倒、誤吸、出血、感染傳播、低氧、敗血症或管路損傷。感染控制先問傳播途徑。
103,NGN Case Reasoning,high-review,Page Unit 103: NGN 病例推理 / NGN Case Reasoning,ngn; clinical_judgment; cue_recognition,recognize cues; analyze cues; take action; evaluate outcomes; trend,NGN 長病例要讀成時間線。不要把所有資料看成同等重要，先找變化，再找主要風險，再選行動與評估結果。
104,OSCE Transition,medium-review,Page Unit 104: OSCE 轉換 / OSCE Transition,osce_transition; communication; clinical_judgment,assessment; escalation; handover; reassessment; documentation,"如果能選對但說不出理由，OSCE 仍有風險。每道錯題都要練一句英文：I am concerned about..., I would assess..., I would escalate..."
105,Priority and Delegation,medium-review,Page Unit 105: 優先順序與委派 / Priority and Delegation,prioritization; delegation_scope; safety,priority; first action; unstable client; RN assessment; delegate,這類題的核心不是哪個選項也正確，而是哪個行動最先保護安全。看到 first、priority、new、sudden、worsening，要先找不穩定線索。
106,Question Language,medium-review,Page Unit 106: 題幹語言 / Question Language,english_wording; test_strategy,requires follow-up; further teaching; expected finding; contraindicated; most appropriate,題幹詞控制答題方向。requires follow-up 是找異常或不安全；needs further teaching 是找病人錯誤理解；first 是找最先行動。
107,Pharmacology Safety,high-review,Page Unit 107: 藥理安全 / Pharmacology Safety,pharmacology; knowledge_gap; safety,adverse effect; toxicity; monitor; bleeding risk; patient teaching,藥理題不要只背用途。先問這個藥最怕什麼 harm，需要監測什麼，病人哪句話顯示危險誤解。
108,Maternal-Child Safety,high-review,Page Unit 108: 產兒安全 / Maternal-Child Safety,maternal_safety; cue_recognition; prioritization,heavy lochia; boggy uterus; late decelerations; newborn distress; per protocol,產兒題不是只背週數。先看母體、胎兒或新生兒是否正在失去穩定：出血、胎心、呼吸、血糖、感染與高血壓危象。
109,Mental Health Communication,high-review,Page Unit 109: 精神健康與溝通 / Mental Health Communication,therapeutic_communication; mental_health; safety,therapeutic communication; false reassurance; suicidal ideation; reflection; open-ended question,治療性溝通不是日常安慰。遇到自傷他傷風險，直接評估安全；遇到妄想，不爭辯也不強化妄想。
110,Safety and Infection Control,high-review,Page Unit 110: 安全與感染控制 / Safety and Infection Control,safety_infection; cue_recognition,standard precautions; airborne; contact; aspiration; sepsis,安全題先問 harm 來源：跌倒、誤吸、出血、感染傳播、低氧、敗血症或管路損傷。感染控制先問傳播途徑。
111,NGN Case Reasoning,high-review,Page Unit 111: NGN 病例推理 / NGN Case Reasoning,ngn; clinical_judgment; cue_recognition,recognize cues; analyze cues; take action; evaluate outcomes; trend,NGN 長病例要讀成時間線。不要把所有資料看成同等重要，先找變化，再找主要風險，再選行動與評估結果。
112,OSCE Transition,medium-review,Page Unit 112: OSCE 轉換 / OSCE Transition,osce_transition; communication; clinical_judgment,assessment; escalation; handover; reassessment; documentation,"如果能選對但說不出理由，OSCE 仍有風險。每道錯題都要練一句英文：I am concerned about..., I would assess..., I would escalate..."
113,Priority and Delegation,medium-review,Page Unit 113: 優先順序與委派 / Priority and Delegation,prioritization; delegation_scope; safety,priority; first action; unstable client; RN assessment; delegate,這類題的核心不是哪個選項也正確，而是哪個行動最先保護安全。看到 first、priority、new、sudden、worsening，要先找不穩定線索。
114,Question Language,medium-review,Page Unit 114: 題幹語言 / Question Language,english_wording; test_strategy,requires follow-up; further teaching; expected finding; contraindicated; most appropriate,題幹詞控制答題方向。requires follow-up 是找異常或不安全；needs further teaching 是找病人錯誤理解；first 是找最先行動。
115,Pharmacology Safety,high-review,Page Unit 115: 藥理安全 / Pharmacology Safety,pharmacology; knowledge_gap; safety,adverse effect; toxicity; monitor; bleeding risk; patient teaching,藥理題不要只背用途。先問這個藥最怕什麼 harm，需要監測什麼，病人哪句話顯示危險誤解。
116,Maternal-Child Safety,high-review,Page Unit 116: 產兒安全 / Maternal-Child Safety,maternal_safety; cue_recognition; prioritization,heavy lochia; boggy uterus; late decelerations; newborn distress; per protocol,產兒題不是只背週數。先看母體、胎兒或新生兒是否正在失去穩定：出血、胎心、呼吸、血糖、感染與高血壓危象。
117,Mental Health Communication,high-review,Page Unit 117: 精神健康與溝通 / Mental Health Communication,therapeutic_communication; mental_health; safety,therapeutic communication; false reassurance; suicidal ideation; reflection; open-ended question,治療性溝通不是日常安慰。遇到自傷他傷風險，直接評估安全；遇到妄想，不爭辯也不強化妄想。
118,Safety and Infection Control,high-review,Page Unit 118: 安全與感染控制 / Safety and Infection Control,safety_infection; cue_recognition,standard precautions; airborne; contact; aspiration; sepsis,安全題先問 harm 來源：跌倒、誤吸、出血、感染傳播、低氧、敗血症或管路損傷。感染控制先問傳播途徑。
119,NGN Case Reasoning,high-review,Page Unit 119: NGN 病例推理 / NGN Case Reasoning,ngn; clinical_judgment; cue_recognition,recognize cues; analyze cues; take action; evaluate outcomes; trend,NGN 長病例要讀成時間線。不要把所有資料看成同等重要，先找變化，再找主要風險，再選行動與評估結果。
120,OSCE Transition,medium-review,Page Unit 120: OSCE 轉換 / OSCE Transition,osce_transition; communication; clinical_judgment,assessment; escalation; handover; reassessment; documentation,"如果能選對但說不出理由，OSCE 仍有風險。每道錯題都要練一句英文：I am concerned about..., I would assess..., I would escalate..."
121,Priority and Delegation,medium-review,Page Unit 121: 優先順序與委派 / Priority and Delegation,prioritization; delegation_scope; safety,priority; first action; unstable client; RN assessment; delegate,這類題的核心不是哪個選項也正確，而是哪個行動最先保護安全。看到 first、priority、new、sudden、worsening，要先找不穩定線索。
122,Question Language,medium-review,Page Unit 122: 題幹語言 / Question Language,english_wording; test_strategy,requires follow-up; further teaching; expected finding; contraindicated; most appropriate,題幹詞控制答題方向。requires follow-up 是找異常或不安全；needs further teaching 是找病人錯誤理解；first 是找最先行動。
123,Pharmacology Safety,high-review,Page Unit 123: 藥理安全 / Pharmacology Safety,pharmacology; knowledge_gap; safety,adverse effect; toxicity; monitor; bleeding risk; patient teaching,藥理題不要只背用途。先問這個藥最怕什麼 harm，需要監測什麼，病人哪句話顯示危險誤解。
124,Maternal-Child Safety,high-review,Page Unit 124: 產兒安全 / Maternal-Child Safety,maternal_safety; cue_recognition; prioritization,heavy lochia; boggy uterus; late decelerations; newborn distress; per protocol,產兒題不是只背週數。先看母體、胎兒或新生兒是否正在失去穩定：出血、胎心、呼吸、血糖、感染與高血壓危象。
125,Mental Health Communication,high-review,Page Unit 125: 精神健康與溝通 / Mental Health Communication,therapeutic_communication; mental_health; safety,therapeutic communication; false reassurance; suicidal ideation; reflection; open-ended question,治療性溝通不是日常安慰。遇到自傷他傷風險，直接評估安全；遇到妄想，不爭辯也不強化妄想。
126,Safety and Infection Control,high-review,Page Unit 126: 安全與感染控制 / Safety and Infection Control,safety_infection; cue_recognition,standard precautions; airborne; contact; aspiration; sepsis,安全題先問 harm 來源：跌倒、誤吸、出血、感染傳播、低氧、敗血症或管路損傷。感染控制先問傳播途徑。
127,NGN Case Reasoning,high-review,Page Unit 127: NGN 病例推理 / NGN Case Reasoning,ngn; clinical_judgment; cue_recognition,recognize cues; analyze cues; take action; evaluate outcomes; trend,NGN 長病例要讀成時間線。不要把所有資料看成同等重要，先找變化，再找主要風險，再選行動與評估結果。
128,OSCE Transition,medium-review,Page Unit 128: OSCE 轉換 / OSCE Transition,osce_transition; communication; clinical_judgment,assessment; escalation; handover; reassessment; documentation,"如果能選對但說不出理由，OSCE 仍有風險。每道錯題都要練一句英文：I am concerned about..., I would assess..., I would escalate..."
129,Priority and Delegation,medium-review,Page Unit 129: 優先順序與委派 / Priority and Delegation,prioritization; delegation_scope; safety,priority; first action; unstable client; RN assessment; delegate,這類題的核心不是哪個選項也正確，而是哪個行動最先保護安全。看到 first、priority、new、sudden、worsening，要先找不穩定線索。
130,Question Language,medium-review,Page Unit 130: 題幹語言 / Question Language,english_wording; test_strategy,requires follow-up; further teaching; expected finding; contraindicated; most appropriate,題幹詞控制答題方向。requires follow-up 是找異常或不安全；needs further teaching 是找病人錯誤理解；first 是找最先行動。
131,Pharmacology Safety,high-review,Page Unit 131: 藥理安全 / Pharmacology Safety,pharmacology; knowledge_gap; safety,adverse effect; toxicity; monitor; bleeding risk; patient teaching,藥理題不要只背用途。先問這個藥最怕什麼 harm，需要監測什麼，病人哪句話顯示危險誤解。
132,Maternal-Child Safety,high-review,Page Unit 132: 產兒安全 / Maternal-Child Safety,maternal_safety; cue_recognition; prioritization,heavy lochia; boggy uterus; late decelerations; newborn distress; per protocol,產兒題不是只背週數。先看母體、胎兒或新生兒是否正在失去穩定：出血、胎心、呼吸、血糖、感染與高血壓危象。
133,Mental Health Communication,high-review,Page Unit 133: 精神健康與溝通 / Mental Health Communication,therapeutic_communication; mental_health; safety,therapeutic communication; false reassurance; suicidal ideation; reflection; open-ended question,治療性溝通不是日常安慰。遇到自傷他傷風險，直接評估安全；遇到妄想，不爭辯也不強化妄想。
134,Safety and Infection Control,high-review,Page Unit 134: 安全與感染控制 / Safety and Infection Control,safety_infection; cue_recognition,standard precautions; airborne; contact; aspiration; sepsis,安全題先問 harm 來源：跌倒、誤吸、出血、感染傳播、低氧、敗血症或管路損傷。感染控制先問傳播途徑。
135,NGN Case Reasoning,high-review,Page Unit 135: NGN 病例推理 / NGN Case Reasoning,ngn; clinical_judgment; cue_recognition,recognize cues; analyze cues; take action; evaluate outcomes; trend,NGN 長病例要讀成時間線。不要把所有資料看成同等重要，先找變化，再找主要風險，再選行動與評估結果。
136,OSCE Transition,medium-review,Page Unit 136: OSCE 轉換 / OSCE Transition,osce_transition; communication; clinical_judgment,assessment; escalation; handover; reassessment; documentation,"如果能選對但說不出理由，OSCE 仍有風險。每道錯題都要練一句英文：I am concerned about..., I would assess..., I would escalate..."
137,Priority and Delegation,medium-review,Page Unit 137: 優先順序與委派 / Priority and Delegation,prioritization; delegation_scope; safety,priority; first action; unstable client; RN assessment; delegate,這類題的核心不是哪個選項也正確，而是哪個行動最先保護安全。看到 first、priority、new、sudden、worsening，要先找不穩定線索。
138,Question Language,medium-review,Page Unit 138: 題幹語言 / Question Language,english_wording; test_strategy,requires follow-up; further teaching; expected finding; contraindicated; most appropriate,題幹詞控制答題方向。requires follow-up 是找異常或不安全；needs further teaching 是找病人錯誤理解；first 是找最先行動。
139,Pharmacology Safety,high-review,Page Unit 139: 藥理安全 / Pharmacology Safety,pharmacology; knowledge_gap; safety,adverse effect; toxicity; monitor; bleeding risk; patient teaching,藥理題不要只背用途。先問這個藥最怕什麼 harm，需要監測什麼，病人哪句話顯示危險誤解。
140,Maternal-Child Safety,high-review,Page Unit 140: 產兒安全 / Maternal-Child Safety,maternal_safety; cue_recognition; prioritization,heavy lochia; boggy uterus; late decelerations; newborn distress; per protocol,產兒題不是只背週數。先看母體、胎兒或新生兒是否正在失去穩定：出血、胎心、呼吸、血糖、感染與高血壓危象。
141,Mental Health Communication,high-review,Page Unit 141: 精神健康與溝通 / Mental Health Communication,therapeutic_communication; mental_health; safety,therapeutic communication; false reassurance; suicidal ideation; reflection; open-ended question,治療性溝通不是日常安慰。遇到自傷他傷風險，直接評估安全；遇到妄想，不爭辯也不強化妄想。
142,Safety and Infection Control,high-review,Page Unit 142: 安全與感染控制 / Safety and Infection Control,safety_infection; cue_recognition,standard precautions; airborne; contact; aspiration; sepsis,安全題先問 harm 來源：跌倒、誤吸、出血、感染傳播、低氧、敗血症或管路損傷。感染控制先問傳播途徑。
143,NGN Case Reasoning,high-review,Page Unit 143: NGN 病例推理 / NGN Case Reasoning,ngn; clinical_judgment; cue_recognition,recognize cues; analyze cues; take action; evaluate outcomes; trend,NGN 長病例要讀成時間線。不要把所有資料看成同等重要，先找變化，再找主要風險，再選行動與評估結果。
144,OSCE Transition,medium-review,Page Unit 144: OSCE 轉換 / OSCE Transition,osce_transition; communication; clinical_judgment,assessment; escalation; handover; reassessment; documentation,"如果能選對但說不出理由，OSCE 仍有風險。每道錯題都要練一句英文：I am concerned about..., I would assess..., I would escalate..."
145,Priority and Delegation,medium-review,Page Unit 145: 優先順序與委派 / Priority and Delegation,prioritization; delegation_scope; safety,priority; first action; unstable client; RN assessment; delegate,這類題的核心不是哪個選項也正確，而是哪個行動最先保護安全。看到 first、priority、new、sudden、worsening，要先找不穩定線索。
146,Question Language,medium-review,Page Unit 146: 題幹語言 / Question Language,english_wording; test_strategy,requires follow-up; further teaching; expected finding; contraindicated; most appropriate,題幹詞控制答題方向。requires follow-up 是找異常或不安全；needs further teaching 是找病人錯誤理解；first 是找最先行動。
147,Pharmacology Safety,high-review,Page Unit 147: 藥理安全 / Pharmacology Safety,pharmacology; knowledge_gap; safety,adverse effect; toxicity; monitor; bleeding risk; patient teaching,藥理題不要只背用途。先問這個藥最怕什麼 harm，需要監測什麼，病人哪句話顯示危險誤解。
148,Maternal-Child Safety,high-review,Page Unit 148: 產兒安全 / Maternal-Child Safety,maternal_safety; cue_recognition; prioritization,heavy lochia; boggy uterus; late decelerations; newborn distress; per protocol,產兒題不是只背週數。先看母體、胎兒或新生兒是否正在失去穩定：出血、胎心、呼吸、血糖、感染與高血壓危象。
149,Mental Health Communication,high-review,Page Unit 149: 精神健康與溝通 / Mental Health Communication,therapeutic_communication; mental_health; safety,therapeutic communication; false reassurance; suicidal ideation; reflection; open-ended question,治療性溝通不是日常安慰。遇到自傷他傷風險，直接評估安全；遇到妄想，不爭辯也不強化妄想。
150,Safety and Infection Control,high-review,Page Unit 150: 安全與感染控制 / Safety and Infection Control,safety_infection; cue_recognition,standard precautions; airborne; contact; aspiration; sepsis,安全題先問 harm 來源：跌倒、誤吸、出血、感染傳播、低氧、敗血症或管路損傷。感染控制先問傳播途徑。
151,NGN Case Reasoning,high-review,Page Unit 151: NGN 病例推理 / NGN Case Reasoning,ngn; clinical_judgment; cue_recognition,recognize cues; analyze cues; take action; evaluate outcomes; trend,NGN 長病例要讀成時間線。不要把所有資料看成同等重要，先找變化，再找主要風險，再選行動與評估結果。
152,OSCE Transition,medium-review,Page Unit 152: OSCE 轉換 / OSCE Transition,osce_transition; communication; clinical_judgment,assessment; escalation; handover; reassessment; documentation,"如果能選對但說不出理由，OSCE 仍有風險。每道錯題都要練一句英文：I am concerned about..., I would assess..., I would escalate..."
153,Priority and Delegation,medium-review,Page Unit 153: 優先順序與委派 / Priority and Delegation,prioritization; delegation_scope; safety,priority; first action; unstable client; RN assessment; delegate,這類題的核心不是哪個選項也正確，而是哪個行動最先保護安全。看到 first、priority、new、sudden、worsening，要先找不穩定線索。
154,Question Language,medium-review,Page Unit 154: 題幹語言 / Question Language,english_wording; test_strategy,requires follow-up; further teaching; expected finding; contraindicated; most appropriate,題幹詞控制答題方向。requires follow-up 是找異常或不安全；needs further teaching 是找病人錯誤理解；first 是找最先行動。
155,Pharmacology Safety,high-review,Page Unit 155: 藥理安全 / Pharmacology Safety,pharmacology; knowledge_gap; safety,adverse effect; toxicity; monitor; bleeding risk; patient teaching,藥理題不要只背用途。先問這個藥最怕什麼 harm，需要監測什麼，病人哪句話顯示危險誤解。
156,Maternal-Child Safety,high-review,Page Unit 156: 產兒安全 / Maternal-Child Safety,maternal_safety; cue_recognition; prioritization,heavy lochia; boggy uterus; late decelerations; newborn distress; per protocol,產兒題不是只背週數。先看母體、胎兒或新生兒是否正在失去穩定：出血、胎心、呼吸、血糖、感染與高血壓危象。
157,Mental Health Communication,high-review,Page Unit 157: 精神健康與溝通 / Mental Health Communication,therapeutic_communication; mental_health; safety,therapeutic communication; false reassurance; suicidal ideation; reflection; open-ended question,治療性溝通不是日常安慰。遇到自傷他傷風險，直接評估安全；遇到妄想，不爭辯也不強化妄想。
158,Safety and Infection Control,high-review,Page Unit 158: 安全與感染控制 / Safety and Infection Control,safety_infection; cue_recognition,standard precautions; airborne; contact; aspiration; sepsis,安全題先問 harm 來源：跌倒、誤吸、出血、感染傳播、低氧、敗血症或管路損傷。感染控制先問傳播途徑。
159,NGN Case Reasoning,high-review,Page Unit 159: NGN 病例推理 / NGN Case Reasoning,ngn; clinical_judgment; cue_recognition,recognize cues; analyze cues; take action; evaluate outcomes; trend,NGN 長病例要讀成時間線。不要把所有資料看成同等重要，先找變化，再找主要風險，再選行動與評估結果。
160,OSCE Transition,medium-review,Page Unit 160: OSCE 轉換 / OSCE Transition,osce_transition; communication; clinical_judgment,assessment; escalation; handover; reassessment; documentation,"如果能選對但說不出理由，OSCE 仍有風險。每道錯題都要練一句英文：I am concerned about..., I would assess..., I would escalate..."
161,Priority and Delegation,medium-review,Page Unit 161: 優先順序與委派 / Priority and Delegation,prioritization; delegation_scope; safety,priority; first action; unstable client; RN assessment; delegate,這類題的核心不是哪個選項也正確，而是哪個行動最先保護安全。看到 first、priority、new、sudden、worsening，要先找不穩定線索。
162,Question Language,medium-review,Page Unit 162: 題幹語言 / Question Language,english_wording; test_strategy,requires follow-up; further teaching; expected finding; contraindicated; most appropriate,題幹詞控制答題方向。requires follow-up 是找異常或不安全；needs further teaching 是找病人錯誤理解；first 是找最先行動。
163,Pharmacology Safety,high-review,Page Unit 163: 藥理安全 / Pharmacology Safety,pharmacology; knowledge_gap; safety,adverse effect; toxicity; monitor; bleeding risk; patient teaching,藥理題不要只背用途。先問這個藥最怕什麼 harm，需要監測什麼，病人哪句話顯示危險誤解。
164,Maternal-Child Safety,high-review,Page Unit 164: 產兒安全 / Maternal-Child Safety,maternal_safety; cue_recognition; prioritization,heavy lochia; boggy uterus; late decelerations; newborn distress; per protocol,產兒題不是只背週數。先看母體、胎兒或新生兒是否正在失去穩定：出血、胎心、呼吸、血糖、感染與高血壓危象。
165,Mental Health Communication,high-review,Page Unit 165: 精神健康與溝通 / Mental Health Communication,therapeutic_communication; mental_health; safety,therapeutic communication; false reassurance; suicidal ideation; reflection; open-ended question,治療性溝通不是日常安慰。遇到自傷他傷風險，直接評估安全；遇到妄想，不爭辯也不強化妄想。
166,Safety and Infection Control,high-review,Page Unit 166: 安全與感染控制 / Safety and Infection Control,safety_infection; cue_recognition,standard precautions; airborne; contact; aspiration; sepsis,安全題先問 harm 來源：跌倒、誤吸、出血、感染傳播、低氧、敗血症或管路損傷。感染控制先問傳播途徑。
167,NGN Case Reasoning,high-review,Page Unit 167: NGN 病例推理 / NGN Case Reasoning,ngn; clinical_judgment; cue_recognition,recognize cues; analyze cues; take action; evaluate outcomes; trend,NGN 長病例要讀成時間線。不要把所有資料看成同等重要，先找變化，再找主要風險，再選行動與評估結果。
168,OSCE Transition,medium-review,Page Unit 168: OSCE 轉換 / OSCE Transition,osce_transition; communication; clinical_judgment,assessment; escalation; handover; reassessment; documentation,"如果能選對但說不出理由，OSCE 仍有風險。每道錯題都要練一句英文：I am concerned about..., I would assess..., I would escalate..."
169,Priority and Delegation,medium-review,Page Unit 169: 優先順序與委派 / Priority and Delegation,prioritization; delegation_scope; safety,priority; first action; unstable client; RN assessment; delegate,這類題的核心不是哪個選項也正確，而是哪個行動最先保護安全。看到 first、priority、new、sudden、worsening，要先找不穩定線索。
170,Question Language,medium-review,Page Unit 170: 題幹語言 / Question Language,english_wording; test_strategy,requires follow-up; further teaching; expected finding; contraindicated; most appropriate,題幹詞控制答題方向。requires follow-up 是找異常或不安全；needs further teaching 是找病人錯誤理解；first 是找最先行動。
171,Pharmacology Safety,high-review,Page Unit 171: 藥理安全 / Pharmacology Safety,pharmacology; knowledge_gap; safety,adverse effect; toxicity; monitor; bleeding risk; patient teaching,藥理題不要只背用途。先問這個藥最怕什麼 harm，需要監測什麼，病人哪句話顯示危險誤解。
172,Maternal-Child Safety,high-review,Page Unit 172: 產兒安全 / Maternal-Child Safety,maternal_safety; cue_recognition; prioritization,heavy lochia; boggy uterus; late decelerations; newborn distress; per protocol,產兒題不是只背週數。先看母體、胎兒或新生兒是否正在失去穩定：出血、胎心、呼吸、血糖、感染與高血壓危象。
173,Mental Health Communication,high-review,Page Unit 173: 精神健康與溝通 / Mental Health Communication,therapeutic_communication; mental_health; safety,therapeutic communication; false reassurance; suicidal ideation; reflection; open-ended question,治療性溝通不是日常安慰。遇到自傷他傷風險，直接評估安全；遇到妄想，不爭辯也不強化妄想。
174,Safety and Infection Control,high-review,Page Unit 174: 安全與感染控制 / Safety and Infection Control,safety_infection; cue_recognition,standard precautions; airborne; contact; aspiration; sepsis,安全題先問 harm 來源：跌倒、誤吸、出血、感染傳播、低氧、敗血症或管路損傷。感染控制先問傳播途徑。
175,NGN Case Reasoning,high-review,Page Unit 175: NGN 病例推理 / NGN Case Reasoning,ngn; clinical_judgment; cue_recognition,recognize cues; analyze cues; take action; evaluate outcomes; trend,NGN 長病例要讀成時間線。不要把所有資料看成同等重要，先找變化，再找主要風險，再選行動與評估結果。
176,OSCE Transition,medium-review,Page Unit 176: OSCE 轉換 / OSCE Transition,osce_transition; communication; clinical_judgment,assessment; escalation; handover; reassessment; documentation,"如果能選對但說不出理由，OSCE 仍有風險。每道錯題都要練一句英文：I am concerned about..., I would assess..., I would escalate..."
177,Priority and Delegation,medium-review,Page Unit 177: 優先順序與委派 / Priority and Delegation,prioritization; delegation_scope; safety,priority; first action; unstable client; RN assessment; delegate,這類題的核心不是哪個選項也正確，而是哪個行動最先保護安全。看到 first、priority、new、sudden、worsening，要先找不穩定線索。
178,Question Language,medium-review,Page Unit 178: 題幹語言 / Question Language,english_wording; test_strategy,requires follow-up; further teaching; expected finding; contraindicated; most appropriate,題幹詞控制答題方向。requires follow-up 是找異常或不安全；needs further teaching 是找病人錯誤理解；first 是找最先行動。
179,Pharmacology Safety,high-review,Page Unit 179: 藥理安全 / Pharmacology Safety,pharmacology; knowledge_gap; safety,adverse effect; toxicity; monitor; bleeding risk; patient teaching,藥理題不要只背用途。先問這個藥最怕什麼 harm，需要監測什麼，病人哪句話顯示危險誤解。
180,Maternal-Child Safety,high-review,Page Unit 180: 產兒安全 / Maternal-Child Safety,maternal_safety; cue_recognition; prioritization,heavy lochia; boggy uterus; late decelerations; newborn distress; per protocol,產兒題不是只背週數。先看母體、胎兒或新生兒是否正在失去穩定：出血、胎心、呼吸、血糖、感染與高血壓危象。
181,Mental Health Communication,high-review,Page Unit 181: 精神健康與溝通 / Mental Health Communication,therapeutic_communication; mental_health; safety,therapeutic communication; false reassurance; suicidal ideation; reflection; open-ended question,治療性溝通不是日常安慰。遇到自傷他傷風險，直接評估安全；遇到妄想，不爭辯也不強化妄想。
182,Safety and Infection Control,high-review,Page Unit 182: 安全與感染控制 / Safety and Infection Control,safety_infection; cue_recognition,standard precautions; airborne; contact; aspiration; sepsis,安全題先問 harm 來源：跌倒、誤吸、出血、感染傳播、低氧、敗血症或管路損傷。感染控制先問傳播途徑。
183,NGN Case Reasoning,high-review,Page Unit 183: NGN 病例推理 / NGN Case Reasoning,ngn; clinical_judgment; cue_recognition,recognize cues; analyze cues; take action; evaluate outcomes; trend,NGN 長病例要讀成時間線。不要把所有資料看成同等重要，先找變化，再找主要風險，再選行動與評估結果。
184,OSCE Transition,medium-review,Page Unit 184: OSCE 轉換 / OSCE Transition,osce_transition; communication; clinical_judgment,assessment; escalation; handover; reassessment; documentation,"如果能選對但說不出理由，OSCE 仍有風險。每道錯題都要練一句英文：I am concerned about..., I would assess..., I would escalate..."
185,Priority and Delegation,medium-review,Page Unit 185: 優先順序與委派 / Priority and Delegation,prioritization; delegation_scope; safety,priority; first action; unstable client; RN assessment; delegate,這類題的核心不是哪個選項也正確，而是哪個行動最先保護安全。看到 first、priority、new、sudden、worsening，要先找不穩定線索。
186,Question Language,medium-review,Page Unit 186: 題幹語言 / Question Language,english_wording; test_strategy,requires follow-up; further teaching; expected finding; contraindicated; most appropriate,題幹詞控制答題方向。requires follow-up 是找異常或不安全；needs further teaching 是找病人錯誤理解；first 是找最先行動。
187,Pharmacology Safety,high-review,Page Unit 187: 藥理安全 / Pharmacology Safety,pharmacology; knowledge_gap; safety,adverse effect; toxicity; monitor; bleeding risk; patient teaching,藥理題不要只背用途。先問這個藥最怕什麼 harm，需要監測什麼，病人哪句話顯示危險誤解。
188,Maternal-Child Safety,high-review,Page Unit 188: 產兒安全 / Maternal-Child Safety,maternal_safety; cue_recognition; prioritization,heavy lochia; boggy uterus; late decelerations; newborn distress; per protocol,產兒題不是只背週數。先看母體、胎兒或新生兒是否正在失去穩定：出血、胎心、呼吸、血糖、感染與高血壓危象。
189,Mental Health Communication,high-review,Page Unit 189: 精神健康與溝通 / Mental Health Communication,therapeutic_communication; mental_health; safety,therapeutic communication; false reassurance; suicidal ideation; reflection; open-ended question,治療性溝通不是日常安慰。遇到自傷他傷風險，直接評估安全；遇到妄想，不爭辯也不強化妄想。
190,Safety and Infection Control,high-review,Page Unit 190: 安全與感染控制 / Safety and Infection Control,safety_infection; cue_recognition,standard precautions; airborne; contact; aspiration; sepsis,安全題先問 harm 來源：跌倒、誤吸、出血、感染傳播、低氧、敗血症或管路損傷。感染控制先問傳播途徑。
191,NGN Case Reasoning,high-review,Page Unit 191: NGN 病例推理 / NGN Case Reasoning,ngn; clinical_judgment; cue_recognition,recognize cues; analyze cues; take action; evaluate outcomes; trend,NGN 長病例要讀成時間線。不要把所有資料看成同等重要，先找變化，再找主要風險，再選行動與評估結果。
192,OSCE Transition,medium-review,Page Unit 192: OSCE 轉換 / OSCE Transition,osce_transition; communication; clinical_judgment,assessment; escalation; handover; reassessment; documentation,"如果能選對但說不出理由，OSCE 仍有風險。每道錯題都要練一句英文：I am concerned about..., I would assess..., I would escalate..."
193,Priority and Delegation,medium-review,Page Unit 193: 優先順序與委派 / Priority and Delegation,prioritization; delegation_scope; safety,priority; first action; unstable client; RN assessment; delegate,這類題的核心不是哪個選項也正確，而是哪個行動最先保護安全。看到 first、priority、new、sudden、worsening，要先找不穩定線索。
194,Question Language,medium-review,Page Unit 194: 題幹語言 / Question Language,english_wording; test_strategy,requires follow-up; further teaching; expected finding; contraindicated; most appropriate,題幹詞控制答題方向。requires follow-up 是找異常或不安全；needs further teaching 是找病人錯誤理解；first 是找最先行動。
195,Pharmacology Safety,high-review,Page Unit 195: 藥理安全 / Pharmacology Safety,pharmacology; knowledge_gap; safety,adverse effect; toxicity; monitor; bleeding risk; patient teaching,藥理題不要只背用途。先問這個藥最怕什麼 harm，需要監測什麼，病人哪句話顯示危險誤解。
196,Maternal-Child Safety,high-review,Page Unit 196: 產兒安全 / Maternal-Child Safety,maternal_safety; cue_recognition; prioritization,heavy lochia; boggy uterus; late decelerations; newborn distress; per protocol,產兒題不是只背週數。先看母體、胎兒或新生兒是否正在失去穩定：出血、胎心、呼吸、血糖、感染與高血壓危象。
197,Mental Health Communication,high-review,Page Unit 197: 精神健康與溝通 / Mental Health Communication,therapeutic_communication; mental_health; safety,therapeutic communication; false reassurance; suicidal ideation; reflection; open-ended question,治療性溝通不是日常安慰。遇到自傷他傷風險，直接評估安全；遇到妄想，不爭辯也不強化妄想。
198,Safety and Infection Control,high-review,Page Unit 198: 安全與感染控制 / Safety and Infection Control,safety_infection; cue_recognition,standard precautions; airborne; contact; aspiration; sepsis,安全題先問 harm 來源：跌倒、誤吸、出血、感染傳播、低氧、敗血症或管路損傷。感染控制先問傳播途徑。
199,NGN Case Reasoning,high-review,Page Unit 199: NGN 病例推理 / NGN Case Reasoning,ngn; clinical_judgment; cue_recognition,recognize cues; analyze cues; take action; evaluate outcomes; trend,NGN 長病例要讀成時間線。不要把所有資料看成同等重要，先找變化，再找主要風險，再選行動與評估結果。
200,OSCE Transition,medium-review,Page Unit 200: OSCE 轉換 / OSCE Transition,osce_transition; communication; clinical_judgment,assessment; escalation; handover; reassessment; documentation,"如果能選對但說不出理由，OSCE 仍有風險。每道錯題都要練一句英文：I am concerned about..., I would assess..., I would escalate..."
201,Priority and Delegation,medium-review,Page Unit 201: 優先順序與委派 / Priority and Delegation,prioritization; delegation_scope; safety,priority; first action; unstable client; RN assessment; delegate,這類題的核心不是哪個選項也正確，而是哪個行動最先保護安全。看到 first、priority、new、sudden、worsening，要先找不穩定線索。
202,Question Language,medium-review,Page Unit 202: 題幹語言 / Question Language,english_wording; test_strategy,requires follow-up; further teaching; expected finding; contraindicated; most appropriate,題幹詞控制答題方向。requires follow-up 是找異常或不安全；needs further teaching 是找病人錯誤理解；first 是找最先行動。
203,Pharmacology Safety,high-review,Page Unit 203: 藥理安全 / Pharmacology Safety,pharmacology; knowledge_gap; safety,adverse effect; toxicity; monitor; bleeding risk; patient teaching,藥理題不要只背用途。先問這個藥最怕什麼 harm，需要監測什麼，病人哪句話顯示危險誤解。
204,Maternal-Child Safety,high-review,Page Unit 204: 產兒安全 / Maternal-Child Safety,maternal_safety; cue_recognition; prioritization,heavy lochia; boggy uterus; late decelerations; newborn distress; per protocol,產兒題不是只背週數。先看母體、胎兒或新生兒是否正在失去穩定：出血、胎心、呼吸、血糖、感染與高血壓危象。
205,Mental Health Communication,high-review,Page Unit 205: 精神健康與溝通 / Mental Health Communication,therapeutic_communication; mental_health; safety,therapeutic communication; false reassurance; suicidal ideation; reflection; open-ended question,治療性溝通不是日常安慰。遇到自傷他傷風險，直接評估安全；遇到妄想，不爭辯也不強化妄想。
206,Safety and Infection Control,high-review,Page Unit 206: 安全與感染控制 / Safety and Infection Control,safety_infection; cue_recognition,standard precautions; airborne; contact; aspiration; sepsis,安全題先問 harm 來源：跌倒、誤吸、出血、感染傳播、低氧、敗血症或管路損傷。感染控制先問傳播途徑。
207,NGN Case Reasoning,high-review,Page Unit 207: NGN 病例推理 / NGN Case Reasoning,ngn; clinical_judgment; cue_recognition,recognize cues; analyze cues; take action; evaluate outcomes; trend,NGN 長病例要讀成時間線。不要把所有資料看成同等重要，先找變化，再找主要風險，再選行動與評估結果。
208,OSCE Transition,medium-review,Page Unit 208: OSCE 轉換 / OSCE Transition,osce_transition; communication; clinical_judgment,assessment; escalation; handover; reassessment; documentation,"如果能選對但說不出理由，OSCE 仍有風險。每道錯題都要練一句英文：I am concerned about..., I would assess..., I would escalate..."
209,Priority and Delegation,medium-review,Page Unit 209: 優先順序與委派 / Priority and Delegation,prioritization; delegation_scope; safety,priority; first action; unstable client; RN assessment; delegate,這類題的核心不是哪個選項也正確，而是哪個行動最先保護安全。看到 first、priority、new、sudden、worsening，要先找不穩定線索。
210,Question Language,medium-review,Page Unit 210: 題幹語言 / Question Language,english_wording; test_strategy,requires follow-up; further teaching; expected finding; contraindicated; most appropriate,題幹詞控制答題方向。requires follow-up 是找異常或不安全；needs further teaching 是找病人錯誤理解；first 是找最先行動。
211,Pharmacology Safety,high-review,Page Unit 211: 藥理安全 / Pharmacology Safety,pharmacology; knowledge_gap; safety,adverse effect; toxicity; monitor; bleeding risk; patient teaching,藥理題不要只背用途。先問這個藥最怕什麼 harm，需要監測什麼，病人哪句話顯示危險誤解。
212,Maternal-Child Safety,high-review,Page Unit 212: 產兒安全 / Maternal-Child Safety,maternal_safety; cue_recognition; prioritization,heavy lochia; boggy uterus; late decelerations; newborn distress; per protocol,產兒題不是只背週數。先看母體、胎兒或新生兒是否正在失去穩定：出血、胎心、呼吸、血糖、感染與高血壓危象。
213,Mental Health Communication,high-review,Page Unit 213: 精神健康與溝通 / Mental Health Communication,therapeutic_communication; mental_health; safety,therapeutic communication; false reassurance; suicidal ideation; reflection; open-ended question,治療性溝通不是日常安慰。遇到自傷他傷風險，直接評估安全；遇到妄想，不爭辯也不強化妄想。
214,Safety and Infection Control,high-review,Page Unit 214: 安全與感染控制 / Safety and Infection Control,safety_infection; cue_recognition,standard precautions; airborne; contact; aspiration; sepsis,安全題先問 harm 來源：跌倒、誤吸、出血、感染傳播、低氧、敗血症或管路損傷。感染控制先問傳播途徑。
215,NGN Case Reasoning,high-review,Page Unit 215: NGN 病例推理 / NGN Case Reasoning,ngn; clinical_judgment; cue_recognition,recognize cues; analyze cues; take action; evaluate outcomes; trend,NGN 長病例要讀成時間線。不要把所有資料看成同等重要，先找變化，再找主要風險，再選行動與評估結果。
216,OSCE Transition,medium-review,Page Unit 216: OSCE 轉換 / OSCE Transition,osce_transition; communication; clinical_judgment,assessment; escalation; handover; reassessment; documentation,"如果能選對但說不出理由，OSCE 仍有風險。每道錯題都要練一句英文：I am concerned about..., I would assess..., I would escalate..."
217,Priority and Delegation,medium-review,Page Unit 217: 優先順序與委派 / Priority and Delegation,prioritization; delegation_scope; safety,priority; first action; unstable client; RN assessment; delegate,這類題的核心不是哪個選項也正確，而是哪個行動最先保護安全。看到 first、priority、new、sudden、worsening，要先找不穩定線索。
218,Question Language,medium-review,Page Unit 218: 題幹語言 / Question Language,english_wording; test_strategy,requires follow-up; further teaching; expected finding; contraindicated; most appropriate,題幹詞控制答題方向。requires follow-up 是找異常或不安全；needs further teaching 是找病人錯誤理解；first 是找最先行動。
219,Pharmacology Safety,high-review,Page Unit 219: 藥理安全 / Pharmacology Safety,pharmacology; knowledge_gap; safety,adverse effect; toxicity; monitor; bleeding risk; patient teaching,藥理題不要只背用途。先問這個藥最怕什麼 harm，需要監測什麼，病人哪句話顯示危險誤解。
220,Maternal-Child Safety,high-review,Page Unit 220: 產兒安全 / Maternal-Child Safety,maternal_safety; cue_recognition; prioritization,heavy lochia; boggy uterus; late decelerations; newborn distress; per protocol,產兒題不是只背週數。先看母體、胎兒或新生兒是否正在失去穩定：出血、胎心、呼吸、血糖、感染與高血壓危象。
221,Mental Health Communication,high-review,Page Unit 221: 精神健康與溝通 / Mental Health Communication,therapeutic_communication; mental_health; safety,therapeutic communication; false reassurance; suicidal ideation; reflection; open-ended question,治療性溝通不是日常安慰。遇到自傷他傷風險，直接評估安全；遇到妄想，不爭辯也不強化妄想。
222,Safety and Infection Control,high-review,Page Unit 222: 安全與感染控制 / Safety and Infection Control,safety_infection; cue_recognition,standard precautions; airborne; contact; aspiration; sepsis,安全題先問 harm 來源：跌倒、誤吸、出血、感染傳播、低氧、敗血症或管路損傷。感染控制先問傳播途徑。
223,NGN Case Reasoning,high-review,Page Unit 223: NGN 病例推理 / NGN Case Reasoning,ngn; clinical_judgment; cue_recognition,recognize cues; analyze cues; take action; evaluate outcomes; trend,NGN 長病例要讀成時間線。不要把所有資料看成同等重要，先找變化，再找主要風險，再選行動與評估結果。
224,OSCE Transition,medium-review,Page Unit 224: OSCE 轉換 / OSCE Transition,osce_transition; communication; clinical_judgment,assessment; escalation; handover; reassessment; documentation,"如果能選對但說不出理由，OSCE 仍有風險。每道錯題都要練一句英文：I am concerned about..., I would assess..., I would escalate..."
225,Priority and Delegation,medium-review,Page Unit 225: 優先順序與委派 / Priority and Delegation,prioritization; delegation_scope; safety,priority; first action; unstable client; RN assessment; delegate,這類題的核心不是哪個選項也正確，而是哪個行動最先保護安全。看到 first、priority、new、sudden、worsening，要先找不穩定線索。
226,Question Language,medium-review,Page Unit 226: 題幹語言 / Question Language,english_wording; test_strategy,requires follow-up; further teaching; expected finding; contraindicated; most appropriate,題幹詞控制答題方向。requires follow-up 是找異常或不安全；needs further teaching 是找病人錯誤理解；first 是找最先行動。
227,Pharmacology Safety,high-review,Page Unit 227: 藥理安全 / Pharmacology Safety,pharmacology; knowledge_gap; safety,adverse effect; toxicity; monitor; bleeding risk; patient teaching,藥理題不要只背用途。先問這個藥最怕什麼 harm，需要監測什麼，病人哪句話顯示危險誤解。
228,Maternal-Child Safety,high-review,Page Unit 228: 產兒安全 / Maternal-Child Safety,maternal_safety; cue_recognition; prioritization,heavy lochia; boggy uterus; late decelerations; newborn distress; per protocol,產兒題不是只背週數。先看母體、胎兒或新生兒是否正在失去穩定：出血、胎心、呼吸、血糖、感染與高血壓危象。
229,Mental Health Communication,high-review,Page Unit 229: 精神健康與溝通 / Mental Health Communication,therapeutic_communication; mental_health; safety,therapeutic communication; false reassurance; suicidal ideation; reflection; open-ended question,治療性溝通不是日常安慰。遇到自傷他傷風險，直接評估安全；遇到妄想，不爭辯也不強化妄想。
230,Safety and Infection Control,high-review,Page Unit 230: 安全與感染控制 / Safety and Infection Control,safety_infection; cue_recognition,standard precautions; airborne; contact; aspiration; sepsis,安全題先問 harm 來源：跌倒、誤吸、出血、感染傳播、低氧、敗血症或管路損傷。感染控制先問傳播途徑。
231,NGN Case Reasoning,high-review,Page Unit 231: NGN 病例推理 / NGN Case Reasoning,ngn; clinical_judgment; cue_recognition,recognize cues; analyze cues; take action; evaluate outcomes; trend,NGN 長病例要讀成時間線。不要把所有資料看成同等重要，先找變化，再找主要風險，再選行動與評估結果。
232,OSCE Transition,medium-review,Page Unit 232: OSCE 轉換 / OSCE Transition,osce_transition; communication; clinical_judgment,assessment; escalation; handover; reassessment; documentation,"如果能選對但說不出理由，OSCE 仍有風險。每道錯題都要練一句英文：I am concerned about..., I would assess..., I would escalate..."
233,Priority and Delegation,medium-review,Page Unit 233: 優先順序與委派 / Priority and Delegation,prioritization; delegation_scope; safety,priority; first action; unstable client; RN assessment; delegate,這類題的核心不是哪個選項也正確，而是哪個行動最先保護安全。看到 first、priority、new、sudden、worsening，要先找不穩定線索。
234,Question Language,medium-review,Page Unit 234: 題幹語言 / Question Language,english_wording; test_strategy,requires follow-up; further teaching; expected finding; contraindicated; most appropriate,題幹詞控制答題方向。requires follow-up 是找異常或不安全；needs further teaching 是找病人錯誤理解；first 是找最先行動。
235,Pharmacology Safety,high-review,Page Unit 235: 藥理安全 / Pharmacology Safety,pharmacology; knowledge_gap; safety,adverse effect; toxicity; monitor; bleeding risk; patient teaching,藥理題不要只背用途。先問這個藥最怕什麼 harm，需要監測什麼，病人哪句話顯示危險誤解。
236,Maternal-Child Safety,high-review,Page Unit 236: 產兒安全 / Maternal-Child Safety,maternal_safety; cue_recognition; prioritization,heavy lochia; boggy uterus; late decelerations; newborn distress; per protocol,產兒題不是只背週數。先看母體、胎兒或新生兒是否正在失去穩定：出血、胎心、呼吸、血糖、感染與高血壓危象。
237,Mental Health Communication,high-review,Page Unit 237: 精神健康與溝通 / Mental Health Communication,therapeutic_communication; mental_health; safety,therapeutic communication; false reassurance; suicidal ideation; reflection; open-ended question,治療性溝通不是日常安慰。遇到自傷他傷風險，直接評估安全；遇到妄想，不爭辯也不強化妄想。
238,Safety and Infection Control,high-review,Page Unit 238: 安全與感染控制 / Safety and Infection Control,safety_infection; cue_recognition,standard precautions; airborne; contact; aspiration; sepsis,安全題先問 harm 來源：跌倒、誤吸、出血、感染傳播、低氧、敗血症或管路損傷。感染控制先問傳播途徑。
239,NGN Case Reasoning,high-review,Page Unit 239: NGN 病例推理 / NGN Case Reasoning,ngn; clinical_judgment; cue_recognition,recognize cues; analyze cues; take action; evaluate outcomes; trend,NGN 長病例要讀成時間線。不要把所有資料看成同等重要，先找變化，再找主要風險，再選行動與評估結果。
240,OSCE Transition,medium-review,Page Unit 240: OSCE 轉換 / OSCE Transition,osce_transition; communication; clinical_judgment,assessment; escalation; handover; reassessment; documentation,"如果能選對但說不出理由，OSCE 仍有風險。每道錯題都要練一句英文：I am concerned about..., I would assess..., I would escalate..."
241,Priority and Delegation,medium-review,Page Unit 241: 優先順序與委派 / Priority and Delegation,prioritization; delegation_scope; safety,priority; first action; unstable client; RN assessment; delegate,這類題的核心不是哪個選項也正確，而是哪個行動最先保護安全。看到 first、priority、new、sudden、worsening，要先找不穩定線索。
242,Question Language,medium-review,Page Unit 242: 題幹語言 / Question Language,english_wording; test_strategy,requires follow-up; further teaching; expected finding; contraindicated; most appropriate,題幹詞控制答題方向。requires follow-up 是找異常或不安全；needs further teaching 是找病人錯誤理解；first 是找最先行動。
243,Pharmacology Safety,high-review,Page Unit 243: 藥理安全 / Pharmacology Safety,pharmacology; knowledge_gap; safety,adverse effect; toxicity; monitor; bleeding risk; patient teaching,藥理題不要只背用途。先問這個藥最怕什麼 harm，需要監測什麼，病人哪句話顯示危險誤解。
244,Maternal-Child Safety,high-review,Page Unit 244: 產兒安全 / Maternal-Child Safety,maternal_safety; cue_recognition; prioritization,heavy lochia; boggy uterus; late decelerations; newborn distress; per protocol,產兒題不是只背週數。先看母體、胎兒或新生兒是否正在失去穩定：出血、胎心、呼吸、血糖、感染與高血壓危象。
245,Mental Health Communication,high-review,Page Unit 245: 精神健康與溝通 / Mental Health Communication,therapeutic_communication; mental_health; safety,therapeutic communication; false reassurance; suicidal ideation; reflection; open-ended question,治療性溝通不是日常安慰。遇到自傷他傷風險，直接評估安全；遇到妄想，不爭辯也不強化妄想。
246,Safety and Infection Control,high-review,Page Unit 246: 安全與感染控制 / Safety and Infection Control,safety_infection; cue_recognition,standard precautions; airborne; contact; aspiration; sepsis,安全題先問 harm 來源：跌倒、誤吸、出血、感染傳播、低氧、敗血症或管路損傷。感染控制先問傳播途徑。
247,NGN Case Reasoning,high-review,Page Unit 247: NGN 病例推理 / NGN Case Reasoning,ngn; clinical_judgment; cue_recognition,recognize cues; analyze cues; take action; evaluate outcomes; trend,NGN 長病例要讀成時間線。不要把所有資料看成同等重要，先找變化，再找主要風險，再選行動與評估結果。
248,OSCE Transition,medium-review,Page Unit 248: OSCE 轉換 / OSCE Transition,osce_transition; communication; clinical_judgment,assessment; escalation; handover; reassessment; documentation,"如果能選對但說不出理由，OSCE 仍有風險。每道錯題都要練一句英文：I am concerned about..., I would assess..., I would escalate..."
249,Priority and Delegation,medium-review,Page Unit 249: 優先順序與委派 / Priority and Delegation,prioritization; delegation_scope; safety,priority; first action; unstable client; RN assessment; delegate,這類題的核心不是哪個選項也正確，而是哪個行動最先保護安全。看到 first、priority、new、sudden、worsening，要先找不穩定線索。
250,Question Language,medium-review,Page Unit 250: 題幹語言 / Question Language,english_wording; test_strategy,requires follow-up; further teaching; expected finding; contraindicated; most appropriate,題幹詞控制答題方向。requires follow-up 是找異常或不安全；needs further teaching 是找病人錯誤理解；first 是找最先行動。
251,Pharmacology Safety,high-review,Page Unit 251: 藥理安全 / Pharmacology Safety,pharmacology; knowledge_gap; safety,adverse effect; toxicity; monitor; bleeding risk; patient teaching,藥理題不要只背用途。先問這個藥最怕什麼 harm，需要監測什麼，病人哪句話顯示危險誤解。
252,Maternal-Child Safety,high-review,Page Unit 252: 產兒安全 / Maternal-Child Safety,maternal_safety; cue_recognition; prioritization,heavy lochia; boggy uterus; late decelerations; newborn distress; per protocol,產兒題不是只背週數。先看母體、胎兒或新生兒是否正在失去穩定：出血、胎心、呼吸、血糖、感染與高血壓危象。
253,Mental Health Communication,high-review,Page Unit 253: 精神健康與溝通 / Mental Health Communication,therapeutic_communication; mental_health; safety,therapeutic communication; false reassurance; suicidal ideation; reflection; open-ended question,治療性溝通不是日常安慰。遇到自傷他傷風險，直接評估安全；遇到妄想，不爭辯也不強化妄想。
254,Safety and Infection Control,high-review,Page Unit 254: 安全與感染控制 / Safety and Infection Control,safety_infection; cue_recognition,standard precautions; airborne; contact; aspiration; sepsis,安全題先問 harm 來源：跌倒、誤吸、出血、感染傳播、低氧、敗血症或管路損傷。感染控制先問傳播途徑。
255,NGN Case Reasoning,high-review,Page Unit 255: NGN 病例推理 / NGN Case Reasoning,ngn; clinical_judgment; cue_recognition,recognize cues; analyze cues; take action; evaluate outcomes; trend,NGN 長病例要讀成時間線。不要把所有資料看成同等重要，先找變化，再找主要風險，再選行動與評估結果。
256,OSCE Transition,medium-review,Page Unit 256: OSCE 轉換 / OSCE Transition,osce_transition; communication; clinical_judgment,assessment; escalation; handover; reassessment; documentation,"如果能選對但說不出理由，OSCE 仍有風險。每道錯題都要練一句英文：I am concerned about..., I would assess..., I would escalate..."
257,Priority and Delegation,medium-review,Page Unit 257: 優先順序與委派 / Priority and Delegation,prioritization; delegation_scope; safety,priority; first action; unstable client; RN assessment; delegate,這類題的核心不是哪個選項也正確，而是哪個行動最先保護安全。看到 first、priority、new、sudden、worsening，要先找不穩定線索。
258,Question Language,medium-review,Page Unit 258: 題幹語言 / Question Language,english_wording; test_strategy,requires follow-up; further teaching; expected finding; contraindicated; most appropriate,題幹詞控制答題方向。requires follow-up 是找異常或不安全；needs further teaching 是找病人錯誤理解；first 是找最先行動。
259,Pharmacology Safety,high-review,Page Unit 259: 藥理安全 / Pharmacology Safety,pharmacology; knowledge_gap; safety,adverse effect; toxicity; monitor; bleeding risk; patient teaching,藥理題不要只背用途。先問這個藥最怕什麼 harm，需要監測什麼，病人哪句話顯示危險誤解。
260,Maternal-Child Safety,high-review,Page Unit 260: 產兒安全 / Maternal-Child Safety,maternal_safety; cue_recognition; prioritization,heavy lochia; boggy uterus; late decelerations; newborn distress; per protocol,產兒題不是只背週數。先看母體、胎兒或新生兒是否正在失去穩定：出血、胎心、呼吸、血糖、感染與高血壓危象。
261,Mental Health Communication,high-review,Page Unit 261: 精神健康與溝通 / Mental Health Communication,therapeutic_communication; mental_health; safety,therapeutic communication; false reassurance; suicidal ideation; reflection; open-ended question,治療性溝通不是日常安慰。遇到自傷他傷風險，直接評估安全；遇到妄想，不爭辯也不強化妄想。
262,Safety and Infection Control,high-review,Page Unit 262: 安全與感染控制 / Safety and Infection Control,safety_infection; cue_recognition,standard precautions; airborne; contact; aspiration; sepsis,安全題先問 harm 來源：跌倒、誤吸、出血、感染傳播、低氧、敗血症或管路損傷。感染控制先問傳播途徑。
263,NGN Case Reasoning,high-review,Page Unit 263: NGN 病例推理 / NGN Case Reasoning,ngn; clinical_judgment; cue_recognition,recognize cues; analyze cues; take action; evaluate outcomes; trend,NGN 長病例要讀成時間線。不要把所有資料看成同等重要，先找變化，再找主要風險，再選行動與評估結果。
264,OSCE Transition,medium-review,Page Unit 264: OSCE 轉換 / OSCE Transition,osce_transition; communication; clinical_judgment,assessment; escalation; handover; reassessment; documentation,"如果能選對但說不出理由，OSCE 仍有風險。每道錯題都要練一句英文：I am concerned about..., I would assess..., I would escalate..."
265,Priority and Delegation,medium-review,Page Unit 265: 優先順序與委派 / Priority and Delegation,prioritization; delegation_scope; safety,priority; first action; unstable client; RN assessment; delegate,這類題的核心不是哪個選項也正確，而是哪個行動最先保護安全。看到 first、priority、new、sudden、worsening，要先找不穩定線索。
266,Question Language,medium-review,Page Unit 266: 題幹語言 / Question Language,english_wording; test_strategy,requires follow-up; further teaching; expected finding; contraindicated; most appropriate,題幹詞控制答題方向。requires follow-up 是找異常或不安全；needs further teaching 是找病人錯誤理解；first 是找最先行動。
267,Pharmacology Safety,high-review,Page Unit 267: 藥理安全 / Pharmacology Safety,pharmacology; knowledge_gap; safety,adverse effect; toxicity; monitor; bleeding risk; patient teaching,藥理題不要只背用途。先問這個藥最怕什麼 harm，需要監測什麼，病人哪句話顯示危險誤解。
268,Maternal-Child Safety,high-review,Page Unit 268: 產兒安全 / Maternal-Child Safety,maternal_safety; cue_recognition; prioritization,heavy lochia; boggy uterus; late decelerations; newborn distress; per protocol,產兒題不是只背週數。先看母體、胎兒或新生兒是否正在失去穩定：出血、胎心、呼吸、血糖、感染與高血壓危象。
269,Mental Health Communication,high-review,Page Unit 269: 精神健康與溝通 / Mental Health Communication,therapeutic_communication; mental_health; safety,therapeutic communication; false reassurance; suicidal ideation; reflection; open-ended question,治療性溝通不是日常安慰。遇到自傷他傷風險，直接評估安全；遇到妄想，不爭辯也不強化妄想。
270,Safety and Infection Control,high-review,Page Unit 270: 安全與感染控制 / Safety and Infection Control,safety_infection; cue_recognition,standard precautions; airborne; contact; aspiration; sepsis,安全題先問 harm 來源：跌倒、誤吸、出血、感染傳播、低氧、敗血症或管路損傷。感染控制先問傳播途徑。
271,NGN Case Reasoning,high-review,Page Unit 271: NGN 病例推理 / NGN Case Reasoning,ngn; clinical_judgment; cue_recognition,recognize cues; analyze cues; take action; evaluate outcomes; trend,NGN 長病例要讀成時間線。不要把所有資料看成同等重要，先找變化，再找主要風險，再選行動與評估結果。
272,OSCE Transition,medium-review,Page Unit 272: OSCE 轉換 / OSCE Transition,osce_transition; communication; clinical_judgment,assessment; escalation; handover; reassessment; documentation,"如果能選對但說不出理由，OSCE 仍有風險。每道錯題都要練一句英文：I am concerned about..., I would assess..., I would escalate..."
273,Priority and Delegation,medium-review,Page Unit 273: 優先順序與委派 / Priority and Delegation,prioritization; delegation_scope; safety,priority; first action; unstable client; RN assessment; delegate,這類題的核心不是哪個選項也正確，而是哪個行動最先保護安全。看到 first、priority、new、sudden、worsening，要先找不穩定線索。
274,Question Language,medium-review,Page Unit 274: 題幹語言 / Question Language,english_wording; test_strategy,requires follow-up; further teaching; expected finding; contraindicated; most appropriate,題幹詞控制答題方向。requires follow-up 是找異常或不安全；needs further teaching 是找病人錯誤理解；first 是找最先行動。
275,Pharmacology Safety,high-review,Page Unit 275: 藥理安全 / Pharmacology Safety,pharmacology; knowledge_gap; safety,adverse effect; toxicity; monitor; bleeding risk; patient teaching,藥理題不要只背用途。先問這個藥最怕什麼 harm，需要監測什麼，病人哪句話顯示危險誤解。
276,Maternal-Child Safety,high-review,Page Unit 276: 產兒安全 / Maternal-Child Safety,maternal_safety; cue_recognition; prioritization,heavy lochia; boggy uterus; late decelerations; newborn distress; per protocol,產兒題不是只背週數。先看母體、胎兒或新生兒是否正在失去穩定：出血、胎心、呼吸、血糖、感染與高血壓危象。
277,Mental Health Communication,high-review,Page Unit 277: 精神健康與溝通 / Mental Health Communication,therapeutic_communication; mental_health; safety,therapeutic communication; false reassurance; suicidal ideation; reflection; open-ended question,治療性溝通不是日常安慰。遇到自傷他傷風險，直接評估安全；遇到妄想，不爭辯也不強化妄想。
278,Safety and Infection Control,high-review,Page Unit 278: 安全與感染控制 / Safety and Infection Control,safety_infection; cue_recognition,standard precautions; airborne; contact; aspiration; sepsis,安全題先問 harm 來源：跌倒、誤吸、出血、感染傳播、低氧、敗血症或管路損傷。感染控制先問傳播途徑。
279,NGN Case Reasoning,high-review,Page Unit 279: NGN 病例推理 / NGN Case Reasoning,ngn; clinical_judgment; cue_recognition,recognize cues; analyze cues; take action; evaluate outcomes; trend,NGN 長病例要讀成時間線。不要把所有資料看成同等重要，先找變化，再找主要風險，再選行動與評估結果。
280,OSCE Transition,medium-review,Page Unit 280: OSCE 轉換 / OSCE Transition,osce_transition; communication; clinical_judgment,assessment; escalation; handover; reassessment; documentation,"如果能選對但說不出理由，OSCE 仍有風險。每道錯題都要練一句英文：I am concerned about..., I would assess..., I would escalate..."
281,Priority and Delegation,medium-review,Page Unit 281: 優先順序與委派 / Priority and Delegation,prioritization; delegation_scope; safety,priority; first action; unstable client; RN assessment; delegate,這類題的核心不是哪個選項也正確，而是哪個行動最先保護安全。看到 first、priority、new、sudden、worsening，要先找不穩定線索。
282,Question Language,medium-review,Page Unit 282: 題幹語言 / Question Language,english_wording; test_strategy,requires follow-up; further teaching; expected finding; contraindicated; most appropriate,題幹詞控制答題方向。requires follow-up 是找異常或不安全；needs further teaching 是找病人錯誤理解；first 是找最先行動。
283,Pharmacology Safety,high-review,Page Unit 283: 藥理安全 / Pharmacology Safety,pharmacology; knowledge_gap; safety,adverse effect; toxicity; monitor; bleeding risk; patient teaching,藥理題不要只背用途。先問這個藥最怕什麼 harm，需要監測什麼，病人哪句話顯示危險誤解。
284,Maternal-Child Safety,high-review,Page Unit 284: 產兒安全 / Maternal-Child Safety,maternal_safety; cue_recognition; prioritization,heavy lochia; boggy uterus; late decelerations; newborn distress; per protocol,產兒題不是只背週數。先看母體、胎兒或新生兒是否正在失去穩定：出血、胎心、呼吸、血糖、感染與高血壓危象。
285,Mental Health Communication,high-review,Page Unit 285: 精神健康與溝通 / Mental Health Communication,therapeutic_communication; mental_health; safety,therapeutic communication; false reassurance; suicidal ideation; reflection; open-ended question,治療性溝通不是日常安慰。遇到自傷他傷風險，直接評估安全；遇到妄想，不爭辯也不強化妄想。
286,Safety and Infection Control,high-review,Page Unit 286: 安全與感染控制 / Safety and Infection Control,safety_infection; cue_recognition,standard precautions; airborne; contact; aspiration; sepsis,安全題先問 harm 來源：跌倒、誤吸、出血、感染傳播、低氧、敗血症或管路損傷。感染控制先問傳播途徑。
287,NGN Case Reasoning,high-review,Page Unit 287: NGN 病例推理 / NGN Case Reasoning,ngn; clinical_judgment; cue_recognition,recognize cues; analyze cues; take action; evaluate outcomes; trend,NGN 長病例要讀成時間線。不要把所有資料看成同等重要，先找變化，再找主要風險，再選行動與評估結果。
288,OSCE Transition,medium-review,Page Unit 288: OSCE 轉換 / OSCE Transition,osce_transition; communication; clinical_judgment,assessment; escalation; handover; reassessment; documentation,"如果能選對但說不出理由，OSCE 仍有風險。每道錯題都要練一句英文：I am concerned about..., I would assess..., I would escalate..."
289,Priority and Delegation,medium-review,Page Unit 289: 優先順序與委派 / Priority and Delegation,prioritization; delegation_scope; safety,priority; first action; unstable client; RN assessment; delegate,這類題的核心不是哪個選項也正確，而是哪個行動最先保護安全。看到 first、priority、new、sudden、worsening，要先找不穩定線索。
290,Question Language,medium-review,Page Unit 290: 題幹語言 / Question Language,english_wording; test_strategy,requires follow-up; further teaching; expected finding; contraindicated; most appropriate,題幹詞控制答題方向。requires follow-up 是找異常或不安全；needs further teaching 是找病人錯誤理解；first 是找最先行動。
291,Pharmacology Safety,high-review,Page Unit 291: 藥理安全 / Pharmacology Safety,pharmacology; knowledge_gap; safety,adverse effect; toxicity; monitor; bleeding risk; patient teaching,藥理題不要只背用途。先問這個藥最怕什麼 harm，需要監測什麼，病人哪句話顯示危險誤解。
292,Maternal-Child Safety,high-review,Page Unit 292: 產兒安全 / Maternal-Child Safety,maternal_safety; cue_recognition; prioritization,heavy lochia; boggy uterus; late decelerations; newborn distress; per protocol,產兒題不是只背週數。先看母體、胎兒或新生兒是否正在失去穩定：出血、胎心、呼吸、血糖、感染與高血壓危象。
293,Mental Health Communication,high-review,Page Unit 293: 精神健康與溝通 / Mental Health Communication,therapeutic_communication; mental_health; safety,therapeutic communication; false reassurance; suicidal ideation; reflection; open-ended question,治療性溝通不是日常安慰。遇到自傷他傷風險，直接評估安全；遇到妄想，不爭辯也不強化妄想。
294,Safety and Infection Control,high-review,Page Unit 294: 安全與感染控制 / Safety and Infection Control,safety_infection; cue_recognition,standard precautions; airborne; contact; aspiration; sepsis,安全題先問 harm 來源：跌倒、誤吸、出血、感染傳播、低氧、敗血症或管路損傷。感染控制先問傳播途徑。
295,NGN Case Reasoning,high-review,Page Unit 295: NGN 病例推理 / NGN Case Reasoning,ngn; clinical_judgment; cue_recognition,recognize cues; analyze cues; take action; evaluate outcomes; trend,NGN 長病例要讀成時間線。不要把所有資料看成同等重要，先找變化，再找主要風險，再選行動與評估結果。
296,OSCE Transition,medium-review,Page Unit 296: OSCE 轉換 / OSCE Transition,osce_transition; communication; clinical_judgment,assessment; escalation; handover; reassessment; documentation,"如果能選對但說不出理由，OSCE 仍有風險。每道錯題都要練一句英文：I am concerned about..., I would assess..., I would escalate..."
297,Priority and Delegation,medium-review,Page Unit 297: 優先順序與委派 / Priority and Delegation,prioritization; delegation_scope; safety,priority; first action; unstable client; RN assessment; delegate,這類題的核心不是哪個選項也正確，而是哪個行動最先保護安全。看到 first、priority、new、sudden、worsening，要先找不穩定線索。
298,Question Language,medium-review,Page Unit 298: 題幹語言 / Question Language,english_wording; test_strategy,requires follow-up; further teaching; expected finding; contraindicated; most appropriate,題幹詞控制答題方向。requires follow-up 是找異常或不安全；needs further teaching 是找病人錯誤理解；first 是找最先行動。
299,Pharmacology Safety,high-review,Page Unit 299: 藥理安全 / Pharmacology Safety,pharmacology; knowledge_gap; safety,adverse effect; toxicity; monitor; bleeding risk; patient teaching,藥理題不要只背用途。先問這個藥最怕什麼 harm，需要監測什麼，病人哪句話顯示危險誤解。
300,Maternal-Child Safety,high-review,Page Unit 300: 產兒安全 / Maternal-Child Safety,maternal_safety; cue_recognition; prioritization,heavy lochia; boggy uterus; late decelerations; newborn distress; per protocol,產兒題不是只背週數。先看母體、胎兒或新生兒是否正在失去穩定：出血、胎心、呼吸、血糖、感染與高血壓危象。
301,Mental Health Communication,high-review,Page Unit 301: 精神健康與溝通 / Mental Health Communication,therapeutic_communication; mental_health; safety,therapeutic communication; false reassurance; suicidal ideation; reflection; open-ended question,治療性溝通不是日常安慰。遇到自傷他傷風險，直接評估安全；遇到妄想，不爭辯也不強化妄想。
302,Safety and Infection Control,high-review,Page Unit 302: 安全與感染控制 / Safety and Infection Control,safety_infection; cue_recognition,standard precautions; airborne; contact; aspiration; sepsis,安全題先問 harm 來源：跌倒、誤吸、出血、感染傳播、低氧、敗血症或管路損傷。感染控制先問傳播途徑。
303,NGN Case Reasoning,high-review,Page Unit 303: NGN 病例推理 / NGN Case Reasoning,ngn; clinical_judgment; cue_recognition,recognize cues; analyze cues; take action; evaluate outcomes; trend,NGN 長病例要讀成時間線。不要把所有資料看成同等重要，先找變化，再找主要風險，再選行動與評估結果。
304,OSCE Transition,medium-review,Page Unit 304: OSCE 轉換 / OSCE Transition,osce_transition; communication; clinical_judgment,assessment; escalation; handover; reassessment; documentation,"如果能選對但說不出理由，OSCE 仍有風險。每道錯題都要練一句英文：I am concerned about..., I would assess..., I would escalate..."
305,Priority and Delegation,medium-review,Page Unit 305: 優先順序與委派 / Priority and Delegation,prioritization; delegation_scope; safety,priority; first action; unstable client; RN assessment; delegate,這類題的核心不是哪個選項也正確，而是哪個行動最先保護安全。看到 first、priority、new、sudden、worsening，要先找不穩定線索。
306,Question Language,medium-review,Page Unit 306: 題幹語言 / Question Language,english_wording; test_strategy,requires follow-up; further teaching; expected finding; contraindicated; most appropriate,題幹詞控制答題方向。requires follow-up 是找異常或不安全；needs further teaching 是找病人錯誤理解；first 是找最先行動。
307,Pharmacology Safety,high-review,Page Unit 307: 藥理安全 / Pharmacology Safety,pharmacology; knowledge_gap; safety,adverse effect; toxicity; monitor; bleeding risk; patient teaching,藥理題不要只背用途。先問這個藥最怕什麼 harm，需要監測什麼，病人哪句話顯示危險誤解。
308,Maternal-Child Safety,high-review,Page Unit 308: 產兒安全 / Maternal-Child Safety,maternal_safety; cue_recognition; prioritization,heavy lochia; boggy uterus; late decelerations; newborn distress; per protocol,產兒題不是只背週數。先看母體、胎兒或新生兒是否正在失去穩定：出血、胎心、呼吸、血糖、感染與高血壓危象。
309,Mental Health Communication,high-review,Page Unit 309: 精神健康與溝通 / Mental Health Communication,therapeutic_communication; mental_health; safety,therapeutic communication; false reassurance; suicidal ideation; reflection; open-ended question,治療性溝通不是日常安慰。遇到自傷他傷風險，直接評估安全；遇到妄想，不爭辯也不強化妄想。
310,Safety and Infection Control,high-review,Page Unit 310: 安全與感染控制 / Safety and Infection Control,safety_infection; cue_recognition,standard precautions; airborne; contact; aspiration; sepsis,安全題先問 harm 來源：跌倒、誤吸、出血、感染傳播、低氧、敗血症或管路損傷。感染控制先問傳播途徑。
311,NGN Case Reasoning,high-review,Page Unit 311: NGN 病例推理 / NGN Case Reasoning,ngn; clinical_judgment; cue_recognition,recognize cues; analyze cues; take action; evaluate outcomes; trend,NGN 長病例要讀成時間線。不要把所有資料看成同等重要，先找變化，再找主要風險，再選行動與評估結果。
312,OSCE Transition,medium-review,Page Unit 312: OSCE 轉換 / OSCE Transition,osce_transition; communication; clinical_judgment,assessment; escalation; handover; reassessment; documentation,"如果能選對但說不出理由，OSCE 仍有風險。每道錯題都要練一句英文：I am concerned about..., I would assess..., I would escalate..."
313,Priority and Delegation,medium-review,Page Unit 313: 優先順序與委派 / Priority and Delegation,prioritization; delegation_scope; safety,priority; first action; unstable client; RN assessment; delegate,這類題的核心不是哪個選項也正確，而是哪個行動最先保護安全。看到 first、priority、new、sudden、worsening，要先找不穩定線索。
314,Question Language,medium-review,Page Unit 314: 題幹語言 / Question Language,english_wording; test_strategy,requires follow-up; further teaching; expected finding; contraindicated; most appropriate,題幹詞控制答題方向。requires follow-up 是找異常或不安全；needs further teaching 是找病人錯誤理解；first 是找最先行動。
315,Pharmacology Safety,high-review,Page Unit 315: 藥理安全 / Pharmacology Safety,pharmacology; knowledge_gap; safety,adverse effect; toxicity; monitor; bleeding risk; patient teaching,藥理題不要只背用途。先問這個藥最怕什麼 harm，需要監測什麼，病人哪句話顯示危險誤解。
316,Maternal-Child Safety,high-review,Page Unit 316: 產兒安全 / Maternal-Child Safety,maternal_safety; cue_recognition; prioritization,heavy lochia; boggy uterus; late decelerations; newborn distress; per protocol,產兒題不是只背週數。先看母體、胎兒或新生兒是否正在失去穩定：出血、胎心、呼吸、血糖、感染與高血壓危象。
317,Mental Health Communication,high-review,Page Unit 317: 精神健康與溝通 / Mental Health Communication,therapeutic_communication; mental_health; safety,therapeutic communication; false reassurance; suicidal ideation; reflection; open-ended question,治療性溝通不是日常安慰。遇到自傷他傷風險，直接評估安全；遇到妄想，不爭辯也不強化妄想。
318,Safety and Infection Control,high-review,Page Unit 318: 安全與感染控制 / Safety and Infection Control,safety_infection; cue_recognition,standard precautions; airborne; contact; aspiration; sepsis,安全題先問 harm 來源：跌倒、誤吸、出血、感染傳播、低氧、敗血症或管路損傷。感染控制先問傳播途徑。
319,NGN Case Reasoning,high-review,Page Unit 319: NGN 病例推理 / NGN Case Reasoning,ngn; clinical_judgment; cue_recognition,recognize cues; analyze cues; take action; evaluate outcomes; trend,NGN 長病例要讀成時間線。不要把所有資料看成同等重要，先找變化，再找主要風險，再選行動與評估結果。
320,OSCE Transition,medium-review,Page Unit 320: OSCE 轉換 / OSCE Transition,osce_transition; communication; clinical_judgment,assessment; escalation; handover; reassessment; documentation,"如果能選對但說不出理由，OSCE 仍有風險。每道錯題都要練一句英文：I am concerned about..., I would assess..., I would escalate..."
321,Priority and Delegation,medium-review,Page Unit 321: 優先順序與委派 / Priority and Delegation,prioritization; delegation_scope; safety,priority; first action; unstable client; RN assessment; delegate,這類題的核心不是哪個選項也正確，而是哪個行動最先保護安全。看到 first、priority、new、sudden、worsening，要先找不穩定線索。
322,Question Language,medium-review,Page Unit 322: 題幹語言 / Question Language,english_wording; test_strategy,requires follow-up; further teaching; expected finding; contraindicated; most appropriate,題幹詞控制答題方向。requires follow-up 是找異常或不安全；needs further teaching 是找病人錯誤理解；first 是找最先行動。
323,Pharmacology Safety,high-review,Page Unit 323: 藥理安全 / Pharmacology Safety,pharmacology; knowledge_gap; safety,adverse effect; toxicity; monitor; bleeding risk; patient teaching,藥理題不要只背用途。先問這個藥最怕什麼 harm，需要監測什麼，病人哪句話顯示危險誤解。
324,Maternal-Child Safety,high-review,Page Unit 324: 產兒安全 / Maternal-Child Safety,maternal_safety; cue_recognition; prioritization,heavy lochia; boggy uterus; late decelerations; newborn distress; per protocol,產兒題不是只背週數。先看母體、胎兒或新生兒是否正在失去穩定：出血、胎心、呼吸、血糖、感染與高血壓危象。
325,Mental Health Communication,high-review,Page Unit 325: 精神健康與溝通 / Mental Health Communication,therapeutic_communication; mental_health; safety,therapeutic communication; false reassurance; suicidal ideation; reflection; open-ended question,治療性溝通不是日常安慰。遇到自傷他傷風險，直接評估安全；遇到妄想，不爭辯也不強化妄想。
326,Safety and Infection Control,high-review,Page Unit 326: 安全與感染控制 / Safety and Infection Control,safety_infection; cue_recognition,standard precautions; airborne; contact; aspiration; sepsis,安全題先問 harm 來源：跌倒、誤吸、出血、感染傳播、低氧、敗血症或管路損傷。感染控制先問傳播途徑。
327,NGN Case Reasoning,high-review,Page Unit 327: NGN 病例推理 / NGN Case Reasoning,ngn; clinical_judgment; cue_recognition,recognize cues; analyze cues; take action; evaluate outcomes; trend,NGN 長病例要讀成時間線。不要把所有資料看成同等重要，先找變化，再找主要風險，再選行動與評估結果。
328,OSCE Transition,medium-review,Page Unit 328: OSCE 轉換 / OSCE Transition,osce_transition; communication; clinical_judgment,assessment; escalation; handover; reassessment; documentation,"如果能選對但說不出理由，OSCE 仍有風險。每道錯題都要練一句英文：I am concerned about..., I would assess..., I would escalate..."
329,Priority and Delegation,medium-review,Page Unit 329: 優先順序與委派 / Priority and Delegation,prioritization; delegation_scope; safety,priority; first action; unstable client; RN assessment; delegate,這類題的核心不是哪個選項也正確，而是哪個行動最先保護安全。看到 first、priority、new、sudden、worsening，要先找不穩定線索。
330,Question Language,medium-review,Page Unit 330: 題幹語言 / Question Language,english_wording; test_strategy,requires follow-up; further teaching; expected finding; contraindicated; most appropriate,題幹詞控制答題方向。requires follow-up 是找異常或不安全；needs further teaching 是找病人錯誤理解；first 是找最先行動。
331,Pharmacology Safety,high-review,Page Unit 331: 藥理安全 / Pharmacology Safety,pharmacology; knowledge_gap; safety,adverse effect; toxicity; monitor; bleeding risk; patient teaching,藥理題不要只背用途。先問這個藥最怕什麼 harm，需要監測什麼，病人哪句話顯示危險誤解。
332,Maternal-Child Safety,high-review,Page Unit 332: 產兒安全 / Maternal-Child Safety,maternal_safety; cue_recognition; prioritization,heavy lochia; boggy uterus; late decelerations; newborn distress; per protocol,產兒題不是只背週數。先看母體、胎兒或新生兒是否正在失去穩定：出血、胎心、呼吸、血糖、感染與高血壓危象。
333,Mental Health Communication,high-review,Page Unit 333: 精神健康與溝通 / Mental Health Communication,therapeutic_communication; mental_health; safety,therapeutic communication; false reassurance; suicidal ideation; reflection; open-ended question,治療性溝通不是日常安慰。遇到自傷他傷風險，直接評估安全；遇到妄想，不爭辯也不強化妄想。
334,Safety and Infection Control,high-review,Page Unit 334: 安全與感染控制 / Safety and Infection Control,safety_infection; cue_recognition,standard precautions; airborne; contact; aspiration; sepsis,安全題先問 harm 來源：跌倒、誤吸、出血、感染傳播、低氧、敗血症或管路損傷。感染控制先問傳播途徑。
335,NGN Case Reasoning,high-review,Page Unit 335: NGN 病例推理 / NGN Case Reasoning,ngn; clinical_judgment; cue_recognition,recognize cues; analyze cues; take action; evaluate outcomes; trend,NGN 長病例要讀成時間線。不要把所有資料看成同等重要，先找變化，再找主要風險，再選行動與評估結果。
336,OSCE Transition,medium-review,Page Unit 336: OSCE 轉換 / OSCE Transition,osce_transition; communication; clinical_judgment,assessment; escalation; handover; reassessment; documentation,"如果能選對但說不出理由，OSCE 仍有風險。每道錯題都要練一句英文：I am concerned about..., I would assess..., I would escalate..."
337,Priority and Delegation,medium-review,Page Unit 337: 優先順序與委派 / Priority and Delegation,prioritization; delegation_scope; safety,priority; first action; unstable client; RN assessment; delegate,這類題的核心不是哪個選項也正確，而是哪個行動最先保護安全。看到 first、priority、new、sudden、worsening，要先找不穩定線索。
338,Question Language,medium-review,Page Unit 338: 題幹語言 / Question Language,english_wording; test_strategy,requires follow-up; further teaching; expected finding; contraindicated; most appropriate,題幹詞控制答題方向。requires follow-up 是找異常或不安全；needs further teaching 是找病人錯誤理解；first 是找最先行動。
339,Pharmacology Safety,high-review,Page Unit 339: 藥理安全 / Pharmacology Safety,pharmacology; knowledge_gap; safety,adverse effect; toxicity; monitor; bleeding risk; patient teaching,藥理題不要只背用途。先問這個藥最怕什麼 harm，需要監測什麼，病人哪句話顯示危險誤解。
340,Maternal-Child Safety,high-review,Page Unit 340: 產兒安全 / Maternal-Child Safety,maternal_safety; cue_recognition; prioritization,heavy lochia; boggy uterus; late decelerations; newborn distress; per protocol,產兒題不是只背週數。先看母體、胎兒或新生兒是否正在失去穩定：出血、胎心、呼吸、血糖、感染與高血壓危象。
341,Mental Health Communication,high-review,Page Unit 341: 精神健康與溝通 / Mental Health Communication,therapeutic_communication; mental_health; safety,therapeutic communication; false reassurance; suicidal ideation; reflection; open-ended question,治療性溝通不是日常安慰。遇到自傷他傷風險，直接評估安全；遇到妄想，不爭辯也不強化妄想。
342,Safety and Infection Control,high-review,Page Unit 342: 安全與感染控制 / Safety and Infection Control,safety_infection; cue_recognition,standard precautions; airborne; contact; aspiration; sepsis,安全題先問 harm 來源：跌倒、誤吸、出血、感染傳播、低氧、敗血症或管路損傷。感染控制先問傳播途徑。
343,NGN Case Reasoning,high-review,Page Unit 343: NGN 病例推理 / NGN Case Reasoning,ngn; clinical_judgment; cue_recognition,recognize cues; analyze cues; take action; evaluate outcomes; trend,NGN 長病例要讀成時間線。不要把所有資料看成同等重要，先找變化，再找主要風險，再選行動與評估結果。
344,OSCE Transition,medium-review,Page Unit 344: OSCE 轉換 / OSCE Transition,osce_transition; communication; clinical_judgment,assessment; escalation; handover; reassessment; documentation,"如果能選對但說不出理由，OSCE 仍有風險。每道錯題都要練一句英文：I am concerned about..., I would assess..., I would escalate..."
345,Priority and Delegation,medium-review,Page Unit 345: 優先順序與委派 / Priority and Delegation,prioritization; delegation_scope; safety,priority; first action; unstable client; RN assessment; delegate,這類題的核心不是哪個選項也正確，而是哪個行動最先保護安全。看到 first、priority、new、sudden、worsening，要先找不穩定線索。
346,Question Language,medium-review,Page Unit 346: 題幹語言 / Question Language,english_wording; test_strategy,requires follow-up; further teaching; expected finding; contraindicated; most appropriate,題幹詞控制答題方向。requires follow-up 是找異常或不安全；needs further teaching 是找病人錯誤理解；first 是找最先行動。
347,Pharmacology Safety,high-review,Page Unit 347: 藥理安全 / Pharmacology Safety,pharmacology; knowledge_gap; safety,adverse effect; toxicity; monitor; bleeding risk; patient teaching,藥理題不要只背用途。先問這個藥最怕什麼 harm，需要監測什麼，病人哪句話顯示危險誤解。
348,Maternal-Child Safety,high-review,Page Unit 348: 產兒安全 / Maternal-Child Safety,maternal_safety; cue_recognition; prioritization,heavy lochia; boggy uterus; late decelerations; newborn distress; per protocol,產兒題不是只背週數。先看母體、胎兒或新生兒是否正在失去穩定：出血、胎心、呼吸、血糖、感染與高血壓危象。
349,Mental Health Communication,high-review,Page Unit 349: 精神健康與溝通 / Mental Health Communication,therapeutic_communication; mental_health; safety,therapeutic communication; false reassurance; suicidal ideation; reflection; open-ended question,治療性溝通不是日常安慰。遇到自傷他傷風險，直接評估安全；遇到妄想，不爭辯也不強化妄想。
350,Safety and Infection Control,high-review,Page Unit 350: 安全與感染控制 / Safety and Infection Control,safety_infection; cue_recognition,standard precautions; airborne; contact; aspiration; sepsis,安全題先問 harm 來源：跌倒、誤吸、出血、感染傳播、低氧、敗血症或管路損傷。感染控制先問傳播途徑。
351,NGN Case Reasoning,high-review,Page Unit 351: NGN 病例推理 / NGN Case Reasoning,ngn; clinical_judgment; cue_recognition,recognize cues; analyze cues; take action; evaluate outcomes; trend,NGN 長病例要讀成時間線。不要把所有資料看成同等重要，先找變化，再找主要風險，再選行動與評估結果。
352,OSCE Transition,medium-review,Page Unit 352: OSCE 轉換 / OSCE Transition,osce_transition; communication; clinical_judgment,assessment; escalation; handover; reassessment; documentation,"如果能選對但說不出理由，OSCE 仍有風險。每道錯題都要練一句英文：I am concerned about..., I would assess..., I would escalate..."
353,Priority and Delegation,medium-review,Page Unit 353: 優先順序與委派 / Priority and Delegation,prioritization; delegation_scope; safety,priority; first action; unstable client; RN assessment; delegate,這類題的核心不是哪個選項也正確，而是哪個行動最先保護安全。看到 first、priority、new、sudden、worsening，要先找不穩定線索。
354,Question Language,medium-review,Page Unit 354: 題幹語言 / Question Language,english_wording; test_strategy,requires follow-up; further teaching; expected finding; contraindicated; most appropriate,題幹詞控制答題方向。requires follow-up 是找異常或不安全；needs further teaching 是找病人錯誤理解；first 是找最先行動。
355,Pharmacology Safety,high-review,Page Unit 355: 藥理安全 / Pharmacology Safety,pharmacology; knowledge_gap; safety,adverse effect; toxicity; monitor; bleeding risk; patient teaching,藥理題不要只背用途。先問這個藥最怕什麼 harm，需要監測什麼，病人哪句話顯示危險誤解。
356,Maternal-Child Safety,high-review,Page Unit 356: 產兒安全 / Maternal-Child Safety,maternal_safety; cue_recognition; prioritization,heavy lochia; boggy uterus; late decelerations; newborn distress; per protocol,產兒題不是只背週數。先看母體、胎兒或新生兒是否正在失去穩定：出血、胎心、呼吸、血糖、感染與高血壓危象。
357,Mental Health Communication,high-review,Page Unit 357: 精神健康與溝通 / Mental Health Communication,therapeutic_communication; mental_health; safety,therapeutic communication; false reassurance; suicidal ideation; reflection; open-ended question,治療性溝通不是日常安慰。遇到自傷他傷風險，直接評估安全；遇到妄想，不爭辯也不強化妄想。
358,Safety and Infection Control,high-review,Page Unit 358: 安全與感染控制 / Safety and Infection Control,safety_infection; cue_recognition,standard precautions; airborne; contact; aspiration; sepsis,安全題先問 harm 來源：跌倒、誤吸、出血、感染傳播、低氧、敗血症或管路損傷。感染控制先問傳播途徑。
359,NGN Case Reasoning,high-review,Page Unit 359: NGN 病例推理 / NGN Case Reasoning,ngn; clinical_judgment; cue_recognition,recognize cues; analyze cues; take action; evaluate outcomes; trend,NGN 長病例要讀成時間線。不要把所有資料看成同等重要，先找變化，再找主要風險，再選行動與評估結果。
360,OSCE Transition,medium-review,Page Unit 360: OSCE 轉換 / OSCE Transition,osce_transition; communication; clinical_judgment,assessment; escalation; handover; reassessment; documentation,"如果能選對但說不出理由，OSCE 仍有風險。每道錯題都要練一句英文：I am concerned about..., I would assess..., I would escalate..."
361,Priority and Delegation,medium-review,Page Unit 361: 優先順序與委派 / Priority and Delegation,prioritization; delegation_scope; safety,priority; first action; unstable client; RN assessment; delegate,這類題的核心不是哪個選項也正確，而是哪個行動最先保護安全。看到 first、priority、new、sudden、worsening，要先找不穩定線索。
362,Question Language,medium-review,Page Unit 362: 題幹語言 / Question Language,english_wording; test_strategy,requires follow-up; further teaching; expected finding; contraindicated; most appropriate,題幹詞控制答題方向。requires follow-up 是找異常或不安全；needs further teaching 是找病人錯誤理解；first 是找最先行動。
363,Pharmacology Safety,high-review,Page Unit 363: 藥理安全 / Pharmacology Safety,pharmacology; knowledge_gap; safety,adverse effect; toxicity; monitor; bleeding risk; patient teaching,藥理題不要只背用途。先問這個藥最怕什麼 harm，需要監測什麼，病人哪句話顯示危險誤解。
364,Maternal-Child Safety,high-review,Page Unit 364: 產兒安全 / Maternal-Child Safety,maternal_safety; cue_recognition; prioritization,heavy lochia; boggy uterus; late decelerations; newborn distress; per protocol,產兒題不是只背週數。先看母體、胎兒或新生兒是否正在失去穩定：出血、胎心、呼吸、血糖、感染與高血壓危象。
365,Mental Health Communication,high-review,Page Unit 365: 精神健康與溝通 / Mental Health Communication,therapeutic_communication; mental_health; safety,therapeutic communication; false reassurance; suicidal ideation; reflection; open-ended question,治療性溝通不是日常安慰。遇到自傷他傷風險，直接評估安全；遇到妄想，不爭辯也不強化妄想。
366,Safety and Infection Control,high-review,Page Unit 366: 安全與感染控制 / Safety and Infection Control,safety_infection; cue_recognition,standard precautions; airborne; contact; aspiration; sepsis,安全題先問 harm 來源：跌倒、誤吸、出血、感染傳播、低氧、敗血症或管路損傷。感染控制先問傳播途徑。
367,NGN Case Reasoning,high-review,Page Unit 367: NGN 病例推理 / NGN Case Reasoning,ngn; clinical_judgment; cue_recognition,recognize cues; analyze cues; take action; evaluate outcomes; trend,NGN 長病例要讀成時間線。不要把所有資料看成同等重要，先找變化，再找主要風險，再選行動與評估結果。
368,OSCE Transition,medium-review,Page Unit 368: OSCE 轉換 / OSCE Transition,osce_transition; communication; clinical_judgment,assessment; escalation; handover; reassessment; documentation,"如果能選對但說不出理由，OSCE 仍有風險。每道錯題都要練一句英文：I am concerned about..., I would assess..., I would escalate..."
369,Priority and Delegation,medium-review,Page Unit 369: 優先順序與委派 / Priority and Delegation,prioritization; delegation_scope; safety,priority; first action; unstable client; RN assessment; delegate,這類題的核心不是哪個選項也正確，而是哪個行動最先保護安全。看到 first、priority、new、sudden、worsening，要先找不穩定線索。
370,Question Language,medium-review,Page Unit 370: 題幹語言 / Question Language,english_wording; test_strategy,requires follow-up; further teaching; expected finding; contraindicated; most appropriate,題幹詞控制答題方向。requires follow-up 是找異常或不安全；needs further teaching 是找病人錯誤理解；first 是找最先行動。
371,Pharmacology Safety,high-review,Page Unit 371: 藥理安全 / Pharmacology Safety,pharmacology; knowledge_gap; safety,adverse effect; toxicity; monitor; bleeding risk; patient teaching,藥理題不要只背用途。先問這個藥最怕什麼 harm，需要監測什麼，病人哪句話顯示危險誤解。
372,Maternal-Child Safety,high-review,Page Unit 372: 產兒安全 / Maternal-Child Safety,maternal_safety; cue_recognition; prioritization,heavy lochia; boggy uterus; late decelerations; newborn distress; per protocol,產兒題不是只背週數。先看母體、胎兒或新生兒是否正在失去穩定：出血、胎心、呼吸、血糖、感染與高血壓危象。
373,Mental Health Communication,high-review,Page Unit 373: 精神健康與溝通 / Mental Health Communication,therapeutic_communication; mental_health; safety,therapeutic communication; false reassurance; suicidal ideation; reflection; open-ended question,治療性溝通不是日常安慰。遇到自傷他傷風險，直接評估安全；遇到妄想，不爭辯也不強化妄想。
374,Safety and Infection Control,high-review,Page Unit 374: 安全與感染控制 / Safety and Infection Control,safety_infection; cue_recognition,standard precautions; airborne; contact; aspiration; sepsis,安全題先問 harm 來源：跌倒、誤吸、出血、感染傳播、低氧、敗血症或管路損傷。感染控制先問傳播途徑。
375,NGN Case Reasoning,high-review,Page Unit 375: NGN 病例推理 / NGN Case Reasoning,ngn; clinical_judgment; cue_recognition,recognize cues; analyze cues; take action; evaluate outcomes; trend,NGN 長病例要讀成時間線。不要把所有資料看成同等重要，先找變化，再找主要風險，再選行動與評估結果。
376,OSCE Transition,medium-review,Page Unit 376: OSCE 轉換 / OSCE Transition,osce_transition; communication; clinical_judgment,assessment; escalation; handover; reassessment; documentation,"如果能選對但說不出理由，OSCE 仍有風險。每道錯題都要練一句英文：I am concerned about..., I would assess..., I would escalate..."
377,Priority and Delegation,medium-review,Page Unit 377: 優先順序與委派 / Priority and Delegation,prioritization; delegation_scope; safety,priority; first action; unstable client; RN assessment; delegate,這類題的核心不是哪個選項也正確，而是哪個行動最先保護安全。看到 first、priority、new、sudden、worsening，要先找不穩定線索。
378,Question Language,medium-review,Page Unit 378: 題幹語言 / Question Language,english_wording; test_strategy,requires follow-up; further teaching; expected finding; contraindicated; most appropriate,題幹詞控制答題方向。requires follow-up 是找異常或不安全；needs further teaching 是找病人錯誤理解；first 是找最先行動。
379,Pharmacology Safety,high-review,Page Unit 379: 藥理安全 / Pharmacology Safety,pharmacology; knowledge_gap; safety,adverse effect; toxicity; monitor; bleeding risk; patient teaching,藥理題不要只背用途。先問這個藥最怕什麼 harm，需要監測什麼，病人哪句話顯示危險誤解。
380,Maternal-Child Safety,high-review,Page Unit 380: 產兒安全 / Maternal-Child Safety,maternal_safety; cue_recognition; prioritization,heavy lochia; boggy uterus; late decelerations; newborn distress; per protocol,產兒題不是只背週數。先看母體、胎兒或新生兒是否正在失去穩定：出血、胎心、呼吸、血糖、感染與高血壓危象。
381,Mental Health Communication,high-review,Page Unit 381: 精神健康與溝通 / Mental Health Communication,therapeutic_communication; mental_health; safety,therapeutic communication; false reassurance; suicidal ideation; reflection; open-ended question,治療性溝通不是日常安慰。遇到自傷他傷風險，直接評估安全；遇到妄想，不爭辯也不強化妄想。
382,Safety and Infection Control,high-review,Page Unit 382: 安全與感染控制 / Safety and Infection Control,safety_infection; cue_recognition,standard precautions; airborne; contact; aspiration; sepsis,安全題先問 harm 來源：跌倒、誤吸、出血、感染傳播、低氧、敗血症或管路損傷。感染控制先問傳播途徑。
383,NGN Case Reasoning,high-review,Page Unit 383: NGN 病例推理 / NGN Case Reasoning,ngn; clinical_judgment; cue_recognition,recognize cues; analyze cues; take action; evaluate outcomes; trend,NGN 長病例要讀成時間線。不要把所有資料看成同等重要，先找變化，再找主要風險，再選行動與評估結果。
384,OSCE Transition,medium-review,Page Unit 384: OSCE 轉換 / OSCE Transition,osce_transition; communication; clinical_judgment,assessment; escalation; handover; reassessment; documentation,"如果能選對但說不出理由，OSCE 仍有風險。每道錯題都要練一句英文：I am concerned about..., I would assess..., I would escalate..."
385,Priority and Delegation,medium-review,Page Unit 385: 優先順序與委派 / Priority and Delegation,prioritization; delegation_scope; safety,priority; first action; unstable client; RN assessment; delegate,這類題的核心不是哪個選項也正確，而是哪個行動最先保護安全。看到 first、priority、new、sudden、worsening，要先找不穩定線索。
386,Question Language,medium-review,Page Unit 386: 題幹語言 / Question Language,english_wording; test_strategy,requires follow-up; further teaching; expected finding; contraindicated; most appropriate,題幹詞控制答題方向。requires follow-up 是找異常或不安全；needs further teaching 是找病人錯誤理解；first 是找最先行動。
387,Pharmacology Safety,high-review,Page Unit 387: 藥理安全 / Pharmacology Safety,pharmacology; knowledge_gap; safety,adverse effect; toxicity; monitor; bleeding risk; patient teaching,藥理題不要只背用途。先問這個藥最怕什麼 harm，需要監測什麼，病人哪句話顯示危險誤解。
388,Maternal-Child Safety,high-review,Page Unit 388: 產兒安全 / Maternal-Child Safety,maternal_safety; cue_recognition; prioritization,heavy lochia; boggy uterus; late decelerations; newborn distress; per protocol,產兒題不是只背週數。先看母體、胎兒或新生兒是否正在失去穩定：出血、胎心、呼吸、血糖、感染與高血壓危象。
389,Mental Health Communication,high-review,Page Unit 389: 精神健康與溝通 / Mental Health Communication,therapeutic_communication; mental_health; safety,therapeutic communication; false reassurance; suicidal ideation; reflection; open-ended question,治療性溝通不是日常安慰。遇到自傷他傷風險，直接評估安全；遇到妄想，不爭辯也不強化妄想。
390,Safety and Infection Control,high-review,Page Unit 390: 安全與感染控制 / Safety and Infection Control,safety_infection; cue_recognition,standard precautions; airborne; contact; aspiration; sepsis,安全題先問 harm 來源：跌倒、誤吸、出血、感染傳播、低氧、敗血症或管路損傷。感染控制先問傳播途徑。
391,NGN Case Reasoning,high-review,Page Unit 391: NGN 病例推理 / NGN Case Reasoning,ngn; clinical_judgment; cue_recognition,recognize cues; analyze cues; take action; evaluate outcomes; trend,NGN 長病例要讀成時間線。不要把所有資料看成同等重要，先找變化，再找主要風險，再選行動與評估結果。
392,OSCE Transition,medium-review,Page Unit 392: OSCE 轉換 / OSCE Transition,osce_transition; communication; clinical_judgment,assessment; escalation; handover; reassessment; documentation,"如果能選對但說不出理由，OSCE 仍有風險。每道錯題都要練一句英文：I am concerned about..., I would assess..., I would escalate..."
393,Priority and Delegation,medium-review,Page Unit 393: 優先順序與委派 / Priority and Delegation,prioritization; delegation_scope; safety,priority; first action; unstable client; RN assessment; delegate,這類題的核心不是哪個選項也正確，而是哪個行動最先保護安全。看到 first、priority、new、sudden、worsening，要先找不穩定線索。
394,Question Language,medium-review,Page Unit 394: 題幹語言 / Question Language,english_wording; test_strategy,requires follow-up; further teaching; expected finding; contraindicated; most appropriate,題幹詞控制答題方向。requires follow-up 是找異常或不安全；needs further teaching 是找病人錯誤理解；first 是找最先行動。
395,Pharmacology Safety,high-review,Page Unit 395: 藥理安全 / Pharmacology Safety,pharmacology; knowledge_gap; safety,adverse effect; toxicity; monitor; bleeding risk; patient teaching,藥理題不要只背用途。先問這個藥最怕什麼 harm，需要監測什麼，病人哪句話顯示危險誤解。
396,Maternal-Child Safety,high-review,Page Unit 396: 產兒安全 / Maternal-Child Safety,maternal_safety; cue_recognition; prioritization,heavy lochia; boggy uterus; late decelerations; newborn distress; per protocol,產兒題不是只背週數。先看母體、胎兒或新生兒是否正在失去穩定：出血、胎心、呼吸、血糖、感染與高血壓危象。
397,Mental Health Communication,high-review,Page Unit 397: 精神健康與溝通 / Mental Health Communication,therapeutic_communication; mental_health; safety,therapeutic communication; false reassurance; suicidal ideation; reflection; open-ended question,治療性溝通不是日常安慰。遇到自傷他傷風險，直接評估安全；遇到妄想，不爭辯也不強化妄想。
398,Safety and Infection Control,high-review,Page Unit 398: 安全與感染控制 / Safety and Infection Control,safety_infection; cue_recognition,standard precautions; airborne; contact; aspiration; sepsis,安全題先問 harm 來源：跌倒、誤吸、出血、感染傳播、低氧、敗血症或管路損傷。感染控制先問傳播途徑。
399,NGN Case Reasoning,high-review,Page Unit 399: NGN 病例推理 / NGN Case Reasoning,ngn; clinical_judgment; cue_recognition,recognize cues; analyze cues; take action; evaluate outcomes; trend,NGN 長病例要讀成時間線。不要把所有資料看成同等重要，先找變化，再找主要風險，再選行動與評估結果。
400,OSCE Transition,medium-review,Page Unit 400: OSCE 轉換 / OSCE Transition,osce_transition; communication; clinical_judgment,assessment; escalation; handover; reassessment; documentation,"如果能選對但說不出理由，OSCE 仍有風險。每道錯題都要練一句英文：I am concerned about..., I would assess..., I would escalate..."
401,Priority and Delegation,medium-review,Page Unit 401: 優先順序與委派 / Priority and Delegation,prioritization; delegation_scope; safety,priority; first action; unstable client; RN assessment; delegate,這類題的核心不是哪個選項也正確，而是哪個行動最先保護安全。看到 first、priority、new、sudden、worsening，要先找不穩定線索。
402,Question Language,medium-review,Page Unit 402: 題幹語言 / Question Language,english_wording; test_strategy,requires follow-up; further teaching; expected finding; contraindicated; most appropriate,題幹詞控制答題方向。requires follow-up 是找異常或不安全；needs further teaching 是找病人錯誤理解；first 是找最先行動。
403,Pharmacology Safety,high-review,Page Unit 403: 藥理安全 / Pharmacology Safety,pharmacology; knowledge_gap; safety,adverse effect; toxicity; monitor; bleeding risk; patient teaching,藥理題不要只背用途。先問這個藥最怕什麼 harm，需要監測什麼，病人哪句話顯示危險誤解。
404,Maternal-Child Safety,high-review,Page Unit 404: 產兒安全 / Maternal-Child Safety,maternal_safety; cue_recognition; prioritization,heavy lochia; boggy uterus; late decelerations; newborn distress; per protocol,產兒題不是只背週數。先看母體、胎兒或新生兒是否正在失去穩定：出血、胎心、呼吸、血糖、感染與高血壓危象。
405,Mental Health Communication,high-review,Page Unit 405: 精神健康與溝通 / Mental Health Communication,therapeutic_communication; mental_health; safety,therapeutic communication; false reassurance; suicidal ideation; reflection; open-ended question,治療性溝通不是日常安慰。遇到自傷他傷風險，直接評估安全；遇到妄想，不爭辯也不強化妄想。
406,Safety and Infection Control,high-review,Page Unit 406: 安全與感染控制 / Safety and Infection Control,safety_infection; cue_recognition,standard precautions; airborne; contact; aspiration; sepsis,安全題先問 harm 來源：跌倒、誤吸、出血、感染傳播、低氧、敗血症或管路損傷。感染控制先問傳播途徑。
407,NGN Case Reasoning,high-review,Page Unit 407: NGN 病例推理 / NGN Case Reasoning,ngn; clinical_judgment; cue_recognition,recognize cues; analyze cues; take action; evaluate outcomes; trend,NGN 長病例要讀成時間線。不要把所有資料看成同等重要，先找變化，再找主要風險，再選行動與評估結果。
408,OSCE Transition,medium-review,Page Unit 408: OSCE 轉換 / OSCE Transition,osce_transition; communication; clinical_judgment,assessment; escalation; handover; reassessment; documentation,"如果能選對但說不出理由，OSCE 仍有風險。每道錯題都要練一句英文：I am concerned about..., I would assess..., I would escalate..."
409,Priority and Delegation,medium-review,Page Unit 409: 優先順序與委派 / Priority and Delegation,prioritization; delegation_scope; safety,priority; first action; unstable client; RN assessment; delegate,這類題的核心不是哪個選項也正確，而是哪個行動最先保護安全。看到 first、priority、new、sudden、worsening，要先找不穩定線索。
410,Question Language,medium-review,Page Unit 410: 題幹語言 / Question Language,english_wording; test_strategy,requires follow-up; further teaching; expected finding; contraindicated; most appropriate,題幹詞控制答題方向。requires follow-up 是找異常或不安全；needs further teaching 是找病人錯誤理解；first 是找最先行動。
411,Pharmacology Safety,high-review,Page Unit 411: 藥理安全 / Pharmacology Safety,pharmacology; knowledge_gap; safety,adverse effect; toxicity; monitor; bleeding risk; patient teaching,藥理題不要只背用途。先問這個藥最怕什麼 harm，需要監測什麼，病人哪句話顯示危險誤解。
412,Maternal-Child Safety,high-review,Page Unit 412: 產兒安全 / Maternal-Child Safety,maternal_safety; cue_recognition; prioritization,heavy lochia; boggy uterus; late decelerations; newborn distress; per protocol,產兒題不是只背週數。先看母體、胎兒或新生兒是否正在失去穩定：出血、胎心、呼吸、血糖、感染與高血壓危象。
413,Mental Health Communication,high-review,Page Unit 413: 精神健康與溝通 / Mental Health Communication,therapeutic_communication; mental_health; safety,therapeutic communication; false reassurance; suicidal ideation; reflection; open-ended question,治療性溝通不是日常安慰。遇到自傷他傷風險，直接評估安全；遇到妄想，不爭辯也不強化妄想。
414,Safety and Infection Control,high-review,Page Unit 414: 安全與感染控制 / Safety and Infection Control,safety_infection; cue_recognition,standard precautions; airborne; contact; aspiration; sepsis,安全題先問 harm 來源：跌倒、誤吸、出血、感染傳播、低氧、敗血症或管路損傷。感染控制先問傳播途徑。
415,NGN Case Reasoning,high-review,Page Unit 415: NGN 病例推理 / NGN Case Reasoning,ngn; clinical_judgment; cue_recognition,recognize cues; analyze cues; take action; evaluate outcomes; trend,NGN 長病例要讀成時間線。不要把所有資料看成同等重要，先找變化，再找主要風險，再選行動與評估結果。
416,OSCE Transition,medium-review,Page Unit 416: OSCE 轉換 / OSCE Transition,osce_transition; communication; clinical_judgment,assessment; escalation; handover; reassessment; documentation,"如果能選對但說不出理由，OSCE 仍有風險。每道錯題都要練一句英文：I am concerned about..., I would assess..., I would escalate..."
417,Priority and Delegation,medium-review,Page Unit 417: 優先順序與委派 / Priority and Delegation,prioritization; delegation_scope; safety,priority; first action; unstable client; RN assessment; delegate,這類題的核心不是哪個選項也正確，而是哪個行動最先保護安全。看到 first、priority、new、sudden、worsening，要先找不穩定線索。
418,Question Language,medium-review,Page Unit 418: 題幹語言 / Question Language,english_wording; test_strategy,requires follow-up; further teaching; expected finding; contraindicated; most appropriate,題幹詞控制答題方向。requires follow-up 是找異常或不安全；needs further teaching 是找病人錯誤理解；first 是找最先行動。
419,Pharmacology Safety,high-review,Page Unit 419: 藥理安全 / Pharmacology Safety,pharmacology; knowledge_gap; safety,adverse effect; toxicity; monitor; bleeding risk; patient teaching,藥理題不要只背用途。先問這個藥最怕什麼 harm，需要監測什麼，病人哪句話顯示危險誤解。
420,Maternal-Child Safety,high-review,Page Unit 420: 產兒安全 / Maternal-Child Safety,maternal_safety; cue_recognition; prioritization,heavy lochia; boggy uterus; late decelerations; newborn distress; per protocol,產兒題不是只背週數。先看母體、胎兒或新生兒是否正在失去穩定：出血、胎心、呼吸、血糖、感染與高血壓危象。
421,Mental Health Communication,high-review,Page Unit 421: 精神健康與溝通 / Mental Health Communication,therapeutic_communication; mental_health; safety,therapeutic communication; false reassurance; suicidal ideation; reflection; open-ended question,治療性溝通不是日常安慰。遇到自傷他傷風險，直接評估安全；遇到妄想，不爭辯也不強化妄想。
422,Safety and Infection Control,high-review,Page Unit 422: 安全與感染控制 / Safety and Infection Control,safety_infection; cue_recognition,standard precautions; airborne; contact; aspiration; sepsis,安全題先問 harm 來源：跌倒、誤吸、出血、感染傳播、低氧、敗血症或管路損傷。感染控制先問傳播途徑。
423,NGN Case Reasoning,high-review,Page Unit 423: NGN 病例推理 / NGN Case Reasoning,ngn; clinical_judgment; cue_recognition,recognize cues; analyze cues; take action; evaluate outcomes; trend,NGN 長病例要讀成時間線。不要把所有資料看成同等重要，先找變化，再找主要風險，再選行動與評估結果。
424,OSCE Transition,medium-review,Page Unit 424: OSCE 轉換 / OSCE Transition,osce_transition; communication; clinical_judgment,assessment; escalation; handover; reassessment; documentation,"如果能選對但說不出理由，OSCE 仍有風險。每道錯題都要練一句英文：I am concerned about..., I would assess..., I would escalate..."
425,Priority and Delegation,medium-review,Page Unit 425: 優先順序與委派 / Priority and Delegation,prioritization; delegation_scope; safety,priority; first action; unstable client; RN assessment; delegate,這類題的核心不是哪個選項也正確，而是哪個行動最先保護安全。看到 first、priority、new、sudden、worsening，要先找不穩定線索。
426,Question Language,medium-review,Page Unit 426: 題幹語言 / Question Language,english_wording; test_strategy,requires follow-up; further teaching; expected finding; contraindicated; most appropriate,題幹詞控制答題方向。requires follow-up 是找異常或不安全；needs further teaching 是找病人錯誤理解；first 是找最先行動。
427,Pharmacology Safety,high-review,Page Unit 427: 藥理安全 / Pharmacology Safety,pharmacology; knowledge_gap; safety,adverse effect; toxicity; monitor; bleeding risk; patient teaching,藥理題不要只背用途。先問這個藥最怕什麼 harm，需要監測什麼，病人哪句話顯示危險誤解。
428,Maternal-Child Safety,high-review,Page Unit 428: 產兒安全 / Maternal-Child Safety,maternal_safety; cue_recognition; prioritization,heavy lochia; boggy uterus; late decelerations; newborn distress; per protocol,產兒題不是只背週數。先看母體、胎兒或新生兒是否正在失去穩定：出血、胎心、呼吸、血糖、感染與高血壓危象。
429,Mental Health Communication,high-review,Page Unit 429: 精神健康與溝通 / Mental Health Communication,therapeutic_communication; mental_health; safety,therapeutic communication; false reassurance; suicidal ideation; reflection; open-ended question,治療性溝通不是日常安慰。遇到自傷他傷風險，直接評估安全；遇到妄想，不爭辯也不強化妄想。
430,Safety and Infection Control,high-review,Page Unit 430: 安全與感染控制 / Safety and Infection Control,safety_infection; cue_recognition,standard precautions; airborne; contact; aspiration; sepsis,安全題先問 harm 來源：跌倒、誤吸、出血、感染傳播、低氧、敗血症或管路損傷。感染控制先問傳播途徑。
431,NGN Case Reasoning,high-review,Page Unit 431: NGN 病例推理 / NGN Case Reasoning,ngn; clinical_judgment; cue_recognition,recognize cues; analyze cues; take action; evaluate outcomes; trend,NGN 長病例要讀成時間線。不要把所有資料看成同等重要，先找變化，再找主要風險，再選行動與評估結果。
432,OSCE Transition,medium-review,Page Unit 432: OSCE 轉換 / OSCE Transition,osce_transition; communication; clinical_judgment,assessment; escalation; handover; reassessment; documentation,"如果能選對但說不出理由，OSCE 仍有風險。每道錯題都要練一句英文：I am concerned about..., I would assess..., I would escalate..."
433,Priority and Delegation,medium-review,Page Unit 433: 優先順序與委派 / Priority and Delegation,prioritization; delegation_scope; safety,priority; first action; unstable client; RN assessment; delegate,這類題的核心不是哪個選項也正確，而是哪個行動最先保護安全。看到 first、priority、new、sudden、worsening，要先找不穩定線索。
434,Question Language,medium-review,Page Unit 434: 題幹語言 / Question Language,english_wording; test_strategy,requires follow-up; further teaching; expected finding; contraindicated; most appropriate,題幹詞控制答題方向。requires follow-up 是找異常或不安全；needs further teaching 是找病人錯誤理解；first 是找最先行動。
435,Pharmacology Safety,high-review,Page Unit 435: 藥理安全 / Pharmacology Safety,pharmacology; knowledge_gap; safety,adverse effect; toxicity; monitor; bleeding risk; patient teaching,藥理題不要只背用途。先問這個藥最怕什麼 harm，需要監測什麼，病人哪句話顯示危險誤解。
436,Maternal-Child Safety,high-review,Page Unit 436: 產兒安全 / Maternal-Child Safety,maternal_safety; cue_recognition; prioritization,heavy lochia; boggy uterus; late decelerations; newborn distress; per protocol,產兒題不是只背週數。先看母體、胎兒或新生兒是否正在失去穩定：出血、胎心、呼吸、血糖、感染與高血壓危象。
437,Mental Health Communication,high-review,Page Unit 437: 精神健康與溝通 / Mental Health Communication,therapeutic_communication; mental_health; safety,therapeutic communication; false reassurance; suicidal ideation; reflection; open-ended question,治療性溝通不是日常安慰。遇到自傷他傷風險，直接評估安全；遇到妄想，不爭辯也不強化妄想。
438,Safety and Infection Control,high-review,Page Unit 438: 安全與感染控制 / Safety and Infection Control,safety_infection; cue_recognition,standard precautions; airborne; contact; aspiration; sepsis,安全題先問 harm 來源：跌倒、誤吸、出血、感染傳播、低氧、敗血症或管路損傷。感染控制先問傳播途徑。
439,NGN Case Reasoning,high-review,Page Unit 439: NGN 病例推理 / NGN Case Reasoning,ngn; clinical_judgment; cue_recognition,recognize cues; analyze cues; take action; evaluate outcomes; trend,NGN 長病例要讀成時間線。不要把所有資料看成同等重要，先找變化，再找主要風險，再選行動與評估結果。
440,OSCE Transition,medium-review,Page Unit 440: OSCE 轉換 / OSCE Transition,osce_transition; communication; clinical_judgment,assessment; escalation; handover; reassessment; documentation,"如果能選對但說不出理由，OSCE 仍有風險。每道錯題都要練一句英文：I am concerned about..., I would assess..., I would escalate..."
441,Priority and Delegation,medium-review,Page Unit 441: 優先順序與委派 / Priority and Delegation,prioritization; delegation_scope; safety,priority; first action; unstable client; RN assessment; delegate,這類題的核心不是哪個選項也正確，而是哪個行動最先保護安全。看到 first、priority、new、sudden、worsening，要先找不穩定線索。
442,Question Language,medium-review,Page Unit 442: 題幹語言 / Question Language,english_wording; test_strategy,requires follow-up; further teaching; expected finding; contraindicated; most appropriate,題幹詞控制答題方向。requires follow-up 是找異常或不安全；needs further teaching 是找病人錯誤理解；first 是找最先行動。
443,Pharmacology Safety,high-review,Page Unit 443: 藥理安全 / Pharmacology Safety,pharmacology; knowledge_gap; safety,adverse effect; toxicity; monitor; bleeding risk; patient teaching,藥理題不要只背用途。先問這個藥最怕什麼 harm，需要監測什麼，病人哪句話顯示危險誤解。
444,Maternal-Child Safety,high-review,Page Unit 444: 產兒安全 / Maternal-Child Safety,maternal_safety; cue_recognition; prioritization,heavy lochia; boggy uterus; late decelerations; newborn distress; per protocol,產兒題不是只背週數。先看母體、胎兒或新生兒是否正在失去穩定：出血、胎心、呼吸、血糖、感染與高血壓危象。
445,Mental Health Communication,high-review,Page Unit 445: 精神健康與溝通 / Mental Health Communication,therapeutic_communication; mental_health; safety,therapeutic communication; false reassurance; suicidal ideation; reflection; open-ended question,治療性溝通不是日常安慰。遇到自傷他傷風險，直接評估安全；遇到妄想，不爭辯也不強化妄想。
446,Safety and Infection Control,high-review,Page Unit 446: 安全與感染控制 / Safety and Infection Control,safety_infection; cue_recognition,standard precautions; airborne; contact; aspiration; sepsis,安全題先問 harm 來源：跌倒、誤吸、出血、感染傳播、低氧、敗血症或管路損傷。感染控制先問傳播途徑。
447,NGN Case Reasoning,high-review,Page Unit 447: NGN 病例推理 / NGN Case Reasoning,ngn; clinical_judgment; cue_recognition,recognize cues; analyze cues; take action; evaluate outcomes; trend,NGN 長病例要讀成時間線。不要把所有資料看成同等重要，先找變化，再找主要風險，再選行動與評估結果。
448,OSCE Transition,medium-review,Page Unit 448: OSCE 轉換 / OSCE Transition,osce_transition; communication; clinical_judgment,assessment; escalation; handover; reassessment; documentation,"如果能選對但說不出理由，OSCE 仍有風險。每道錯題都要練一句英文：I am concerned about..., I would assess..., I would escalate..."
449,Priority and Delegation,medium-review,Page Unit 449: 優先順序與委派 / Priority and Delegation,prioritization; delegation_scope; safety,priority; first action; unstable client; RN assessment; delegate,這類題的核心不是哪個選項也正確，而是哪個行動最先保護安全。看到 first、priority、new、sudden、worsening，要先找不穩定線索。
450,Question Language,medium-review,Page Unit 450: 題幹語言 / Question Language,english_wording; test_strategy,requires follow-up; further teaching; expected finding; contraindicated; most appropriate,題幹詞控制答題方向。requires follow-up 是找異常或不安全；needs further teaching 是找病人錯誤理解；first 是找最先行動。
451,Pharmacology Safety,high-review,Page Unit 451: 藥理安全 / Pharmacology Safety,pharmacology; knowledge_gap; safety,adverse effect; toxicity; monitor; bleeding risk; patient teaching,藥理題不要只背用途。先問這個藥最怕什麼 harm，需要監測什麼，病人哪句話顯示危險誤解。
452,Maternal-Child Safety,high-review,Page Unit 452: 產兒安全 / Maternal-Child Safety,maternal_safety; cue_recognition; prioritization,heavy lochia; boggy uterus; late decelerations; newborn distress; per protocol,產兒題不是只背週數。先看母體、胎兒或新生兒是否正在失去穩定：出血、胎心、呼吸、血糖、感染與高血壓危象。
453,Mental Health Communication,high-review,Page Unit 453: 精神健康與溝通 / Mental Health Communication,therapeutic_communication; mental_health; safety,therapeutic communication; false reassurance; suicidal ideation; reflection; open-ended question,治療性溝通不是日常安慰。遇到自傷他傷風險，直接評估安全；遇到妄想，不爭辯也不強化妄想。
454,Safety and Infection Control,high-review,Page Unit 454: 安全與感染控制 / Safety and Infection Control,safety_infection; cue_recognition,standard precautions; airborne; contact; aspiration; sepsis,安全題先問 harm 來源：跌倒、誤吸、出血、感染傳播、低氧、敗血症或管路損傷。感染控制先問傳播途徑。
455,NGN Case Reasoning,high-review,Page Unit 455: NGN 病例推理 / NGN Case Reasoning,ngn; clinical_judgment; cue_recognition,recognize cues; analyze cues; take action; evaluate outcomes; trend,NGN 長病例要讀成時間線。不要把所有資料看成同等重要，先找變化，再找主要風險，再選行動與評估結果。
456,OSCE Transition,medium-review,Page Unit 456: OSCE 轉換 / OSCE Transition,osce_transition; communication; clinical_judgment,assessment; escalation; handover; reassessment; documentation,"如果能選對但說不出理由，OSCE 仍有風險。每道錯題都要練一句英文：I am concerned about..., I would assess..., I would escalate..."
457,Priority and Delegation,medium-review,Page Unit 457: 優先順序與委派 / Priority and Delegation,prioritization; delegation_scope; safety,priority; first action; unstable client; RN assessment; delegate,這類題的核心不是哪個選項也正確，而是哪個行動最先保護安全。看到 first、priority、new、sudden、worsening，要先找不穩定線索。
458,Question Language,medium-review,Page Unit 458: 題幹語言 / Question Language,english_wording; test_strategy,requires follow-up; further teaching; expected finding; contraindicated; most appropriate,題幹詞控制答題方向。requires follow-up 是找異常或不安全；needs further teaching 是找病人錯誤理解；first 是找最先行動。
459,Pharmacology Safety,high-review,Page Unit 459: 藥理安全 / Pharmacology Safety,pharmacology; knowledge_gap; safety,adverse effect; toxicity; monitor; bleeding risk; patient teaching,藥理題不要只背用途。先問這個藥最怕什麼 harm，需要監測什麼，病人哪句話顯示危險誤解。
460,Maternal-Child Safety,high-review,Page Unit 460: 產兒安全 / Maternal-Child Safety,maternal_safety; cue_recognition; prioritization,heavy lochia; boggy uterus; late decelerations; newborn distress; per protocol,產兒題不是只背週數。先看母體、胎兒或新生兒是否正在失去穩定：出血、胎心、呼吸、血糖、感染與高血壓危象。
461,Mental Health Communication,high-review,Page Unit 461: 精神健康與溝通 / Mental Health Communication,therapeutic_communication; mental_health; safety,therapeutic communication; false reassurance; suicidal ideation; reflection; open-ended question,治療性溝通不是日常安慰。遇到自傷他傷風險，直接評估安全；遇到妄想，不爭辯也不強化妄想。
462,Safety and Infection Control,high-review,Page Unit 462: 安全與感染控制 / Safety and Infection Control,safety_infection; cue_recognition,standard precautions; airborne; contact; aspiration; sepsis,安全題先問 harm 來源：跌倒、誤吸、出血、感染傳播、低氧、敗血症或管路損傷。感染控制先問傳播途徑。
463,NGN Case Reasoning,high-review,Page Unit 463: NGN 病例推理 / NGN Case Reasoning,ngn; clinical_judgment; cue_recognition,recognize cues; analyze cues; take action; evaluate outcomes; trend,NGN 長病例要讀成時間線。不要把所有資料看成同等重要，先找變化，再找主要風險，再選行動與評估結果。
464,OSCE Transition,medium-review,Page Unit 464: OSCE 轉換 / OSCE Transition,osce_transition; communication; clinical_judgment,assessment; escalation; handover; reassessment; documentation,"如果能選對但說不出理由，OSCE 仍有風險。每道錯題都要練一句英文：I am concerned about..., I would assess..., I would escalate..."
465,Priority and Delegation,medium-review,Page Unit 465: 優先順序與委派 / Priority and Delegation,prioritization; delegation_scope; safety,priority; first action; unstable client; RN assessment; delegate,這類題的核心不是哪個選項也正確，而是哪個行動最先保護安全。看到 first、priority、new、sudden、worsening，要先找不穩定線索。
466,Question Language,medium-review,Page Unit 466: 題幹語言 / Question Language,english_wording; test_strategy,requires follow-up; further teaching; expected finding; contraindicated; most appropriate,題幹詞控制答題方向。requires follow-up 是找異常或不安全；needs further teaching 是找病人錯誤理解；first 是找最先行動。
467,Pharmacology Safety,high-review,Page Unit 467: 藥理安全 / Pharmacology Safety,pharmacology; knowledge_gap; safety,adverse effect; toxicity; monitor; bleeding risk; patient teaching,藥理題不要只背用途。先問這個藥最怕什麼 harm，需要監測什麼，病人哪句話顯示危險誤解。
468,Maternal-Child Safety,high-review,Page Unit 468: 產兒安全 / Maternal-Child Safety,maternal_safety; cue_recognition; prioritization,heavy lochia; boggy uterus; late decelerations; newborn distress; per protocol,產兒題不是只背週數。先看母體、胎兒或新生兒是否正在失去穩定：出血、胎心、呼吸、血糖、感染與高血壓危象。
469,Mental Health Communication,high-review,Page Unit 469: 精神健康與溝通 / Mental Health Communication,therapeutic_communication; mental_health; safety,therapeutic communication; false reassurance; suicidal ideation; reflection; open-ended question,治療性溝通不是日常安慰。遇到自傷他傷風險，直接評估安全；遇到妄想，不爭辯也不強化妄想。
470,Safety and Infection Control,high-review,Page Unit 470: 安全與感染控制 / Safety and Infection Control,safety_infection; cue_recognition,standard precautions; airborne; contact; aspiration; sepsis,安全題先問 harm 來源：跌倒、誤吸、出血、感染傳播、低氧、敗血症或管路損傷。感染控制先問傳播途徑。